nb_inscr_eur;nb_abs_eur;nb_inscr_leg;nb_abs_leg;nb_part_eur;nb_part_leg;écart_part;rapport_part
1099;456;1080;299;643;781;138;1.2146189735614308
1232;537;1211;307;695;904;209;1.3007194244604317
1225;468;1211;337;757;874;117;1.154557463672391
1310;569;1295;383;741;912;171;1.2307692307692308
1090;444;1077;254;646;823;177;1.2739938080495357
1281;490;1267;346;791;921;130;1.1643489254108723
1127;397;1109;287;730;822;92;1.126027397260274
1000;439;973;285;561;688;127;1.2263814616755793
962;379;934;262;583;672;89;1.1526586620926245
922;391;895;235;531;660;129;1.2429378531073447
1095;460;1084;294;635;790;155;1.2440944881889764
1062;383;1049;227;679;822;143;1.21060382916053
895;365;883;257;530;626;96;1.181132075471698
1593;696;1553;408;897;1145;248;1.2764771460423634
1483;586;1456;359;897;1097;200;1.2229654403567447
1499;563;1471;342;936;1129;193;1.2061965811965811
1558;632;1530;382;926;1148;222;1.2397408207343412
1801;783;1782;503;1018;1279;261;1.256385068762279
1799;771;1792;501;1028;1291;263;1.2558365758754864
1409;518;1394;321;891;1073;182;1.2042648709315376
1454;579;1439;344;875;1095;220;1.2514285714285713
1598;613;1580;356;985;1224;239;1.2426395939086294
1319;502;1287;287;817;1000;183;1.2239902080783354
1442;532;1428;323;910;1105;195;1.2142857142857142
1331;517;1496;332;814;1164;350;1.42997542997543
1505;550;1312;298;955;1014;59;1.0617801047120419
1509;519;1483;306;990;1177;187;1.1888888888888889
1374;469;1355;292;905;1063;158;1.174585635359116
1651;672;1633;456;979;1177;198;1.202247191011236
1727;726;1702;440;1001;1262;261;1.2607392607392607
1610;619;1570;363;991;1207;216;1.2179616548940464
1515;669;1496;421;846;1075;229;1.2706855791962175
1560;651;1535;408;909;1127;218;1.2398239823982398
1692;600;1659;365;1092;1294;202;1.184981684981685
1494;573;1471;353;921;1118;197;1.213897937024973
1288;554;1259;364;734;895;161;1.2193460490463215
1174;411;1160;287;763;873;110;1.144167758846658
1465;569;1433;365;896;1068;172;1.1919642857142858
1359;482;1341;339;877;1002;125;1.1425313568985176
1486;505;1467;321;981;1146;165;1.1681957186544343
1703;624;1673;391;1079;1282;203;1.1881371640407785
1353;507;1323;295;846;1028;182;1.215130023640662
1762;691;1737;459;1071;1278;207;1.1932773109243697
1151;420;1131;274;731;857;126;1.1723666210670314
1007;403;986;245;604;741;137;1.2268211920529801
1084;412;1064;256;672;808;136;1.2023809523809523
1263;426;1240;274;837;966;129;1.1541218637992832
1682;688;1651;428;994;1223;229;1.2303822937625755
1285;498;1262;332;787;930;143;1.181702668360864
1183;925;0;0;258;0;-258;0.0
1535;569;1504;340;966;1164;198;1.204968944099379
1611;559;1590;377;1052;1213;161;1.153041825095057
1729;715;1697;452;1014;1245;231;1.227810650887574
1479;545;1455;344;934;1111;177;1.189507494646681
1313;470;1293;286;843;1007;164;1.1945432977461448
1429;506;1406;322;923;1084;161;1.1744312026002166
1544;528;1531;347;1016;1184;168;1.1653543307086613
1583;506;1568;316;1077;1252;175;1.1624883936861652
1764;528;1733;322;1236;1411;175;1.1415857605177993
1573;527;1543;319;1046;1224;178;1.1701720841300192
1584;529;1551;309;1055;1242;187;1.1772511848341232
1557;508;1526;321;1049;1205;156;1.1487130600571973
1637;635;1628;390;1002;1238;236;1.2355289421157685
1338;485;1318;307;853;1011;158;1.1852286049237983
1644;577;1617;361;1067;1256;189;1.1771321462043112
1549;510;1520;324;1039;1196;157;1.151106833493744
1446;482;1435;340;964;1095;131;1.1358921161825726
1323;474;1297;323;849;974;125;1.1472320376914016
1409;486;1391;310;923;1081;158;1.171180931744312
1538;581;1501;362;957;1139;182;1.1901776384535006
1641;597;1615;386;1044;1229;185;1.1772030651340997
1425;479;1401;327;946;1074;128;1.135306553911205
1483;524;1458;334;959;1124;165;1.1720542231491136
1524;540;1505;294;984;1211;227;1.2306910569105691
1637;588;1617;366;1049;1251;202;1.19256434699714
1296;480;1281;307;816;974;158;1.1936274509803921
1333;483;1308;311;850;997;147;1.1729411764705882
1396;552;1373;359;844;1014;170;1.2014218009478672
1105;421;1029;256;684;773;89;1.1301169590643274
1253;466;1112;217;787;895;108;1.1372299872935197
1235;500;1088;286;735;802;67;1.091156462585034
1045;403;1229;318;642;911;269;1.4190031152647975
1053;423;1219;328;630;891;261;1.4142857142857144
918;362;1043;256;556;787;231;1.4154676258992807
1138;364;908;251;774;657;-117;0.8488372093023255
1326;486;989;245;840;744;-96;0.8857142857142857
1177;375;1171;250;802;921;119;1.1483790523690773
1372;461;1354;286;911;1068;157;1.172338090010977
1285;500;1263;295;785;968;183;1.2331210191082802
1269;444;1260;295;825;965;140;1.1696969696969697
1582;593;1564;398;989;1166;177;1.17896865520728
1541;533;1529;326;1008;1203;195;1.193452380952381
1066;343;1051;212;723;839;116;1.1604426002766253
1053;329;1030;193;724;837;113;1.1560773480662982
1207;390;1191;267;817;924;107;1.130966952264382
1186;397;1179;267;789;912;123;1.155893536121673
1325;424;1330;263;901;1067;166;1.1842397336293007
1007;381;1376;340;626;1036;410;1.6549520766773163
1398;536;1320;342;862;978;116;1.134570765661253
1339;526;1293;211;813;1082;269;1.3308733087330873
1324;540;1359;413;784;946;162;1.2066326530612246
1390;524;1425;395;866;1030;164;1.1893764434180139
1450;527;1385;328;923;1057;134;1.1451787648970748
1415;516;1545;345;899;1200;301;1.3348164627363737
1586;535;1424;318;1051;1106;55;1.0523311132254995
1270;448;1249;273;822;976;154;1.1873479318734794
1596;607;1577;425;989;1152;163;1.1648129423660263
1238;380;1215;263;858;952;94;1.1095571095571095
1289;467;1267;301;822;966;144;1.1751824817518248
1229;403;1220;234;826;986;160;1.1937046004842615
1404;504;1388;333;900;1055;155;1.1722222222222223
1444;488;1444;306;956;1138;182;1.1903765690376569
1465;514;1336;339;951;997;46;1.0483701366982123
1349;539;1438;387;810;1051;241;1.297530864197531
1465;595;1252;335;870;917;47;1.054022988505747
1282;498;1259;303;784;956;172;1.219387755102041
1284;507;1550;416;777;1134;357;1.4594594594594594
1577;589;1330;353;988;977;-11;0.9888663967611336
1345;548;1175;297;797;878;81;1.1016311166875785
1203;442;1142;316;761;826;65;1.0854139290407359
1157;474;1247;314;683;933;250;1.3660322108345535
1265;505;1545;1545;760;0;-760;0.0
1610;630;1573;383;980;1190;210;1.2142857142857142
1408;568;1394;369;840;1025;185;1.2202380952380953
1472;467;1439;295;1005;1144;139;1.1383084577114428
1457;575;1427;355;882;1072;190;1.215419501133787
1683;573;1660;381;1110;1279;169;1.1522522522522523
1456;460;1438;295;996;1143;147;1.1475903614457832
1570;545;1552;336;1025;1216;191;1.186341463414634
1513;540;1490;311;973;1179;206;1.211716341212744
1707;581;1694;400;1126;1294;168;1.1492007104795736
1098;509;1083;326;589;757;168;1.2852292020373515
1150;449;1139;296;701;843;142;1.2025677603423681
1342;597;1323;414;745;909;164;1.2201342281879195
1517;677;1498;459;840;1039;199;1.236904761904762
1542;695;1526;455;847;1071;224;1.2644628099173554
1603;686;1585;444;917;1141;224;1.2442748091603053
1669;637;1662;478;1032;1184;152;1.1472868217054264
917;485;900;358;432;542;110;1.2546296296296295
937;465;921;326;472;595;123;1.2605932203389831
1348;546;1322;354;802;968;166;1.2069825436408979
1507;557;1491;341;950;1150;200;1.2105263157894737
1531;590;1509;379;941;1130;189;1.2008501594048884
1501;554;1482;339;947;1143;196;1.2069693769799366
1509;557;1493;315;952;1178;226;1.2373949579831933
1444;566;1422;336;878;1086;208;1.2369020501138952
1448;634;1432;400;814;1032;218;1.2678132678132679
1583;531;1561;318;1052;1243;191;1.1815589353612168
1372;458;1363;298;914;1065;151;1.1652078774617067
1541;503;1526;304;1038;1222;184;1.1772639691714837
1507;504;1495;312;1003;1183;180;1.1794616151545363
1481;507;1457;309;974;1148;174;1.1786447638603696
1597;628;1576;385;969;1191;222;1.2291021671826625
1656;556;1636;362;1100;1274;174;1.1581818181818182
1470;500;1468;317;970;1151;181;1.18659793814433
1417;475;1405;282;942;1123;181;1.1921443736730362
1448;524;1435;321;924;1114;190;1.2056277056277056
1572;556;1544;353;1016;1191;175;1.172244094488189
1507;552;1498;366;955;1132;177;1.1853403141361256
1513;510;1491;306;1003;1185;182;1.181455633100698
1567;568;1550;322;999;1228;229;1.2292292292292293
1421;501;1406;286;920;1120;200;1.2173913043478262
1413;544;1397;334;869;1063;194;1.2232451093210588
1504;524;1492;333;980;1159;179;1.1826530612244899
1662;642;1639;394;1020;1245;225;1.2205882352941178
1574;552;1545;342;1022;1203;181;1.1771037181996087
1666;604;1644;398;1062;1246;184;1.1732580037664784
1675;599;1648;392;1076;1256;180;1.1672862453531598
1611;567;1597;370;1044;1227;183;1.1752873563218391
1625;600;1585;357;1025;1228;203;1.1980487804878048
1424;573;1396;353;851;1043;192;1.2256169212690953
1392;519;1385;322;873;1063;190;1.2176403207331041
1495;539;1479;346;956;1133;177;1.1851464435146444
1325;526;1318;332;799;986;187;1.2340425531914894
1641;617;1620;391;1024;1229;205;1.2001953125
1659;649;1633;384;1010;1249;239;1.2366336633663366
1542;521;1515;327;1021;1188;167;1.1635651322233105
1630;643;1601;416;987;1185;198;1.2006079027355623
1657;678;1626;434;979;1192;213;1.2175689479060265
1692;773;1682;507;919;1175;256;1.278563656147987
1708;691;1690;447;1017;1243;226;1.2222222222222223
1469;570;1455;384;899;1071;172;1.1913236929922135
1455;555;1444;364;900;1080;180;1.2
1346;638;1335;440;708;895;187;1.2641242937853108
1441;688;1424;468;753;956;203;1.2695883134130146
1324;577;1310;410;747;900;153;1.2048192771084338
1311;507;1296;326;804;970;166;1.2064676616915422
1438;659;1423;410;779;1013;234;1.300385109114249
1502;525;1484;294;977;1190;213;1.218014329580348
1318;477;1297;306;841;991;150;1.1783590963139121
1317;521;1300;311;796;989;193;1.2424623115577889
1370;530;1349;344;840;1005;165;1.1964285714285714
1295;467;1268;283;828;985;157;1.1896135265700483
1523;655;1499;429;868;1070;202;1.2327188940092166
1394;487;1376;325;907;1051;144;1.1587651598676958
1499;500;1491;335;999;1156;157;1.157157157157157
1495;559;1473;348;936;1125;189;1.2019230769230769
1241;482;1230;293;759;937;178;1.2345191040843215
1344;532;1323;325;812;998;186;1.229064039408867
1518;592;1491;406;926;1085;159;1.1717062634989202
1516;618;1512;369;898;1143;245;1.2728285077951003
1391;521;1386;329;870;1057;187;1.2149425287356321
1451;516;1437;275;935;1162;227;1.2427807486631015
1332;516;1315;303;816;1012;196;1.2401960784313726
1644;587;1625;341;1057;1284;227;1.2147587511825921
1709;693;1687;443;1016;1244;228;1.2244094488188977
1857;728;1843;462;1129;1381;252;1.2232063773250665
1634;569;1608;265;1065;1343;278;1.2610328638497652
1623;658;1618;371;965;1247;282;1.2922279792746114
1723;640;1717;230;1083;1487;404;1.3730378578024007
1790;660;1773;442;1130;1331;201;1.1778761061946903
1719;588;1723;360;1131;1363;232;1.205128205128205
1603;612;1587;128;991;1459;468;1.472250252270434
1575;580;1568;224;995;1344;349;1.350753768844221
1694;572;1682;368;1122;1314;192;1.1711229946524064
1660;633;1654;423;1027;1231;204;1.198636806231743
1934;735;1911;695;1199;1216;17;1.0141784820683903
1723;601;1694;799;1122;895;-227;0.7976827094474154
1797;683;1773;900;1114;873;-241;0.7836624775583483
1887;666;1862;794;1221;1068;-153;0.8746928746928747
1708;558;1712;710;1150;1002;-148;0.871304347826087
1555;471;1539;393;1084;1146;62;1.0571955719557196
1563;521;1549;741;1042;808;-234;0.7754318618042226
1678;645;1654;688;1033;966;-67;0.9351403678606002
1527;576;1514;584;951;930;-21;0.9779179810725552
1720;603;1705;423;1117;1282;165;1.1477170993733214
1582;545;1568;540;1037;1028;-9;0.991321118611379
1748;611;1728;450;1137;1278;141;1.1240105540897098
1702;640;1682;825;1062;857;-205;0.8069679849340866
1833;680;1813;1072;1153;741;-412;0.6426712922810061
1810;645;1801;578;1165;1223;58;1.049785407725322
1819;636;1814;687;1183;1127;-56;0.9526627218934911
1774;560;1744;314;1214;1430;216;1.1779242174629325
1760;682;1723;435;1078;1288;210;1.1948051948051948
1908;778;1892;453;1130;1439;309;1.2734513274336283
1859;747;1844;492;1112;1352;240;1.2158273381294964
1962;971;1944;635;991;1309;318;1.3208879919273462
1956;816;1942;578;1140;1364;224;1.1964912280701754
1943;729;1922;465;1214;1457;243;1.200164744645799
1818;822;1826;555;996;1271;275;1.2761044176706828
1719;641;1697;401;1078;1296;218;1.202226345083488
1712;630;1715;391;1082;1324;242;1.2236598890942698
1608;575;1586;365;1033;1221;188;1.1819941916747339
1814;688;1798;405;1126;1393;267;1.2371225577264653
1491;546;1480;379;945;1101;156;1.1650793650793652
1510;617;1509;430;893;1079;186;1.2082866741321387
1800;790;1790;514;1010;1276;266;1.2633663366336634
1559;688;1534;467;871;1067;196;1.225028702640643
1791;735;1785;466;1056;1319;263;1.2490530303030303
1790;668;1779;448;1122;1331;209;1.1862745098039216
1599;547;1601;355;1052;1246;194;1.1844106463878328
1879;851;1869;614;1028;1255;227;1.2208171206225682
1812;755;1800;516;1057;1284;227;1.2147587511825921
1770;575;1763;383;1195;1380;185;1.1548117154811715
1799;642;1784;426;1157;1358;201;1.1737251512532412
1808;593;1775;397;1215;1378;163;1.134156378600823
1775;622;1750;412;1153;1338;185;1.1604509973980919
1821;635;1803;384;1186;1419;233;1.1964586846543002
1821;579;1797;355;1242;1442;200;1.1610305958132046
1655;654;1636;431;1001;1205;204;1.2037962037962038
1761;657;1751;408;1104;1343;239;1.2164855072463767
1106;393;1103;269;713;834;121;1.1697054698457223
1317;503;1310;337;814;973;159;1.1953316953316953
1614;626;1598;397;988;1201;213;1.215587044534413
1487;619;1479;418;868;1061;193;1.2223502304147464
1501;515;1494;375;986;1119;133;1.1348884381338742
1457;619;1448;411;838;1037;199;1.2374701670644392
1507;481;1496;309;1026;1187;161;1.1569200779727096
1466;592;1464;419;874;1045;171;1.1956521739130435
1639;766;1627;508;873;1119;246;1.2817869415807561
1571;635;1553;430;936;1123;187;1.1997863247863247
1307;473;1298;347;834;951;117;1.1402877697841727
1966;703;1957;426;1263;1531;268;1.2121931908155186
1497;491;1482;310;1006;1172;166;1.1650099403578529
1408;528;1397;364;880;1033;153;1.1738636363636363
1648;687;1629;455;961;1174;213;1.2216441207075963
1386;491;1362;303;895;1059;164;1.1832402234636872
1337;464;1319;297;873;1022;149;1.170675830469645
1456;453;1440;296;1003;1144;141;1.1405782652043868
1519;623;1498;436;896;1062;166;1.1852678571428572
1373;470;1360;316;903;1044;141;1.1561461794019934
1629;604;1633;386;1025;1247;222;1.2165853658536585
1612;778;1598;485;834;1113;279;1.3345323741007193
1318;569;1317;391;749;926;177;1.2363150867823764
1423;590;1420;373;833;1047;214;1.2569027611044419
1608;643;1590;415;965;1175;210;1.217616580310881
1438;552;1426;373;886;1053;167;1.1884875846501128
1435;560;1429;367;875;1062;187;1.2137142857142857
1554;665;1539;488;889;1051;162;1.1822272215973004
1194;499;1186;356;695;830;135;1.1942446043165467
1439;495;1439;343;944;1096;152;1.1610169491525424
1437;526;1422;355;911;1067;156;1.1712403951701427
1459;510;1446;337;949;1109;160;1.1685985247629083
1529;566;1525;402;963;1123;160;1.1661474558670821
1550;530;1540;344;1020;1196;176;1.1725490196078432
1466;474;1452;296;992;1156;164;1.1653225806451613
1413;614;1410;417;799;993;194;1.2428035043804755
1399;629;1395;421;770;974;204;1.264935064935065
1579;612;1584;406;967;1178;211;1.218200620475698
1242;472;1231;314;770;917;147;1.190909090909091
1348;449;1345;308;899;1037;138;1.153503893214683
1369;473;1348;309;896;1039;143;1.1595982142857142
1627;627;1616;409;1000;1207;207;1.207
948;459;940;301;489;639;150;1.3067484662576687
1415;567;1396;415;848;981;133;1.1568396226415094
1366;706;1356;464;660;892;232;1.3515151515151516
1527;646;1521;430;881;1091;210;1.2383654937570943
1515;727;1501;455;788;1046;258;1.3274111675126903
1553;700;1532;465;853;1067;214;1.2508792497069168
1661;618;1637;417;1043;1220;177;1.1697027804410354
1639;727;1614;454;912;1160;248;1.2719298245614035
1599;722;1592;576;877;1016;139;1.1584948688711516
1297;463;1281;27;834;1254;420;1.5035971223021583
1712;628;1682;744;1084;938;-146;0.8653136531365314
1365;593;1356;-64;772;1420;648;1.839378238341969
1811;637;1793;848;1174;945;-229;0.8049403747870528
1207;425;1198;21;782;1177;395;1.5051150895140666
1568;607;1550;449;961;1101;140;1.145681581685744
1475;542;1466;485;933;981;48;1.0514469453376205
1300;479;1292;276;821;1016;195;1.2375152253349573
1417;572;1392;201;845;1191;346;1.4094674556213018
1467;566;1464;348;901;1116;215;1.2386237513873475
1519;484;1498;482;1035;1016;-19;0.9816425120772947
1452;642;1187;936;810;251;-559;0.30987654320987656
1304;428;1294;266;876;1028;152;1.17351598173516
1732;592;1712;380;1140;1332;192;1.168421052631579
1474;590;1461;414;884;1047;163;1.1843891402714932
1634;672;1627;430;962;1197;235;1.2442827442827442
1324;589;1325;397;735;928;193;1.2625850340136053
1545;560;1540;376;985;1164;179;1.1817258883248731
1222;438;1195;291;784;904;120;1.153061224489796
1712;753;1694;508;959;1186;227;1.2367049009384776
1513;579;1499;408;934;1091;157;1.1680942184154175
1240;543;1233;389;697;844;147;1.2109038737446198
1311;581;1314;395;730;919;189;1.2589041095890412
1525;740;1512;515;785;997;212;1.2700636942675159
1461;691;1455;452;770;1003;233;1.3025974025974025
1721;619;1705;409;1102;1296;194;1.176043557168784
1471;682;1453;462;789;991;202;1.256020278833967
1771;962;1769;641;809;1128;319;1.3943139678615575
1996;922;1987;612;1074;1375;301;1.2802607076350092
1685;722;1674;500;963;1174;211;1.2191069574247144
1513;703;1514;496;810;1018;208;1.2567901234567902
1866;971;1863;663;895;1200;305;1.3407821229050279
1888;1107;1887;729;781;1158;377;1.4827144686299616
1645;975;1637;612;670;1025;355;1.5298507462686568
1720;981;1706;733;739;973;234;1.3166441136671176
1513;668;1499;419;845;1080;235;1.2781065088757397
1473;686;1464;471;787;993;206;1.2617534942820838
1732;954;1714;655;778;1059;281;1.3611825192802056
1801;777;1784;512;1024;1272;248;1.2421875
1868;784;1876;513;1084;1363;279;1.257380073800738
1790;663;1768;466;1127;1302;175;1.15527950310559
1298;669;1291;463;629;828;199;1.3163751987281398
1743;693;1724;457;1050;1267;217;1.2066666666666668
1336;477;1327;333;859;994;135;1.1571594877764844
1733;783;1726;532;950;1194;244;1.256842105263158
760;420;772;285;340;487;147;1.4323529411764706
1601;576;1596;358;1025;1238;213;1.2078048780487805
1312;582;1302;372;730;930;200;1.273972602739726
1483;528;1454;366;955;1088;133;1.1392670157068063
1875;963;1861;624;912;1237;325;1.356359649122807
1451;720;1449;463;731;986;255;1.3488372093023255
1915;942;1899;623;973;1276;303;1.3114080164439876
1617;534;1600;344;1083;1256;173;1.159741458910434
1815;771;1803;510;1044;1293;249;1.2385057471264367
1605;851;1597;572;754;1025;271;1.3594164456233422
1757;711;1735;432;1046;1303;257;1.245697896749522
1593;794;1591;580;799;1011;212;1.265331664580726
1615;818;1602;547;797;1055;258;1.3237139272271017
1651;838;1647;578;813;1069;256;1.3148831488314883
1847;634;1827;409;1213;1418;205;1.169002473206925
1768;692;1749;467;1076;1282;206;1.191449814126394
1757;555;1743;361;1202;1382;180;1.1497504159733778
1731;554;1725;353;1177;1372;195;1.1656754460492778
1700;609;1676;420;1091;1256;165;1.151237396883593
1388;443;1379;293;945;1086;141;1.1492063492063491
1361;587;1343;412;774;931;157;1.202842377260982
1742;587;1726;393;1155;1333;178;1.154112554112554
1285;519;1285;355;766;930;164;1.2140992167101827
1699;603;1680;391;1096;1289;193;1.176094890510949
1596;569;1587;400;1027;1187;160;1.1557935735150926
1648;596;1628;402;1052;1226;174;1.1653992395437263
1837;714;1827;467;1123;1360;237;1.2110418521816564
1619;634;1599;413;985;1186;201;1.2040609137055838
1623;533;1608;330;1090;1278;188;1.1724770642201834
1669;527;1635;360;1142;1275;133;1.11646234676007
1334;374;1325;266;960;1059;99;1.103125
1395;537;1375;368;858;1007;149;1.1736596736596736
1782;562;1766;361;1220;1405;185;1.151639344262295
1814;629;1794;398;1185;1396;211;1.1780590717299577
1583;550;1550;364;1033;1186;153;1.14811229428848
1624;642;1625;440;982;1185;203;1.2067209775967414
1452;551;1441;331;901;1110;209;1.2319644839067703
1186;473;1183;320;713;863;150;1.2103786816269284
1213;522;1227;333;691;894;203;1.2937771345875542
1343;545;1342;357;798;985;187;1.2343358395989974
1370;459;1351;263;911;1088;177;1.1942919868276618
1482;511;1462;334;971;1128;157;1.1616889804325439
1518;482;1514;286;1036;1228;192;1.1853281853281854
1561;604;1536;344;957;1192;235;1.2455590386624869
1412;451;1392;295;961;1097;136;1.141519250780437
1476;502;1446;286;974;1160;186;1.1909650924024642
1518;475;1499;305;1043;1194;151;1.1447746883988494
1478;462;1441;270;1016;1171;155;1.1525590551181102
1582;512;1567;319;1070;1248;178;1.1663551401869159
1439;590;1424;404;849;1020;171;1.2014134275618376
1446;454;1425;300;992;1125;133;1.1340725806451613
1584;560;1574;390;1024;1184;160;1.15625
1539;525;1518;334;1014;1184;170;1.1676528599605522
1625;544;1606;347;1081;1259;178;1.1646623496762256
1611;606;1599;397;1005;1202;197;1.1960199004975125
1506;596;1494;382;910;1112;202;1.221978021978022
1515;552;1489;331;963;1158;195;1.2024922118380061
1650;649;1629;423;1001;1206;205;1.2047952047952049
1753;740;1727;489;1013;1238;225;1.2221125370187562
1402;604;1388;401;798;987;189;1.236842105263158
1488;752;1467;513;736;954;218;1.296195652173913
1534;642;1516;412;892;1104;212;1.2376681614349776
1556;589;1534;404;967;1130;163;1.1685625646328852
1625;577;1610;395;1048;1215;167;1.159351145038168
1540;521;1526;320;1019;1206;187;1.18351324828263
1324;472;1312;325;852;987;135;1.158450704225352
1111;392;1098;243;719;855;136;1.1891515994436717
1562;515;1542;350;1047;1192;145;1.1384909264565426
1677;576;1656;327;1101;1329;228;1.20708446866485
1417;529;1402;342;888;1060;172;1.1936936936936937
1490;473;1476;294;1017;1182;165;1.1622418879056047
1397;461;1383;300;936;1083;147;1.1570512820512822
1581;563;1554;381;1018;1173;155;1.1522593320235757
1392;436;1383;283;956;1100;144;1.1506276150627615
1504;518;1479;315;986;1164;178;1.18052738336714
1328;578;1314;390;750;924;174;1.232
1616;579;1597;394;1037;1203;166;1.1600771456123433
1244;452;1230;264;792;966;174;1.2196969696969697
1489;543;1480;360;946;1120;174;1.1839323467230445
1567;560;1547;382;1007;1165;158;1.156901688182721
1861;751;1784;463;1110;1321;211;1.1900900900900901
1212;512;1196;320;700;876;176;1.2514285714285713
1538;564;1516;370;974;1146;172;1.1765913757700206
1343;599;1334;401;744;933;189;1.2540322580645162
1239;633;1220;404;606;816;210;1.3465346534653466
1422;467;1404;314;955;1090;135;1.1413612565445026
1427;576;1419;423;851;996;145;1.1703877790834312
1549;700;1539;480;849;1059;210;1.2473498233215548
1680;620;1674;408;1060;1266;206;1.1943396226415095
1547;542;1531;357;1005;1174;169;1.1681592039800994
1419;609;1411;420;810;991;181;1.2234567901234568
1544;799;1531;527;745;1004;259;1.3476510067114094
1485;734;1482;559;751;923;172;1.2290279627163783
1534;653;1524;452;881;1072;191;1.2167990919409761
1815;803;1810;586;1012;1224;212;1.209486166007905
1463;772;1461;533;691;928;237;1.3429811866859624
1534;942;1523;659;592;864;272;1.4594594594594594
1357;564;1344;400;793;944;151;1.1904161412358134
1239;474;1219;296;765;923;158;1.2065359477124182
1364;490;1344;280;874;1064;190;1.2173913043478262
1325;512;1706;443;813;1263;450;1.5535055350553506
1736;688;1383;330;1048;1053;5;1.0047709923664123
1739;730;1613;455;1009;1158;149;1.1476709613478693
1776;712;1313;327;1064;986;-78;0.9266917293233082
1603;623;1718;462;980;1256;276;1.2816326530612245
1386;438;1491;309;948;1182;234;1.2468354430379747
1580;611;1595;386;969;1209;240;1.2476780185758514
1637;715;1601;369;922;1232;310;1.3362255965292842
1606;648;1587;424;958;1163;205;1.2139874739039667
1737;594;1471;428;1143;1043;-100;0.9125109361329834
1687;661;1487;357;1026;1130;104;1.101364522417154
1799;725;1554;366;1074;1188;114;1.106145251396648
1525;634;1500;341;891;1159;268;1.3007856341189674
1785;661;1557;338;1124;1219;95;1.0845195729537367
1594;623;1549;297;971;1252;281;1.2893923789907311
1448;485;1581;340;963;1241;278;1.288681204569055
1268;469;1609;374;799;1235;436;1.5456821026282854
1411;537;1689;433;874;1256;382;1.437070938215103
1477;523;1635;347;954;1288;334;1.350104821802935
1464;525;1567;335;939;1232;293;1.3120340788072418
1513;492;1588;447;1021;1141;120;1.117531831537708
1615;559;1518;564;1056;954;-102;0.9034090909090909
1625;538;1526;442;1087;1084;-3;0.9972401103955841
1632;675;1577;396;957;1181;224;1.2340647857889238
1483;645;1057;310;838;747;-91;0.8914081145584726
1501;548;1770;455;953;1315;362;1.379853095487933
1574;541;1577;415;1033;1162;129;1.1248789932236205
1531;506;1364;285;1025;1079;54;1.0526829268292683
1583;542;1573;390;1041;1183;142;1.1364073006724305
1561;492;1633;493;1069;1140;71;1.0664172123479887
1597;534;1607;425;1063;1182;119;1.1119473189087488
1619;573;1716;382;1046;1334;288;1.2753346080305927
1697;704;1671;412;993;1259;266;1.2678751258811682
1643;571;1785;505;1072;1280;208;1.1940298507462686
1584;563;1508;471;1021;1037;16;1.0156709108716944
1612;682;1769;403;930;1366;436;1.4688172043010752
1530;797;1575;399;733;1176;443;1.6043656207366985
1533;672;1433;306;861;1127;266;1.3089430894308942
1584;599;1256;311;985;945;-40;0.9593908629441624
1070;424;1403;340;646;1063;417;1.6455108359133126
1391;468;1468;321;923;1147;224;1.2426868905742146
1625;633;1456;317;992;1139;147;1.1481854838709677
1660;658;1657;458;1002;1199;197;1.1966067864271457
1467;535;1465;363;932;1102;170;1.1824034334763949
1672;687;1646;480;985;1166;181;1.183756345177665
1591;858;1581;582;733;999;266;1.3628922237380627
1669;890;1657;580;779;1077;298;1.3825417201540438
1461;661;1444;463;800;981;181;1.22625
1716;698;1696;453;1018;1243;225;1.2210216110019647
1573;748;1557;524;825;1033;208;1.2521212121212122
1584;685;1559;456;899;1103;204;1.2269187986651835
1560;605;1546;405;955;1141;186;1.1947643979057592
1604;632;1582;386;972;1196;224;1.2304526748971194
1808;725;1799;475;1083;1324;241;1.2225300092336104
1585;565;1567;368;1020;1199;179;1.1754901960784314
1570;583;1564;379;987;1185;198;1.2006079027355623
1442;547;1430;390;895;1040;145;1.1620111731843576
1668;566;1654;379;1102;1275;173;1.1569872958257714
1528;559;1513;355;969;1158;189;1.195046439628483
1584;570;1560;394;1014;1166;152;1.1499013806706115
1387;473;1379;310;914;1069;155;1.1695842450765865
1416;562;1401;364;854;1037;183;1.2142857142857142
1360;484;1355;293;876;1062;186;1.2123287671232876
1621;677;1604;429;944;1175;231;1.2447033898305084
1653;706;1626;471;947;1155;208;1.2196409714889123
1760;637;1738;445;1123;1293;170;1.151380231522707
1812;831;1798;541;981;1257;276;1.2813455657492354
1604;600;1580;403;1004;1177;173;1.1723107569721116
1738;712;1709;435;1026;1274;248;1.2417153996101364
1524;668;1509;455;856;1054;198;1.2313084112149533
1324;482;1314;322;842;992;150;1.178147268408551
1603;629;1615;449;974;1166;192;1.1971252566735113
1457;571;1440;394;886;1046;160;1.18058690744921
1248;683;1243;506;565;737;172;1.3044247787610619
1516;624;1500;424;892;1076;184;1.2062780269058295
1092;472;1081;288;620;793;173;1.2790322580645161
1287;509;1284;324;778;960;182;1.2339331619537275
1619;685;1597;466;934;1131;197;1.2109207708779444
1493;533;1489;378;960;1111;151;1.1572916666666666
1468;649;1461;423;819;1038;219;1.2673992673992673
1555;577;1543;384;978;1159;181;1.1850715746421268
1496;632;1476;387;864;1089;225;1.2604166666666667
1799;729;1797;465;1070;1332;262;1.2448598130841122
1342;528;1328;345;814;983;169;1.2076167076167077
1500;580;1475;373;920;1102;182;1.1978260869565218
1542;584;1526;404;958;1122;164;1.1711899791231732
1485;531;1469;358;954;1111;157;1.1645702306079664
1402;510;1391;319;892;1072;180;1.201793721973094
1530;524;1512;352;1006;1160;154;1.1530815109343937
1566;629;1556;441;937;1115;178;1.1899679829242262
1575;645;1557;416;930;1141;211;1.2268817204301075
1544;742;1520;491;802;1029;227;1.2830423940149627
1410;615;1401;413;795;988;193;1.2427672955974842
1565;597;1557;399;968;1158;190;1.1962809917355373
1617;593;1602;402;1024;1200;176;1.171875
1562;710;1532;484;852;1048;196;1.2300469483568075
1780;735;1761;471;1045;1290;245;1.2344497607655502
1143;477;1131;294;666;837;171;1.2567567567567568
1337;466;1319;325;871;994;123;1.1412169919632607
1495;607;1500;404;888;1096;208;1.2342342342342343
1312;479;1290;323;833;967;134;1.1608643457382952
1307;504;1292;349;803;943;140;1.174346201743462
1547;643;1511;464;904;1047;143;1.1581858407079646
1331;490;1317;318;841;999;158;1.187871581450654
1399;520;1384;352;879;1032;153;1.174061433447099
1502;562;1477;378;940;1099;159;1.1691489361702128
1322;524;1318;356;798;962;164;1.205513784461153
1481;520;1466;367;961;1099;138;1.1436004162330906
1388;471;1374;309;917;1065;148;1.1613958560523445
1434;511;1427;352;923;1075;152;1.1646803900325027
1524;568;1502;407;956;1095;139;1.145397489539749
1406;540;1398;393;866;1005;139;1.1605080831408776
1564;579;1561;418;985;1143;158;1.1604060913705583
1589;594;1573;398;995;1175;180;1.1809045226130652
1707;663;1697;447;1044;1250;206;1.1973180076628354
1464;490;1461;363;974;1098;124;1.1273100616016427
1739;752;1737;526;987;1211;224;1.2269503546099292
1498;570;1495;412;928;1083;155;1.1670258620689655
1548;578;1533;354;970;1179;209;1.215463917525773
1441;498;1424;347;943;1077;134;1.1420996818663838
1323;471;1311;319;852;992;140;1.164319248826291
1361;491;1349;347;870;1002;132;1.1517241379310346
1429;581;1415;380;848;1035;187;1.2205188679245282
1431;538;1428;363;893;1065;172;1.1926091825307952
1558;626;1543;414;932;1129;197;1.21137339055794
1543;564;1526;355;979;1171;192;1.1961184882533198
1547;590;1526;384;957;1142;185;1.193312434691745
1211;420;1200;263;791;937;146;1.1845764854614411
1525;641;1491;440;884;1051;167;1.1889140271493213
1410;509;1398;333;901;1065;164;1.1820199778024418
1639;612;1614;401;1027;1213;186;1.181110029211295
1627;691;1614;504;936;1110;174;1.185897435897436
1472;728;1462;507;744;955;211;1.2836021505376345
1598;674;1591;494;924;1097;173;1.1872294372294372
1165;460;1159;299;705;860;155;1.2198581560283688
1324;505;1315;336;819;979;160;1.1953601953601953
1291;642;1281;447;649;834;185;1.2850539291217258
1406;633;1390;453;773;937;164;1.2121604139715394
1214;611;1212;411;603;801;198;1.328358208955224
1634;740;1609;471;894;1138;244;1.2729306487695748
1451;573;1457;403;878;1054;176;1.2004555808656037
1686;659;1665;439;1027;1226;199;1.1937682570593964
1703;634;1690;440;1069;1250;181;1.1693171188026192
1880;850;1840;541;1030;1299;269;1.2611650485436894
1694;734;1683;533;960;1150;190;1.1979166666666667
1500;644;1493;456;856;1037;181;1.2114485981308412
1495;667;1472;484;828;988;160;1.1932367149758454
1741;673;1737;504;1068;1233;165;1.154494382022472
1535;678;1520;456;857;1064;207;1.2415402567094516
1568;654;1552;447;914;1105;191;1.2089715536105032
1655;750;1645;528;905;1117;212;1.2342541436464087
1548;578;1539;411;970;1128;158;1.1628865979381444
1551;647;1526;420;904;1106;202;1.2234513274336283
1482;628;1457;428;854;1029;175;1.2049180327868851
1550;676;1532;450;874;1082;208;1.2379862700228832
1539;633;1527;462;906;1065;159;1.1754966887417218
1324;629;1309;433;695;876;181;1.260431654676259
1463;687;1431;461;776;970;194;1.25
1272;558;1258;426;714;832;118;1.165266106442577
1389;639;1375;448;750;927;177;1.236
1448;685;1434;497;763;937;174;1.2280471821756225
1506;558;1494;344;948;1150;202;1.2130801687763713
1466;529;1460;309;937;1151;214;1.2283884738527215
1531;547;1522;344;984;1178;194;1.1971544715447155
1570;623;1558;353;947;1205;258;1.2724392819429777
1482;506;1488;294;976;1194;218;1.223360655737705
1443;541;1437;331;902;1106;204;1.2261640798226163
1459;481;1446;301;978;1145;167;1.170756646216769
1561;534;1547;302;1027;1245;218;1.2122687439143136
1600;537;1593;267;1063;1326;263;1.2474129821260582
1501;615;1491;355;886;1136;250;1.2821670428893905
1465;509;1460;305;956;1155;199;1.2081589958158996
1499;556;1489;305;943;1184;241;1.2555673382820784
1647;670;1626;401;977;1225;248;1.2538382804503583
1607;590;1605;373;1017;1232;215;1.2114060963618485
1484;599;1468;386;885;1082;197;1.2225988700564971
1491;778;1479;519;713;960;247;1.3464235624123422
1642;824;1630;559;818;1071;253;1.3092909535452322
1656;839;1641;571;817;1070;253;1.3096695226438189
1260;739;1245;506;521;739;218;1.418426103646833
1380;763;1375;539;617;836;219;1.3549432739059968
1546;622;1533;392;924;1141;217;1.2348484848484849
1190;499;1183;352;691;831;140;1.2026049204052098
1484;893;1474;587;591;887;296;1.5008460236886634
1164;434;1160;259;730;901;171;1.2342465753424658
1185;543;1186;366;642;820;178;1.277258566978193
1656;724;1655;475;932;1180;248;1.2660944206008584
1438;748;1442;499;690;943;253;1.3666666666666667
1627;662;1621;413;965;1208;243;1.2518134715025906
1688;660;1680;426;1028;1254;226;1.2198443579766538
1297;486;1288;303;811;985;174;1.214549938347719
1564;598;1553;383;966;1170;204;1.2111801242236024
1271;474;1276;294;797;982;185;1.232120451693852
1676;630;1682;413;1046;1269;223;1.2131931166347993
1490;543;1468;338;947;1130;183;1.1932418162618796
1600;573;1602;334;1027;1268;241;1.234664070107108
1613;870;1602;567;743;1035;292;1.3930013458950201
1418;483;1419;310;935;1109;174;1.186096256684492
1468;636;1442;428;832;1014;182;1.21875
1471;796;1456;531;675;925;250;1.3703703703703705
1553;561;1538;391;992;1147;155;1.15625
1596;595;1594;374;1001;1220;219;1.2187812187812188
1537;550;1533;342;987;1191;204;1.2066869300911853
1550;547;1553;369;1003;1184;181;1.1804586241276172
1598;581;1600;368;1017;1232;215;1.2114060963618485
1689;667;1682;381;1022;1301;279;1.2729941291585127
1585;561;1565;348;1024;1217;193;1.1884765625
1493;489;1487;331;1004;1156;152;1.151394422310757
1481;545;1464;336;936;1128;192;1.205128205128205
1444;483;1433;268;961;1165;204;1.2122788761706556
1568;513;1559;313;1055;1246;191;1.181042654028436
1524;503;1506;317;1021;1189;168;1.1645445641527914
1536;525;1529;331;1011;1198;187;1.184965380811078
1684;625;1684;426;1059;1258;199;1.1879131255901794
1665;610;1637;378;1055;1259;204;1.1933649289099526
1654;597;1652;394;1057;1258;201;1.1901608325449384
1594;649;1603;442;945;1161;216;1.2285714285714286
1554;731;1548;505;823;1043;220;1.267314702308627
1427;612;1416;425;815;991;176;1.2159509202453989
1538;686;1532;486;852;1046;194;1.227699530516432
1472;621;1476;408;851;1068;217;1.254994124559342
1497;520;1492;320;977;1172;195;1.1995905834186285
1497;500;1485;346;997;1139;142;1.1424272818455365
1525;631;1516;442;894;1074;180;1.2013422818791946
1539;607;1528;411;932;1117;185;1.1984978540772533
1406;472;1405;291;934;1114;180;1.1927194860813704
1824;758;1809;530;1066;1279;213;1.199812382739212
1635;641;1652;413;994;1239;245;1.2464788732394365
1630;559;1636;351;1071;1285;214;1.199813258636788
1016;473;1019;285;543;734;191;1.3517495395948436
1568;572;1568;351;996;1217;221;1.2218875502008033
1610;592;1596;354;1018;1242;224;1.2200392927308448
1570;581;1550;391;989;1159;170;1.1718907987866531
1890;695;1866;410;1195;1456;261;1.2184100418410042
1296;456;1274;247;840;1027;187;1.2226190476190477
1449;545;1435;354;904;1081;177;1.1957964601769913
1438;516;1419;344;922;1075;153;1.165943600867679
1504;533;1482;357;971;1125;154;1.1585993820803295
1620;598;1612;353;1022;1259;237;1.2318982387475539
1723;721;1696;425;1002;1271;269;1.2684630738522955
1636;648;1608;404;988;1204;216;1.2186234817813766
1694;940;1674;596;754;1078;324;1.429708222811671
1291;726;1292;483;565;809;244;1.431858407079646
1894;897;1879;602;997;1277;280;1.2808425275827482
1467;648;1451;404;819;1047;228;1.2783882783882783
1715;800;1684;469;915;1215;300;1.3278688524590163
1896;815;1865;533;1081;1332;251;1.2321924144310823
1928;706;1906;405;1222;1501;279;1.2283142389525368
1867;709;1853;419;1158;1434;276;1.238341968911917
1833;736;1813;439;1097;1374;277;1.252506836827712
1710;658;1667;377;1052;1290;238;1.226235741444867
1471;579;1444;364;892;1080;188;1.210762331838565
1610;644;1577;398;966;1179;213;1.220496894409938
1632;585;1638;362;1047;1276;229;1.218720152817574
1533;462;1499;279;1071;1220;149;1.1391223155929038
1493;597;1475;366;896;1109;213;1.2377232142857142
1477;584;1465;356;893;1109;216;1.2418812989921613
1811;631;1812;390;1180;1422;242;1.2050847457627119
1662;593;1642;359;1069;1283;214;1.2001870907390084
1775;676;1758;384;1099;1374;275;1.2502274795268427
1854;699;1845;397;1155;1448;293;1.2536796536796537
1810;686;1789;414;1124;1375;251;1.2233096085409252
1650;654;1643;430;996;1213;217;1.2178714859437751
1714;716;1697;448;998;1249;251;1.251503006012024
1558;521;1542;314;1037;1228;191;1.1841851494696238
1516;533;1510;320;983;1190;207;1.2105798575788402
1619;636;1610;384;983;1226;243;1.2472024415055951
1703;646;1684;368;1057;1316;259;1.2450331125827814
1764;696;1747;439;1068;1308;240;1.2247191011235956
1623;585;1592;382;1038;1210;172;1.165703275529865
1674;701;1647;501;973;1146;173;1.1778006166495376
1715;860;1701;566;855;1135;280;1.327485380116959
1741;830;1727;531;911;1196;285;1.3128430296377607
1327;869;1314;611;458;703;245;1.534934497816594
1630;877;1614;595;753;1019;266;1.3532536520584328
1457;569;1448;379;888;1069;181;1.2038288288288288
1337;485;1319;267;852;1052;200;1.2347417840375587
1399;587;1377;363;812;1014;202;1.248768472906404
1203;754;1194;485;449;709;260;1.5790645879732739
1187;767;1178;542;420;636;216;1.5142857142857142
2150;1306;2138;864;844;1274;430;1.509478672985782
1877;773;1852;519;1104;1333;229;1.207427536231884
1535;725;1528;490;810;1038;228;1.2814814814814814
1408;684;1384;426;724;958;234;1.3232044198895028
1690;735;1660;489;955;1171;216;1.2261780104712041
1985;1205;1966;810;780;1156;376;1.4820512820512821
1925;933;1903;635;992;1268;276;1.278225806451613
1776;848;1754;532;928;1222;294;1.3168103448275863
1805;937;1782;639;868;1143;275;1.316820276497696
1776;688;1763;490;1088;1273;185;1.1700367647058822
1835;809;1813;531;1026;1282;256;1.2495126705653021
1726;831;1706;584;895;1122;227;1.253631284916201
1923;1006;1904;702;917;1202;285;1.3107960741548528
1838;1047;1830;753;791;1077;286;1.361567635903919
1790;1204;1774;839;586;935;349;1.5955631399317407
1507;533;1492;307;974;1185;211;1.2166324435318274
1518;584;1496;380;934;1116;182;1.1948608137044967
1407;654;1392;393;753;999;246;1.3266932270916334
1615;689;1603;502;926;1101;175;1.1889848812095032
1631;720;1609;482;911;1127;216;1.2371020856201975
1107;476;1105;335;631;770;139;1.2202852614896988
1416;606;1389;434;810;955;145;1.1790123456790123
1409;535;1397;376;874;1021;147;1.168192219679634
1444;594;1421;397;850;1024;174;1.204705882352941
1418;567;1404;402;851;1002;151;1.1774383078730906
1383;729;1371;491;654;880;226;1.345565749235474
1773;740;1745;497;1033;1248;215;1.2081316553727008
1724;621;1684;411;1103;1273;170;1.1541251133272892
1682;632;1660;426;1050;1234;184;1.1752380952380952
1762;629;1753;418;1133;1335;202;1.17828773168579
1771;630;1755;445;1141;1310;169;1.1481156879929886
1859;836;1831;593;1023;1238;215;1.2101661779081134
1484;499;1470;291;985;1179;194;1.1969543147208122
1809;616;1788;422;1193;1366;173;1.1450125733445096
1540;596;1536;392;944;1144;200;1.2118644067796611
812;453;804;303;359;501;142;1.3955431754874652
1303;797;1291;541;506;750;244;1.482213438735178
1547;918;1536;642;629;894;265;1.4213036565977741
1855;785;1855;527;1070;1328;258;1.2411214953271028
1592;924;1588;655;668;933;265;1.3967065868263473
1671;861;1654;579;810;1075;265;1.3271604938271604
1620;782;1621;564;838;1057;219;1.2613365155131264
1668;667;1648;467;1001;1181;180;1.1798201798201797
1495;610;1489;451;885;1038;153;1.1728813559322033
1997;873;1983;607;1124;1376;252;1.2241992882562278
1726;629;1707;412;1097;1295;198;1.1804922515952598
1621;721;1609;476;900;1133;233;1.258888888888889
1671;573;1657;408;1098;1249;151;1.1375227686703095
1584;599;1566;413;985;1153;168;1.1705583756345177
1615;508;1607;334;1107;1273;166;1.1499548328816622
1499;742;1496;516;757;980;223;1.2945838837516512
1311;542;1318;348;769;970;201;1.261378413524057
1176;635;1169;403;541;766;225;1.4158964879852125
1421;635;1406;452;786;954;168;1.213740458015267
1390;709;1386;470;681;916;235;1.3450807635829662
1457;669;1449;458;788;991;203;1.2576142131979695
1531;678;1507;444;853;1063;210;1.246189917936694
1542;791;1515;538;751;977;226;1.3009320905459387
1571;800;1567;583;771;984;213;1.2762645914396886
1240;731;1228;497;509;731;222;1.4361493123772102
1437;867;1436;630;570;806;236;1.4140350877192982
1613;945;1595;670;668;925;257;1.3847305389221556
1703;887;1693;608;816;1085;269;1.329656862745098
2056;933;2038;616;1123;1422;299;1.2662511130899377
1873;838;1860;578;1035;1282;247;1.238647342995169
1991;911;1964;587;1080;1377;297;1.275
1729;850;1699;563;879;1136;257;1.292377701934016
1415;659;1430;437;756;993;237;1.3134920634920635
1684;891;1666;657;793;1009;216;1.2723833543505674
1671;837;1666;556;834;1110;276;1.330935251798561
1503;782;1489;557;721;932;211;1.2926490984743413
1682;783;1669;504;899;1165;266;1.295884315906563
1596;917;1594;644;679;950;271;1.3991163475699557
1432;763;1424;510;669;914;245;1.3662182361733932
1408;920;1408;625;488;783;295;1.6045081967213115
1656;644;1632;411;1012;1221;209;1.2065217391304348
1656;730;1649;479;926;1170;244;1.263498920086393
1724;781;1699;551;943;1148;205;1.2173913043478262
1657;738;1629;480;919;1149;230;1.250272034820457
1664;799;1638;543;865;1095;230;1.2658959537572254
1509;689;1498;468;820;1030;210;1.2560975609756098
1714;803;1691;573;911;1118;207;1.2272228320526894
1581;667;1583;469;914;1114;200;1.2188183807439825
1674;756;1654;523;918;1131;213;1.2320261437908497
1845;965;1832;629;880;1203;323;1.3670454545454545
1731;889;1731;631;842;1100;258;1.3064133016627077
1705;920;1688;656;785;1032;247;1.3146496815286624
1393;678;1374;485;715;889;174;1.2433566433566434
1303;858;1300;505;445;795;350;1.7865168539325842
1415;519;1411;347;896;1064;168;1.1875
1208;447;1188;275;761;913;152;1.199737187910644
1470;587;1447;387;883;1060;177;1.2004530011325028
1456;527;1435;347;929;1088;159;1.171151776103337
1399;460;1391;263;939;1128;189;1.2012779552715656
1432;549;1421;354;883;1067;184;1.2083805209513023
1316;548;1300;380;768;920;152;1.1979166666666667
1389;456;1365;276;933;1089;156;1.167202572347267
1655;756;1632;518;899;1114;215;1.239154616240267
1431;686;1415;497;745;918;173;1.2322147651006712
1717;814;1701;566;903;1135;232;1.256921373200443
1375;479;1358;331;896;1027;131;1.1462053571428572
1564;536;1565;361;1028;1204;176;1.171206225680934
1583;522;1571;356;1061;1215;154;1.1451460885956644
1527;590;1508;424;937;1084;147;1.1568836712913555
1610;560;1595;333;1050;1262;212;1.2019047619047618
1602;756;1590;487;846;1103;257;1.3037825059101655
1494;788;1477;582;706;895;189;1.2677053824362605
1525;600;1505;399;925;1106;181;1.1956756756756757
1697;803;1680;564;894;1116;222;1.2483221476510067
1659;902;1645;630;757;1015;258;1.3408190224570673
1628;714;1623;507;914;1116;202;1.2210065645514223
1642;623;1627;405;1019;1222;203;1.199214916584887
1470;498;1476;344;972;1132;160;1.1646090534979423
1590;568;1566;373;1022;1193;171;1.1673189823874754
1425;649;1412;443;776;969;193;1.2487113402061856
1402;526;1396;378;876;1018;142;1.1621004566210045
1490;651;1478;462;839;1016;177;1.2109654350417163
1614;651;1608;457;963;1151;188;1.1952232606438213
1889;1187;1876;792;702;1084;382;1.5441595441595442
1659;841;1651;584;818;1067;249;1.30440097799511
1535;711;1523;465;824;1058;234;1.2839805825242718
1366;903;1369;643;463;726;263;1.568034557235421
1536;827;1522;579;709;943;234;1.3300423131170662
1445;882;1432;615;563;817;254;1.4511545293072825
1293;691;1281;443;602;838;236;1.3920265780730896
1621;822;1614;568;799;1046;247;1.309136420525657
1501;706;1498;508;795;990;195;1.2452830188679245
1412;786;1400;547;626;853;227;1.3626198083067094
1562;763;1553;551;799;1002;203;1.2540675844806008
1565;832;1548;577;733;971;238;1.324693042291951
1568;650;1558;451;918;1107;189;1.2058823529411764
1896;684;1879;442;1212;1437;225;1.1856435643564356
2017;821;1984;522;1196;1462;266;1.2224080267558528
1941;787;1916;541;1154;1375;221;1.1915077989601386
1684;655;1656;433;1029;1223;194;1.1885325558794946
1664;694;1659;471;970;1188;218;1.2247422680412372
1871;660;1854;437;1211;1417;206;1.1701073492981007
1963;738;1941;474;1225;1467;242;1.1975510204081632
1746;617;1716;400;1129;1316;187;1.1656333038086804
1798;610;1782;414;1188;1368;180;1.1515151515151516
1323;490;1316;317;833;999;166;1.1992797118847538
1499;502;1500;335;997;1165;168;1.168505516549649
1657;904;1649;608;753;1041;288;1.3824701195219125
1454;843;1444;585;611;859;248;1.4058919803600656
1387;742;1374;531;645;843;198;1.3069767441860465
1370;514;1367;385;856;982;126;1.147196261682243
1749;642;1727;429;1107;1298;191;1.1725383920505872
1805;623;1784;410;1182;1374;192;1.1624365482233503
1381;482;1362;295;899;1067;168;1.1868743047830923
1499;601;1476;401;898;1075;177;1.1971046770601337
1525;714;1498;461;811;1037;226;1.278668310727497
1523;843;1519;576;680;943;263;1.386764705882353
1233;494;1228;324;739;904;165;1.2232746955345062
1311;441;1301;303;870;998;128;1.1471264367816092
1239;490;1230;307;749;923;174;1.2323097463284378
1410;563;1410;384;847;1026;179;1.2113341204250294
1593;691;1574;447;902;1127;225;1.2494456762749446
1626;710;1599;434;916;1165;249;1.2718340611353711
1752;672;1739;476;1080;1263;183;1.1694444444444445
1783;707;1752;451;1076;1301;225;1.2091078066914498
1763;785;1746;516;978;1230;252;1.2576687116564418
1747;657;1712;406;1090;1306;216;1.198165137614679
1775;634;1760;413;1141;1347;206;1.1805433829973708
1871;979;1864;652;892;1212;320;1.358744394618834
2136;1009;2117;684;1127;1433;306;1.2715173025732032
