id_bv;Niveau de pauvreté;Niveau de participation;Cluster
01_01;-2.713252643640236;0.0030221914172716387;0
01_02;-1.9101883188409232;1.4313638237389;1
01_03;-0.942895161975813;1.1698147633786773;1
01_04;0.3567786357421389;0.2588025924088866;1
01_05;-0.8928987732872635;1.5708770425541865;1
01_06;-1.4514415228976159;0.37050966016645515;1
01_07;-2.4088602393119207;0.9696761713685564;0
01_08;-2.9058868823170365;-0.3650659698025253;0
01_09;-3.96250697771084;0.15639957126883208;0
01_10;-3.8788382603793288;0.5368962698708856;0
02_11;-1.709970447125086;0.5587330583023089;1
02_12;-1.9490152311855728;1.5359737538171612;1
02_13;-2.9537998655281545;0.4529441317165012;0
02_14;-0.4671679573428233;1.1952843452962985;1
02_15;-0.7804277579693679;1.562353839509931;1
02_16;-1.402885840761437;2.4428929962515706;1
02_17;-0.7031818910960628;2.1006778165432736;1
02_18;1.137192241781987;2.8267528822083134;1
02_19;1.5140675142019986;2.8505857279032973;1
02_20;0.3441180605139233;3.223876513827115;1
03_21;-0.7331708760382645;2.5217131264903783;1
03_22;0.7894202090814959;2.596400107587266;1
03_23;-0.6899273318195233;2.96754829831338;1
03_24;-0.799282408720319;2.6836522856089573;1
03_25;-1.4355857834807058;2.205995624344654;1
03_26;-1.6826649134886553;2.817034481564475;1
03_27;-2.6440586683252194;1.8410869095338416;0
03_28;-2.989433984986602;2.1483374517357543;0
03_29;0.41884019287862473;0.9274916790491023;1
03_30;0.5086769896771594;1.9336537099737248;1
03_31;-1.192915802901379;2.204356684139649;1
03_32;1.0482249353732986;1.906001563684994;1
03_33;1.3603409840336051;2.305238502406242;1
03_34;0.3177597308858836;3.202374246130369;1
03_35;-0.4482470052865503;1.8211005759839962;1
04_36;-1.184250277818572;-1.057577183585188;0
04_37;-1.536935753657614;1.86936576051683;1
04_38;-0.8242510221195337;1.9373326750859647;1
04_39;0.13651584127959104;0.7713608271557622;1
04_40;-2.235773123530577;2.565316456139181;1
04_41;-1.4789872768605858;2.1382022862401406;1
04_42;-2.117966729534318;1.0321200117363827;0
04_43;-1.145726170815815;-0.34779569742188854;1
04_44;-3.1316851472514986;1.222599505215748;0
04_45;-3.7575810779572776;0.933205155389411;0
04_46;-1.9018229018324366;1.096339483161654;1
04_47;-1.3147268452434673;1.5655910319075663;1
04_48;0.2919698069640281;0.6614435964803882;1
04_49;-1.0457413175060035;2.2381715746777133;1
05_01;-0.7009642519900476;1.6501549326819316;1
05_02;-1.9207205892997419;0.8616746732868026;1
05_03;-1.2079563750778106;1.3571097411465463;1
05_04;-2.124159986459156;1.0062373819832264;0
05_05;-1.1650395511638534;2.224253714995963;1
05_06;-1.1335151225756057;1.6959102742065668;1
05_07;-1.9443925276502723;0.9888023864191378;1
05_08;-2.6503347375624866;2.71043763191874;1
05_09;-1.1173292026623802;2.356541079465866;1
05_10;-0.905358851233129;2.0023051375279954;1
05_11;-0.42532921821563513;3.185346791606751;1
05_12;-0.04935872062914225;2.7301821323485065;1
05_13;-0.7593528336083674;1.1115121615021646;1
05_14;-0.9441100059354401;1.8523676276686942;1
05_15;-0.287675052609784;1.976154711672324;1
05_16;-0.10962939661819567;2.445629077782837;1
05_17;-0.2913581250048587;1.8709070862098496;1
05_18;-0.17665296005724265;0.39470275328593607;1
05_19;-0.5188350241854954;1.147044885161583;1
05_20;-0.022101655589901747;0.1971979270973163;1
05_21;0.11767065880522085;1.9507818281147766;1
05_22;-2.146376536938391;1.6447868816000684;1
05_23;-1.3848506230439863;1.1262453194777113;1
05_24;0.07472551496925713;2.3040673579728876;1
05_25;-0.9923864757197117;2.2558745685190176;1
06_01;-3.0413865168580214;0.7775527239554967;0
06_02;-4.786523346359968;0.7175333716770279;0
06_03;-2.6876168875893662;1.6114846410428696;0
06_04;-2.730551935799491;1.088146402384737;0
06_05;-2.2995343351809265;1.8042380805754943;1
06_06;-2.318532165422901;1.1727632772816257;0
06_07;-3.493833214060795;0.8867057616477425;0
06_08;-3.4586618768435304;0.8356493044288851;0
06_09;-3.470004994436994;0.6175291139688124;0
06_10;-3.747647333515179;1.8223473317563794;0
06_11;-3.402270176283594;0.5508566913725302;0
06_12;-4.162273986373775;0.7368286859482575;0
06_13;-4.130468627906118;0.95355079198631;0
06_14;-3.0163394608645717;0.7407651262740396;0
06_15;-3.6671966551338984;1.2660700206401108;0
06_16;-3.2413009189358823;1.3446634661052081;0
06_17;-3.2534086536893865;1.3224742914955916;0
06_18;-3.626112473725672;0.998738078143149;0
06_19;-3.9758253078287504;1.3534470285433897;0
06_20;-3.5661232387495594;0.6826869114699342;0
06_21;-2.978853821500344;1.4785113070101608;0
06_22;-3.9530471102214624;1.45691143457632;0
07_01;-4.764838824287521;0.544537078360354;0
07_02;-6.048204038235935;-0.18718882087468078;0
07_03;-6.186683486278595;-0.34358103947540475;0
07_04;-4.690035309195707;-0.15714872472310254;0
07_05;-5.336824441379222;0.7119989082307363;0
07_06;-5.71531611255081;0.6694058229411435;0
07_07;-5.611502421616637;1.3482931570834271;0
07_08;-5.668875022196571;0.3491810540090126;0
07_09;-4.497636908282475;0.8945031772332593;0
07_10;-3.3452663850248934;-0.7570996165552599;0
07_11;-6.13972959907079;-0.21183570054197598;0
07_12;-5.158604451032619;-0.4381240258076448;0
07_13;-6.090114648715326;-0.3903794589286522;0
07_14;-4.527086565402804;-0.3068950185433085;0
07_15;-4.706640832568517;0.16915995590758368;0
07_16;-3.9687746350492588;0.6632470872212806;0
07_17;-3.1097261027050043;0.34545407382110405;0
07_18;-3.317550615927257;-0.317863052370887;0
07_19;-4.051258759999237;-0.6963952559969249;0
07_20;-4.999150649610109;-1.0548456782035758;0
07_21;-5.5989686524818225;-1.6769305655611741;0
07_22;-5.456389356360341;-0.9135372942233475;0
07_23;-6.533705993683348;-1.115564935120253;0
07_24;-7.175588774511279;-1.0167010084012493;0
07_25;-7.069358067993243;-1.0849218531466724;0
08_01;-5.255960035534983;-0.29485978288687736;0
08_02;-5.259064446825804;-0.8867865231069814;0
08_03;-6.286395249189467;-0.11484522993635668;0
08_04;-6.6022667441001825;-0.24692050324917583;0
08_05;-4.60374896106432;0.6617034675915515;0
08_06;-3.6156711173025307;0.663472014111083;0
08_07;-3.2423305949771364;1.1243243000349357;0
08_08;-1.8945465354253426;0.5180676557051299;0
08_09;-3.7327171894700495;-0.6310683299511182;0
08_10;-4.208481806960366;-0.39904733255785646;0
08_11;-3.6570320663574685;0.43677843826730517;0
08_12;-4.172496982469535;-1.3725948644552857;0
08_13;-4.219202521747753;-1.3018471964675344;0
08_14;-4.415596154580587;-1.9850340388173813;0
08_15;-5.170584063177329;-1.2067514859164867;0
08_16;-5.350303027588183;-1.8746936543620794;0
08_17;-4.161813341041656;-3.228686723786925;0
08_18;-4.31400615765331;-2.4055834922096317;0
09_01;-0.6944930921106092;1.459849539208331;1
09_02;0.09037745331575149;2.087015801459351;1
09_03;-1.327059614269127;1.4966677616126398;1
09_04;-0.6027324215247024;1.5942555611090337;1
09_05;-0.6213445140746106;2.335917934561946;1
09_06;-0.9290211631852494;1.105819095345137;1
09_07;-1.977688232867859;0.34798625372675596;0
09_08;-2.518406930648451;2.814933938841839;1
09_09;-2.425371760566692;1.2153796735157711;0
09_10;-2.3877271322646;2.5317032524312424;1
09_11;-0.9142377532611402;2.673348811735563;1
09_12;-1.5048692251877698;2.447193992971977;1
09_13;-0.6575357786572735;2.0473029148376582;1
09_14;-1.4401688642024264;3.1039118805731096;1
09_15;-1.5076112016804062;2.664559636216288;1
09_16;-1.5843813113528213;2.6695052583790795;1
09_17;-1.6680572164371426;2.0099078954710543;1
09_18;0.09533114311228431;2.5559992688528426;1
09_19;-0.6243193269102102;2.288366209829869;1
09_20;-1.3618995654982506;2.427098319505673;1
09_21;-1.2700903616664319;2.2883075192984337;1
09_22;-0.8164754965178896;2.406741441177553;1
09_23;-1.0620886437703398;2.4049850110341806;1
09_24;-0.9214930658782416;2.634948728075175;1
09_25;0.0339112611165522;2.193013932671625;1
09_26;-0.7685594840961673;2.8074434860109703;1
09_27;1.6586116869712346;2.904123619685887;1
10_01;1.7654356326429836;3.0344368390481367;1
10_02;1.838727914422566;3.741937137485861;1
10_03;1.5904362655377602;2.9894536325428267;1
10_04;1.2024543458674795;2.265875472637942;1
10_05;0.9948131974268133;2.6082727622672213;1
10_06;1.299483513286439;2.7865277800348145;1
10_07;1.3965492613124284;2.5976233509367566;1
10_08;1.8642755437822607;2.8440964205684396;1
10_09;0.4696142577551127;1.6849134693254635;1
10_10;2.0174382769865393;3.621578921766889;1
10_11;2.9174021486313513;2.3708494996338905;1
10_12;3.8479026813553014;2.8752454858166843;1
10_13;4.351934781996073;0.7788674239704246;2
10_14;4.191530122249223;2.90342469204235;1
10_15;2.290502565826475;1.9156515515736408;1
10_16;2.2631396759331355;1.8095129557166554;1
10_17;0.8124375388000882;-2.4511750808483104;2
10_18;2.050353861331966;-0.7696727780529187;2
10_19;1.8971708905966618;-0.31613412912619115;1
10_20;2.057755742053826;1.9179834028489435;1
10_21;2.544883081633896;0.9758818611869419;1
10_22;1.8858560099135209;2.580871133886472;1
10_23;2.210689477711064;2.753859515185059;1
10_24;1.0937199222151632;1.5994345286816312;1
10_25;2.1896679141761006;0.7377838016813986;1
10_26;1.8235908916601151;1.3626170661722397;1
10_27;3.1065711522014867;1.0510090159845704;1
10_28;0.9710218906267585;1.4702365557185797;1
10_29;0.14713885133889834;2.982755847288901;1
10_30;1.1562003111104773;1.9835648658145146;1
10_31;-0.46854936120185314;1.6273818408789555;1
10_32;2.009582004294922;1.8290001975866732;1
10_33;1.0542726516386296;2.3838091877317096;1
10_34;0.0773116773585401;1.7960503059625479;1
10_35;0.34438947233950495;1.6731722813370185;1
10_36;0.9001592080710488;4.472298031153252;1
10_37;0.945967048075917;1.8776441136727604;1
10_38;0.8365528427429969;3.3980290835995026;1
10_39;2.6070298962978753;2.6401368104101417;1
11_01;2.362938917907619;2.99269480850775;1
11_02;0.4100424050733889;3.0659275571244824;1
11_03;2.8400110803527;1.420310876489176;1
11_04;1.484003583136862;2.680285469790585;1
11_05;2.308504895925403;2.660364092839619;1
11_06;2.5357383600893915;2.5981537812607205;1
11_07;0.9949080086527691;1.677337791148677;1
11_08;1.9701471628967064;2.1983779538871544;1
11_09;1.1902987710115311;3.9414352706979647;1
11_10;1.2070016032666837;2.1125898088881407;1
11_11;2.5627089898194826;2.419338838192717;1
11_12;1.3525527664769186;3.563214797187067;1
11_13;2.173433790302266;4.064955870968907;1
11_14;2.545121159228411;3.0696460718130107;1
11_15;-0.3597765128827739;2.8455039354269482;1
11_16;-1.3088789741567717;3.0259220152482307;1
11_17;-0.634867918236691;2.731537918148071;1
11_18;0.9834641425772572;1.9723481850890947;1
11_19;0.6738372149325254;2.2338083672125864;1
11_20;0.8708759416048741;3.093268832073578;1
11_21;0.6147415597160965;3.272781170142;1
11_22;0.9749486363321602;3.225073207553348;1
11_23;2.058114038116266;3.4439740537308;1
11_24;1.5529160656319074;3.6873177114493405;1
11_25;1.3069318419509275;2.801796966503397;1
11_26;0.7386025319773759;2.859095981804058;1
11_27;2.294960503796617;4.669857874255529;1
11_28;2.778034049117947;3.271599878737636;1
11_29;3.358499626775431;2.939517736684729;1
11_30;3.3490644318254086;2.918137496703685;1
11_31;5.285982498482721;-1.0535428120152828;2
11_32;4.853385238920988;1.4087138511622046;1
11_33;3.0521759687128043;2.3707744908472144;1
11_34;3.1762958844482356;0.9579798009317312;1
11_35;1.0517371690819788;2.2958481809885876;1
11_36;1.850417222308754;3.5751667970316827;1
11_37;0.049935369233976915;2.6889459775628084;1
11_38;1.3664344321110393;2.36236533629321;1
11_39;1.929439341570629;2.0927350058799603;1
11_40;1.552928037566452;0.5924178945589835;1
11_41;3.0040133399976354;-0.29750961334153425;2
11_42;2.0353089707160725;0.19340757389916866;1
11_43;2.2955072153037257;1.8448580718350012;1
11_44;1.2974729526324122;2.3578983606985697;1
11_45;-0.25746524137571936;1.5974210482047932;1
11_46;2.9547859620181245;-1.3649531764335607;2
11_47;1.8407114878952149;0.3603682783708183;1
11_48;-0.11952695506321065;2.6721423778602142;1
11_49;1.1704252259061934;1.27077044486652;1
11_50;1.5714988654577122;3.4302741419142166;1
11_51;0.5904759999935549;2.219560657797259;1
11_52;1.7357745325902876;3.102797947807351;1
11_53;0.231150207491256;3.408444590146029;1
11_54;1.2065519244441454;1.0617802684152247;1
11_55;1.986610369012611;2.4470704982584315;1
12_01;0.44843354485261705;1.864451055641731;1
12_02;0.3397148349821952;0.9968572093451851;1
12_03;-0.1679810970277105;1.0349933619421146;1
12_04;0.22986283329278676;0.9932433373060809;1
12_05;-1.31090584334904;0.7808850438608739;1
12_06;-0.0009730949814671492;-0.5990521810528135;1
12_07;-1.6637696918434197;0.9347402258801127;1
12_08;0.5636941207144478;-0.7334279753547853;1
12_09;2.521058738586429;-2.8294420240885265;2
12_10;1.973333286627171;0.20620100614496453;1
12_11;0.3154247236279892;0.09124473016562086;1
12_12;2.016382706641682;1.597887711435076;1
12_13;1.0195267610886904;2.7112137887415173;1
12_14;-0.3721542252186087;-0.41399472536527304;1
12_15;1.5037419915910624;0.5957186865598979;1
12_16;-1.304819274560117;1.9040802547724693;1
12_17;-1.9107613273121002;1.4206915721348705;1
12_18;0.1686781734888758;2.5943877563928845;1
12_19;0.5558930364357666;0.31129578703009875;1
12_20;0.022452326317798556;1.4624793106803893;1
12_21;0.12432254973757308;0.1614908662582411;1
12_22;2.354834264391487;-2.7384283174331103;2
12_23;0.7921834818215118;-0.7966501571601465;1
12_24;1.4550943303558055;0.6145615382551505;1
12_25;0.45097973380559353;-0.758949610817246;1
12_26;0.05018549033375626;0.27231496475944045;1
12_27;1.4077885773357794;1.3665934219675353;1
12_28;1.109559270746745;-1.0260408302995785;2
12_29;0.24042536871071596;0.021236158861015455;1
12_30;-1.2761242882309218;1.3288230278011126;1
12_31;0.02668409023626382;0.8340603383853519;1
12_32;-0.3802942923981008;1.2834302437173757;1
12_33;0.3419105201670823;0.21379544796145564;1
12_34;-0.4460742878141539;0.18382785265765342;1
12_35;-1.3267735726215006;1.864410348320211;1
12_36;0.7137570262812787;-1.7421093477678555;2
12_37;1.3743622326021427;-2.823962386378026;2
12_38;-0.10420042760082622;-0.3195445201635148;1
12_39;0.14108738444445185;-0.5115483476814406;1
12_40;0.23390940661190104;0.6936120284056428;1
12_41;-0.6193543118208055;1.1556162678523831;1
12_42;0.7029521636321896;-0.09482301131245428;1
12_43;0.1621646513290877;-2.0638957633585213;2
12_44;0.7961102362560317;-0.33290741120268114;1
12_45;2.6662182034581505;-3.4189927931433792;2
12_46;1.4173505235972201;-1.1620529329609597;2
12_47;0.9663217597398758;-3.0188536607061973;2
12_48;1.2123544540671518;-1.1444153279330227;2
12_49;1.7084748209157963;1.281956961301497;1
12_50;2.760856576558727;-0.7733978129388559;2
12_51;1.7753045897720299;-2.0452615778703978;2
12_52;-0.25823739620761116;2.028021445531518;1
12_53;-0.16850730007616108;1.3964039564968436;1
12_54;-0.2230440470511867;-0.22214671080193935;1
12_55;1.4195542475322143;2.576840015449645;1
12_56;0.7010962065979728;2.9308211160028192;1
12_57;2.506740684566057;2.8397093645285243;1
12_58;1.7391721385593846;1.864257073242521;1
12_59;0.6164243937425766;0.5483018221162158;1
12_60;2.116754190486884;1.3908459704467948;1
12_61;0.37717353898953;-1.0959529871231741;1
12_62;0.6066718307013624;4.092836986865901;1
12_63;2.085510362109098;-0.633496177736596;2
12_64;-0.8299633236071673;0.8135219195770813;1
13_01;0.37359951037808925;2.3264935791855046;1
13_02;0.794347478531472;0.14277684417163355;1
13_03;1.8874030775755488;-0.26113451951214983;1
13_04;2.4024910737744496;-2.754946143240635;2
13_05;1.2376970607446742;-0.1156151825988272;1
13_06;0.707790601690277;0.6010837955859921;1
13_07;2.423287859360193;-1.0978688208230922;2
13_08;2.6697308860070113;-2.1915235604865644;2
13_09;1.905928861958297;-3.5305045198186904;2
13_10;2.121048323588905;-3.4913814754948826;2
13_11;2.3799683024627356;-4.040435960494214;2
13_12;1.9767872177807018;-3.7723159081962696;2
13_13;2.725193535602458;0.6636702739494054;1
13_14;2.066965641981385;-4.304026354362195;2
13_15;2.4161413731162065;-5.077192897175781;2
13_16;4.106280990138002;-2.7559782218752633;2
13_17;1.6506767699725844;-2.0715738836420234;2
13_18;2.939159206373694;-3.9944464779852074;2
13_19;3.3686222044503205;-5.216589078648758;2
13_20;2.8435660845604698;-6.184428764169825;2
13_21;2.478791837882265;-6.137943440426591;2
13_22;2.974510707615994;-5.995213070662433;2
13_23;2.696340146253911;-1.4011408711825806;2
13_24;2.460899025698108;-2.290958039482174;2
13_25;3.7245503576474133;-3.987486772450434;2
13_26;2.976558517616314;-1.404827384319532;2
13_27;3.326679279211687;-1.094349548578792;2
13_28;2.1059243111678234;0.12045966270686555;1
13_29;1.6116099133051234;-4.181494685323574;2
13_30;2.5540163624121064;-0.6516210154034899;2
13_31;1.1678500291450593;-0.13028228992699778;1
13_32;3.629526797031121;-1.3015519423109407;2
13_33;2.222884899790433;-3.5682275442272315;2
13_34;1.9668491770581593;0.1882480158812533;1
13_35;1.5928418298754508;-0.2533282996350578;1
13_36;0.5084917457643691;0.9477697769908598;1
13_37;4.309014415335352;-4.263826721549133;2
13_38;0.9576625907923154;-2.7796519272732;2
13_39;3.3859713396476474;-2.724136237331832;2
13_40;1.402385778528015;2.4832691628552097;1
13_41;3.078213118367617;-0.38560801320515875;2
13_42;3.6605565773754187;-4.551471297157971;2
13_43;3.015087318007641;-0.8222438175309741;2
13_44;3.2289686317098214;-3.6343982334254505;2
13_45;3.0317062725386608;-3.6823599704780148;2
13_46;1.4899852241023408;-4.120402173864445;2
13_47;2.554875506793969;-0.23877791678962315;2
13_48;2.7648866961489067;-0.6375760174713843;2
13_49;2.0591151535268555;2.4258658867192175;1
13_50;1.4648823820239185;2.5113504375550355;1
13_51;1.6268951986462292;0.06387990775048936;1
13_52;0.2684232126419638;1.0701316123766524;1
13_53;2.21981613759853;-1.9337053715496608;2
13_54;2.842546791029948;0.30861570788952897;1
13_55;1.3128147041870348;-1.1635159229895191;2
13_56;1.2280379053835198;0.8828877534358066;1
13_57;1.4768918507129254;1.632952806728118;1
13_58;1.7962358603194324;2.578707503281459;1
13_59;1.4332463419597012;0.7180553937561815;1
13_60;1.7497280612925212;0.011810402129872595;1
13_61;0.8199294715077994;2.3523200252624448;1
13_62;0.9253697221326388;1.2234473823623218;1
13_63;-1.1969850169064262;1.7072067378561417;1
13_64;0.6579706580588469;0.46629908804542347;1
13_65;0.818825014227417;3.1022590595478947;1
13_66;0.6145039696633938;2.273216346960209;1
13_67;0.640691639251957;1.7995686724364854;1
13_68;2.5183784423354196;0.45782453936193745;1
13_69;1.2458425438509906;0.9092487529632152;1
13_70;1.2543615894732125;-0.9942467892524423;2
13_71;3.28446123678797;-2.5152220677303805;2
13_72;2.942131903655083;-1.0167686785804066;2
14_01;-0.08193619464739112;2.0881514344671666;1
14_02;-0.41091300842208667;1.3464186959345124;1
14_03;-0.7915704802307284;3.1458963854413917;1
14_04;0.27853578805929075;1.5921371097719244;1
14_05;-0.2653413656275133;2.8379026726497223;1
14_06;-0.6963896107587448;2.8657627173711573;1
14_07;-0.7241280365185617;1.3020127118094864;1
14_08;-0.2445834680873997;2.185632374315166;1
14_09;-0.020902855543215536;2.2592011566783596;1
14_10;1.5652709475328535;-1.2975975547341674;2
14_11;-1.0773765809210811;1.2965313198974642;1
14_12;-0.8588836198797958;0.18716402482252237;1
14_13;-0.00031702273773233673;1.3790691725046305;1
14_14;-0.9138610423258007;0.32900905927465085;1
14_15;1.7684368739652745;-0.4773330659663953;2
14_16;0.09187469228699724;-0.11985555140755269;1
14_17;0.46515111938459175;2.124010514005658;1
14_18;2.042452805928872;1.3226488973150816;1
14_19;2.6775287070282094;0.9749264571398248;1
14_20;2.2100595634023863;-2.6141418615070164;2
14_21;2.9603416045177027;-6.0016930387949605;2
14_22;2.088889249428758;-1.0463394787828793;2
14_23;1.616956323104251;0.38130196500023955;1
14_24;1.1831296679147956;2.339741241282284;1
14_25;0.570782340915715;1.7733492567771771;1
14_26;-1.261236412814614;0.5114225756526287;1
14_27;-2.486647734428953;0.41263323094140775;0
14_28;-1.6577303441194082;2.4082616869290483;1
14_29;0.3283457736019806;2.9363010651844927;1
14_30;-1.4656574690898398;0.6301377249515503;1
14_31;-1.7723680648021252;2.220384171217934;1
14_32;-1.198577148811509;1.1142647096519585;1
14_33;-1.6313602838617103;1.373500263825759;1
14_34;0.49237516513030793;1.3770177187135244;1
14_35;0.25967397380019114;0.6379225868387507;1
14_36;0.7129468508386576;-1.246471692680589;2
14_37;0.9966960672319228;0.247685084266225;1
14_38;0.5231370177267868;1.3540777504013575;1
14_39;1.6699795589071411;-0.46465404463846116;1
14_40;0.4269201381073449;0.8095439029976043;1
14_41;1.120269800285536;-0.14886259504960467;1
14_42;0.8255486046769618;0.6675287129313882;1
14_43;0.1600026413292254;0.14191332674288007;1
14_44;1.8943734736133226;-4.34158813280106;2
14_45;2.232221089376344;-4.1714390942864625;2
14_46;0.10598892010065401;1.769845410119465;1
14_47;1.2472965503353515;-2.3264524610559283;2
14_48;1.1498195133942488;-1.8944045694654013;2
14_49;1.7011403911935354;-0.3386273502964186;1
14_50;-0.1903457610837846;1.8222531738632395;1
14_51;1.8335562203478628;-3.5676045958176505;2
14_52;2.474427748942239;-4.50091995814279;2
14_53;1.7628546219019914;-4.017082903852463;2
14_54;1.8077782391898223;-2.577618170051689;2
14_55;2.227552644061465;-2.1121429721113683;2
14_56;1.8358836193609518;-5.411979399464544;2
14_57;2.470901448358441;-5.733815528827221;2
14_58;1.1149275403768302;-2.044567957594303;2
15_01;-1.9720577755725708;0.42319933611504695;0
15_02;-2.6501067446102238;0.13560635548475375;0
15_03;-1.3191922178355064;-0.6675976711380448;0
15_04;-1.6165312202267503;0.20676419334067592;0
15_05;-0.9096428583787504;-0.8451618858862602;1
15_06;-1.6015995957486837;0.10693482444784384;0
15_07;-2.3363601620849885;0.34459656997186494;0
15_08;-2.4630156067080047;1.6007221806897003;0
15_09;-1.8479623953503241;-0.7330719798789868;0
15_10;-0.9896647579805752;-2.226411254439765;0
15_11;-2.236120226597571;-0.38705107757585816;0
15_12;-2.3666686847015592;0.43558772799682804;0
15_13;-1.0066863168382703;0.5598302927552202;1
15_14;-2.190136740753275;-1.5204541185738536;0
15_15;-2.848535405989523;-2.696683885524326;0
15_16;-3.3769633737374734;-2.0366816227892035;0
15_17;-3.705526183857256;-1.7218258935384996;0
15_18;-3.3692183785456415;-1.661730609018255;0
15_19;-3.4883787473141235;-0.7486708010871352;0
15_20;-3.7594073554790013;-0.5149148374193702;0
15_21;-5.086017412841928;-0.25794755218860665;0
15_22;-3.4948651234045967;0.4268796015115162;0
15_23;-4.434948150598662;0.36848098289122977;0
15_24;-4.724309045106063;-0.4380881417257181;0
15_25;-2.7841503556841283;0.13683956749543538;0
15_26;-0.9786043930841043;-0.7428754381266229;1
15_27;0.05801845018478594;-1.0370778184081542;1
15_28;-2.1584876961081516;0.5581949672427827;0
15_29;-2.499949733488694;0.8619566714534587;0
15_30;-2.584710737026203;0.4419891305548507;0
15_31;-3.506936844395694;0.6439201447486981;0
15_32;-2.8162597483418463;1.0804326709294412;0
15_33;-2.5463434429043317;1.3564636739922205;0
15_34;-2.4126056541438765;0.4892439111002525;0
15_35;-1.509734452469179;0.5574835973472548;1
15_36;-1.6006731904411504;-0.3476060428286305;0
15_37;-1.053261741876641;-0.4175625278683213;1
15_38;0.3965143673147771;-3.1239572325662412;2
15_39;2.0992517511082367;-4.697715398328665;2
15_40;0.5687489754699273;-3.3760139801923192;2
15_41;-1.1597821032185804;0.1387151609284218;1
15_42;-1.542896965839249;-1.1878363860884147;0
15_43;-1.5765545968739647;-1.334245702932502;0
15_44;0.6677723978973078;-1.3160374964450126;2
15_45;0.4283294250169071;-0.5006626503916363;1
15_46;-1.793704262734184;0.4574196481509822;0
15_47;1.4212562034291456;0.31250620554371505;1
15_48;1.7885710789429041;-5.332673554842934;2
15_49;2.2996684937250396;-5.462810011591655;2
15_50;-0.021891176968876647;-1.5551525211984665;2
15_51;-0.5319489901799925;-0.3639050961400882;1
15_52;1.268183750322753;-3.6601856853462342;2
15_53;-0.09679430403120583;-0.17565431912634225;1
15_54;-0.8037638231008825;-0.07185570409223724;1
15_55;-0.9128672713238953;-0.032968584680503815;1
15_56;-0.003039666445819341;-0.4442212567365634;1
15_57;-1.7224447438604447;1.4153168484467364;1
15_58;-1.2972419468400274;1.1172117262980954;1
15_59;-2.559148763458116;-1.7296471489428056;0
15_60;-1.8756985558765347;0.7592966201868991;1
15_61;-1.0514804721315516;0.43290044065999367;1
15_62;-1.7099329690420542;1.0532920425072678;1
15_63;-1.97339368093449;0.9110714044196885;1
15_64;-2.2246827010838945;0.04805369755256339;0
15_65;-1.9875199578453269;-0.18966422171162226;0
15_66;-2.135563626406181;-0.563070691951298;0
15_67;-1.1054822461902998;-0.6026113207126298;1
15_68;-0.9152145989029057;1.4332999463481417;1
15_69;0.4901591914382198;-1.8662955243346944;2
15_70;-1.368467379423013;0.37227939233040874;1
15_71;-0.8553118383210125;-0.619697384330708;1
15_72;-1.0102415524173507;-1.7882184959711864;0
15_73;-2.3432936341486674;-0.3289044884000857;0
15_74;-2.1502039191221756;-1.0120510685612571;0
15_75;-1.397036535653013;-1.706000054084565;0
15_76;2.8217890872811435;-4.657722768694318;2
15_77;-0.9660730149111931;-1.3639727842462608;0
15_78;0.19288773667197265;-1.6264144203121125;2
15_79;-0.4767220657291771;-0.8805830067408229;1
15_80;0.16178881356776773;-2.524222823501559;2
15_81;-1.5302901719337219;0.18629436163955815;1
15_82;0.009551855881243495;-2.272745425005337;2
15_83;-2.0084333843718145;-0.3061740558397528;0
15_84;-1.6666916559558216;-0.49492542546554064;0
15_85;0.33738551882395484;-1.5975566204832214;2
15_86;-1.3886012148848976;-0.6448490064988481;0
15_87;-1.0547776918819969;0.1009861300708129;1
15_88;-2.2601732438025013;-0.9087829063512103;0
15_89;-2.1418508763753135;0.3662607918750301;0
15_90;-1.784847165351825;1.255493034972249;1
15_91;-2.5027921793397754;-0.229494070715717;0
15_92;-0.9821027048776705;-1.929730279333122;0
15_93;-0.9559388623193519;-0.6522029607849514;1
15_94;0.7434366498287195;-1.985950217495984;2
15_95;-0.2785706024277771;-2.394241307566943;2
16_01;-7.324724700274769;-2.195060029518126;0
16_02;-7.551794570654909;-2.4596989018263073;0
16_03;-6.668928469355001;-3.549554636230789;0
16_04;-7.761676364403771;-1.799789551552462;0
16_05;-5.211549929809472;-1.1997446019634572;0
16_06;-6.722980991988887;-1.1245632304196613;0
16_07;-6.077106123911348;-1.8120992332613473;0
16_08;-6.069132508947672;-1.2459399331820675;0
16_09;-5.81525900878544;-2.272147989027382;0
16_10;-5.721073337725954;-2.682300274097296;0
16_11;-6.316610931844958;-1.4184842199685683;0
16_12;-6.041458089157342;-1.6183980970366008;0
16_13;-5.789185844813526;-1.4418230229917406;0
16_14;-6.011444336295398;-1.906104945996202;0
16_15;-6.476041224098403;-2.2384078163127605;0
16_16;-5.095994858309027;-1.1819864915973493;0
16_17;-5.988863546377854;-1.1219174114123043;0
16_18;-6.360011978437142;-1.6647134179257557;0
16_19;-5.425884860013672;-1.639624762816268;0
16_20;-6.141643242253325;-1.6090502315786754;0
16_21;-4.680958415293064;-1.5262194840360057;0
16_22;-5.576977822124183;-1.7033013087760775;0
16_23;-7.161761182904459;-1.207318090818385;0
16_24;-5.702970440517017;-3.6400277648938473;0
16_25;-4.788058438835674;-2.9120217460738513;0
16_26;-6.063934467478776;-1.9561034640953892;0
16_27;-6.19494301446654;-1.3043187458523007;0
16_28;-5.060035793199744;-1.528236557674412;0
16_29;-5.309077708496985;-1.1608852625066928;0
16_30;-3.967751715871737;-2.105093207767191;0
16_31;-5.442488890070227;-1.7127185180100626;0
16_32;-3.481527834336964;-1.7491351116022416;0
16_33;-4.619218817899991;-0.7174419286981818;0
16_34;-6.159546833376696;-1.4724234812759145;0
16_35;-5.952531984794391;-0.3999592650284962;0
16_36;-3.8522921735776685;-2.872048115812743;0
16_37;-5.76913621558236;-0.7348957061276458;0
16_38;-5.100903202901211;-0.5905423315029618;0
16_39;-3.9548452341385336;-1.8244361293211155;0
16_40;-2.3640389787260383;-3.398995174508081;0
16_41;-3.1512686403796724;-2.2992389378635902;0
16_42;-4.067029166439515;-0.6409299449270355;0
16_43;-3.4986720020930795;-1.7711415862512903;0
16_44;-1.5841845956309177;-3.719148195300268;0
16_45;-2.2618096285648934;-2.557335770361495;0
16_46;-0.735048799400956;-3.6998545253240316;2
16_47;-1.8250929627662666;-2.852979490066467;0
16_48;-3.8422817743288555;-1.8092813520019944;0
16_49;-4.160621918235609;-2.8006891363590265;0
16_50;-5.0707188759749915;-2.583878990207393;0
16_51;-5.7763137368002875;-3.0399525010763417;0
16_52;-5.729391434905234;-2.5977493929533124;0
16_53;-6.12344431144762;-3.5630903789120736;0
16_54;-6.053937373440846;-2.898599860808299;0
16_55;-6.788922053069368;-3.797786505986738;0
16_56;-6.536922617486405;-3.5110299527012505;0
16_57;-5.237999556722957;-3.8465289087858983;0
16_58;-6.764677055374784;-3.950145514182497;0
16_59;-7.2450608910874745;-2.6377858425302816;0
16_60;-6.46549994136048;-3.278883930168469;0
16_61;-5.444273441677492;-2.863179349544792;0
16_62;-4.6635567679870915;-2.3330348683664552;0
16_63;-4.493911351398735;-3.3004505026666435;0
16_64;-4.679953248352635;-2.9851108663492254;0
16_65;-4.563146405618169;-2.8276173541666125;0
16_66;-4.4464804841812;-2.926892824879306;0
16_67;-5.357412594119849;-2.9083575267515687;0
16_68;-4.488015362895524;-3.0619049273920105;0
17_01;-0.8934991220648386;1.5189502294314814;1
17_02;-1.7202350477432276;3.0671412940638114;1
17_03;-0.9002921192418705;2.7755070140191;1
17_04;0.2741213789817807;2.2304282250779415;1
17_05;-1.585480021566613;2.3783493668405273;1
17_06;-2.0955248405294267;1.7579941406008708;1
17_07;-1.48708060084917;2.3860598924538974;1
17_08;-2.273218202293614;2.4204969433390113;1
17_09;-1.1423978034441444;2.330973670372943;1
17_10;-1.4443288665135101;1.936881925602685;1
17_11;-1.9117125721211508;1.8005184459252852;1
17_12;-2.158817500796899;2.264167519683307;1
17_13;-0.29894174342084723;0.36211427903631377;1
17_14;-2.4189659490114055;1.0181452871038612;0
17_15;-2.3858085227474466;-1.1305655043302558;0
17_16;2.3836427955302764;-5.413740707384496;2
17_17;2.005375895977944;-4.988204466098839;2
17_18;2.9325970304396956;-3.603579148685807;2
17_19;2.888945564015393;-4.20015562519829;2
17_20;2.1766939871733104;-4.7376508880156685;2
17_21;1.5596267026743431;-0.24664865372098263;1
17_22;0.7181641201423998;-0.322718038264552;1
17_23;4.001288185445276;-5.584363700755695;2
17_24;0.8862128944085529;0.7705111045603983;1
17_25;2.2980293404270635;-2.0407374235879745;2
17_26;1.9498834134632685;1.250776399275986;1
17_27;2.8099280048273467;-2.8101940967680243;2
17_28;0.4952688272404988;1.1861838140630758;1
17_29;1.9264811073195331;2.2399143292434682;1
17_30;0.7085202957458799;2.4009366733799267;1
17_31;0.8574864895124258;1.5722838097639353;1
17_32;0.20540203524220316;2.076150712432802;1
17_33;0.6352644114205799;2.5007031465718876;1
17_34;0.9869591078446665;2.779662119594662;1
17_35;0.35796203132768833;1.3471386373512664;1
17_36;2.443325950020923;-5.99865681336299;2
17_37;-5.414927588180443;-2.0077789397872805;0
17_38;-1.1399768615382426;-4.268937470316374;2
17_39;1.8352738976863026;-7.117092548073031;2
17_40;-3.126755813186437;-3.2008302343904282;0
17_41;-5.79481931276289;-1.5134923880196294;0
17_42;-5.748922463604707;-0.8641469239011385;0
17_43;-5.671563179124085;-1.542296169790844;0
17_44;-5.12852306599271;-0.9399960882816466;0
17_45;-4.037375051506811;0.4221480982879868;0
17_46;-3.050603779259506;-0.4940685489288876;0
17_47;-5.088617551682405;-0.5512034828859015;0
17_48;-5.072488825928208;-0.935266738927835;0
17_49;-5.068530757035482;-0.5635241948267488;0
17_50;-6.073946970814529;-1.180577803047686;0
17_51;-6.175342851528187;-1.158065735614156;0
17_52;-4.982342872882047;-1.2270446853122374;0
17_53;-5.1050240260655055;-2.988153098074364;0
17_54;-4.768285391232132;-1.593140331641602;0
17_55;-4.832259177742762;-0.723377474476212;0
17_56;-3.041080931324206;-1.001233240887083;0
17_57;-1.2263673020840813;-4.8268820370364285;2
17_58;-1.7204203229156048;-4.120094846284371;0
17_59;-3.4132970394472535;-4.116957054808904;0
17_60;-4.013534465962563;-1.1675052271215485;0
17_61;-4.759628745907603;-1.0589298195371513;0
17_62;-4.214506712728767;-0.8626067077382843;0
17_63;-3.6463243820755147;-1.9630018568644172;0
17_64;-3.9446328189077398;-1.5014525055815486;0
17_65;-4.641656260786652;-0.6699017919408907;0
17_66;-3.302802552870683;-2.1776913891317005;0
17_67;-4.551601875940084;-1.6471899415205873;0
17_68;2.0806813981041485;-2.0853880547196737;2
17_69;1.7640462996635151;-1.4687025322065115;2
18_01;0.1536528635325785;3.4147148301908183;1
18_02;0.5586603845194755;3.6398262554998912;1
18_03;-2.0119764099500475;2.361393444354507;1
18_04;1.2951443472702144;3.670884841878846;1
18_05;-0.019700139707645153;3.5047946446491185;1
18_06;1.2608328593409888;2.779974937088348;1
18_07;2.121770631128872;2.406325244474341;1
18_08;2.3073231526582463;2.955045703671725;1
18_09;1.7420741317478794;3.369447551841615;1
18_10;3.4846736040843447;2.9223718908746195;1
18_11;2.513639231310797;2.173344826308087;1
18_12;3.867379623386892;-2.7769955824231043;2
18_13;5.199551388762671;-4.4438079310210465;2
18_14;5.451490599203405;0.24961609030415946;2
18_15;3.322509938776289;0.9515905528359365;1
18_16;3.842577537657557;-0.2969084189306398;2
18_17;4.883194775530265;2.1151132265117476;1
18_18;3.9760059542797492;3.869784171480432;1
18_19;2.8139475767433515;3.367459874602937;1
18_20;3.3971043368227303;2.818596575186103;1
18_21;2.3267802174893113;3.3713802908850177;1
18_22;0.5714410476370487;3.0140002802765054;1
18_23;0.9332277156940219;3.338501302793748;1
18_24;0.36311994159735994;3.6633253847667566;1
18_25;-2.904857518390998;3.1752283848577503;1
18_26;1.3641595225897014;2.8201711163238374;1
18_27;1.1017281450680472;2.641116536736294;1
18_28;-0.06477363137772824;3.8176865713408956;1
18_29;-0.6605123201623487;3.2988164906455295;1
18_30;0.9564091275220514;3.2287782543080596;1
18_31;1.1444049556482023;2.1617020229570354;1
18_32;1.1322865103634732;2.542830732939625;1
18_33;0.9206135312338255;1.46201547860949;1
18_34;0.7894847163584175;1.63312581633827;1
18_35;-0.6308276637456038;3.1954035032660717;1
18_36;0.29694440792622945;3.6639705162924545;1
18_37;-0.058535177549133725;3.0308842832070697;1
18_38;0.9117691354738322;2.6334898216456275;1
18_39;1.353337564049724;1.8971844969434226;1
18_40;0.46182076800844807;1.6463375805575704;1
18_41;2.2039453102167053;0.38802466639610755;1
18_42;3.1631786202722174;-1.5033179705501534;2
18_43;2.5726268369400835;-1.817992655780095;2
18_44;3.493481013465468;-6.001320857647872;2
18_45;4.207122911460744;-2.880411129491271;2
18_46;1.835127211225633;0.07102755274290726;1
18_47;1.4766900305892157;3.4685150787554675;1
18_48;3.4771963470976432;1.6192564461444554;1
18_49;3.707671031227704;-5.852315049820687;2
18_50;4.19025432172407;-7.026554457504474;2
18_51;6.193987410270365;-6.153932052902615;2
18_52;4.314153871335236;1.0188099644263535;1
18_53;4.603132592052455;-1.0398979725351227;2
18_54;4.617485626948495;-0.42004550248714495;2
18_55;5.8292744519800515;1.7097775593822035;1
18_56;6.180191064588408;-2.694495170560261;2
18_57;5.559087014438451;0.6438420723201064;2
18_58;5.441536636909628;-0.3485489604807131;2
18_59;5.328522935416999;-1.8574493437875546;2
18_60;4.857239027976737;1.5632539481376937;1
18_61;4.413061735372657;0.6500150389256472;2
18_62;4.785769143002547;-0.7357467305050183;2
18_63;4.741936363304656;-3.37854724288873;2
18_64;4.846144766388201;-4.4527281621719865;2
18_65;3.756375577428343;-7.422487403762287;2
18_66;1.2618287673863493;3.004350755576475;1
18_67;2.3670205313989534;1.9743159902504148;1
18_68;4.107907027746545;1.0035080356903445;1
19_01;1.3403602433316386;0.47776316164448057;1
19_02;3.0864060825376787;0.13376153938345392;2
19_03;1.342241338383363;-0.8308013335039885;2
19_04;2.531966584679974;0.17792669016023374;1
19_05;-0.17778455576782634;1.052390151007594;1
19_06;1.044345197695977;0.7518366670614974;1
19_07;-0.23666430459528756;0.6128523852869162;1
19_08;2.7816160776064236;-2.2730427615523103;2
19_09;3.0861125261693614;0.021381502119895108;2
19_10;2.439495057476088;2.4411605255900666;1
19_11;2.5498954269814886;0.841904841218863;1
19_12;3.4855507059591475;2.7406036886064995;1
19_13;1.8271890989366246;2.6984265948401713;1
19_14;3.7852175606651204;-0.38337242068892985;2
19_15;2.3098685454794263;2.8505070665105374;1
19_16;2.7192487460185637;2.337010196024537;1
19_17;1.4655064834965086;-0.08685267441023453;1
19_18;2.505943909363521;-3.7920774726189648;2
19_19;3.9950011366909646;-4.994451763887063;2
19_20;3.8904054524235328;-5.727739602469691;2
19_21;2.438726084661824;0.1825824975774233;1
19_22;3.6166379538994473;-4.059456053276396;2
19_23;3.193015786565132;-2.2184111955826276;2
19_24;1.5627548125835646;-2.938112447687265;2
19_25;0.9793938348838527;0.8123940286129088;1
19_26;1.287651073194346;0.04789054114095716;1
19_27;3.881866480847195;-0.08916421658403406;2
19_28;4.446245400635587;3.6112966740642705;1
19_29;3.0492915588421226;-0.9953479405016699;2
19_30;1.6832858752431228;2.6022512631415755;1
19_31;3.273008952690094;1.8449628585162496;1
19_32;2.8555103429349225;3.034872856633147;1
19_33;3.160022532356652;-3.8290768788218297;2
19_34;1.9735252000250951;-0.8045550753226481;2
19_35;3.2242148059973794;-3.133494081927722;2
19_36;2.776754232645198;-3.2581434356249526;2
19_37;2.334248979171981;-3.1868248113765776;2
19_38;3.5195949421088204;-1.1485512332798176;2
19_39;2.9754807857238696;-0.8379047477455883;2
19_40;3.0394089048565944;-3.136398208276018;2
19_41;3.305321787583043;-4.996702934809331;2
19_42;3.6911511222327027;-5.174404583520389;2
19_43;3.712603575538222;-4.590010563435354;2
19_44;2.8731748465210374;-5.003478988335727;2
19_45;4.76856118336306;-2.615256491107464;2
19_46;3.0022079703141418;-0.7324025031357815;2
19_47;2.558450652959934;-1.791128938923547;2
19_48;3.8377044382068646;0.013890622215193387;2
19_49;3.8661047983406425;-1.6624793857283235;2
19_50;5.49304059360724;-2.6185526721108787;2
19_51;2.4078748832933883;-3.386030204115631;2
19_52;3.6154555348591986;-1.6820117301093915;2
19_53;2.3710198377903766;-3.3862191945622326;2
19_54;2.807332311897221;-0.7344290789753858;2
19_55;3.3650508069433878;-5.403004017593565;2
19_56;3.1449179174383657;-3.821310402924891;2
19_57;3.9404358919156515;-6.573175363737902;2
19_58;3.6329287763057323;1.953821643646692;1
19_59;2.74252485593264;0.5489413827787666;1
19_60;2.8395594662730197;0.4541464529213754;1
19_61;3.6838775503822623;-0.2575214410574193;2
19_62;2.9708632217282336;-1.5367191040072652;2
19_63;2.079800520199311;-0.8828867425435699;2
19_64;3.164819996459464;-1.7080966871122247;2
19_65;1.3199700797096416;-0.7792735900976149;2
19_66;2.1274464372199797;-1.6714575629314286;2
19_67;5.761113735726831;-2.624365857808019;2
19_68;3.6266913460873784;-3.584794510401291;2
19_69;4.240231923708906;-2.4828734073363354;2
19_70;3.4516298399814267;-1.8773525647198814;2
19_71;3.8694509495664153;-5.376407184648369;2
20_01;1.546747298423854;1.8494430978468483;1
20_02;0.3656769560757776;1.0487469901354225;1
20_03;1.7643847060517894;0.8702549098239621;1
20_04;2.593861609957476;1.9135283078607785;1
20_05;1.9377131131593504;3.1258642404372674;1
20_06;2.575514524958619;1.3328944453975928;1
20_07;1.7233840711298585;1.156549068729838;1
20_08;4.1705601490910835;3.468194669311226;1
20_09;4.116748673347787;-0.11071061723784756;2
20_10;3.6437320934889006;-2.7650462506605615;2
20_11;4.713476008868187;-1.332142995237325;2
20_12;2.9099112134093104;2.5004411656460315;1
20_13;4.255036493251964;2.795809899786431;1
20_14;3.892106216314041;2.492605647961871;1
20_15;2.7982930635864465;1.0990215216896855;1
20_16;1.5933553475908233;0.7987967259359714;1
20_17;3.124323480213472;-1.2957617393517529;2
20_18;2.8513319914550928;-3.7147745816328652;2
20_19;2.486498470549098;0.0424161631733298;1
20_20;4.505101835886343;-1.9100227608754892;2
20_21;2.7617512626569254;-3.564772314509451;2
20_22;1.8246105637534629;-1.007816234109271;2
20_23;1.3598284268087668;-0.17101548207570222;1
20_24;0.8388677455599427;1.9024728630349077;1
20_25;3.725318681777235;1.8468411630115722;1
20_26;3.2669709956546615;-0.5443245209845751;2
20_27;1.5285513245721287;0.39342365646926647;1
20_28;1.3404392187397158;-1.6179532453264023;2
20_29;2.3842221929753156;-1.6119363807499227;2
20_30;5.2879304599339765;-5.199672339716116;2
20_31;2.92723389922081;-2.053423429978079;2
20_32;1.754926171350932;-0.8600075392795795;2
20_33;3.004831502732693;-5.426788478029752;2
20_34;3.3932668114521;-4.964078185740232;2
20_35;3.9478707089789116;-5.086234457315715;2
20_36;2.9665028915280938;-2.97279168606252;2
20_37;3.8323443486973865;-1.8681940619468864;2
20_38;3.8653239281335763;-1.6513195320648966;2
20_39;3.332173654282138;-4.520210486305611;2
20_40;3.761274397450558;-3.5628243884361255;2
20_41;3.546427700373967;-3.876935945834981;2
20_42;3.1246727131185272;-0.2822967129988081;2
20_43;4.2040174170243105;2.0486343094026283;1
20_44;4.718802165427746;1.1215188027672738;1
20_45;3.7232042362115387;-0.04867367680694461;2
20_46;2.7597154626821574;0.6573092180864976;1
20_47;3.238936870340598;-0.3960282707331616;2
20_48;2.754390786062619;2.675072245836063;1
20_49;3.767857897683079;2.46829598407258;1
20_50;1.8412584850789255;2.3190489665954908;1
20_51;1.2075538175548362;1.1433195564198149;1
20_52;1.2881186244446834;0.5656455257821865;1
20_53;2.387626798419946;0.8427266567637481;1
20_54;4.925034008626277;-3.976668830680535;2
20_55;3.4349908749457536;-4.4865049164060595;2
20_56;2.2693202815175892;-2.871630957092823;2
20_57;1.3671620258895274;-0.31089919438590236;1
20_58;2.974783376487111;2.0312493520138846;1
20_59;3.3652640460800085;2.961883631092491;1
20_60;1.6282638231559394;1.832030546516526;1
20_61;3.208437085421033;0.549571324658312;1
20_62;4.212248313022806;-1.2651989569052804;2
20_63;4.678458985127536;-3.1641539173434654;2
20_64;2.6418360506745358;-0.4979975985266957;2
20_65;1.6548136997619278;1.9073300597100131;1
20_66;0.9102187100967358;2.296539759198774;1
20_67;2.829685273715559;1.3007021151364182;1
20_68;4.758712430176665;0.5762044172458323;2
20_69;4.832548628687842;0.9365278263702808;2
20_70;3.996831974137463;0.4455618609773081;2
20_71;5.55546366305941;0.9480893377646683;2
20_72;4.9515285791300245;-0.1185992322300556;2
20_73;4.238609691692607;2.181521245423207;1
20_74;4.438447201534782;3.04515399630052;1
20_75;5.797778496986206;-1.4356566014282164;2
20_76;6.101552185405171;0.46626210415626695;2
