id_bv;num_circo;nb_procu;nb_inscr;nb_abscent;nb_emarg;nb_votant;nb_bl;nb_nul;nb_exprim;NB_ExtGauche;NB_Gauche;NB_Centre;NB_Droite;NB_ExtDroite;NB_Divers; P_V_G ; P_V_D ;voix_Gauche;voix_Droite
01_01;1;129;1080;299;781;781;7;1;773;3;279;324;70;96;1;0,3648;0,2147;282;166
01_02;1;137;1211;307;904;904;5;4;895;0;312;414;73;91;5;0,3486;0,1832;312;164
01_03;1;140;1211;337;874;874;3;5;866;8;315;346;65;130;2;0,373;0,2252;323;195
01_04;1;133;1295;383;912;912;7;5;900;18;416;315;45;106;0;0,4822;0,1678;434;151
01_05;1;145;1077;254;823;823;3;2;818;1;320;356;56;82;3;0,3924;0,1687;321;138
01_06;1;147;1267;345;921;922;14;2;906;5;334;364;63;135;5;0,3742;0,2185;339;198
01_07;1;131;1109;287;822;822;11;5;806;2;257;376;75;96;0;0,3213;0,2122;259;171
01_08;1;97;973;285;688;688;12;4;672;2;171;311;86;99;3;0,2574;0,2753;173;185
01_09;1;99;934;262;672;672;3;5;664;3;145;327;77;111;1;0,2229;0,2831;148;188
01_10;1;98;895;237;660;658;5;2;651;1;142;353;71;82;2;0,2197;0,235;143;153
02_11;1;120;1084;294;790;790;3;1;786;1;250;356;84;93;2;0,3193;0,2252;251;177
02_12;1;121;1049;224;822;825;4;2;819;5;293;373;60;87;1;0,3639;0,1795;298;147
02_13;1;91;883;257;626;626;2;2;622;2;187;291;59;80;3;0,3039;0,2235;189;139
02_14;1;207;1553;408;1145;1145;7;1;1137;5;481;453;77;120;1;0,4274;0,1733;486;197
02_15;1;169;1456;357;1097;1099;13;1;1085;3;424;497;68;92;1;0,3935;0,1475;427;160
02_16;1;181;1471;342;1129;1129;4;1;1124;3;390;546;88;96;1;0,3496;0,1637;393;184
02_17;1;159;1530;382;1148;1148;10;3;1135;8;459;498;68;100;2;0,4115;0,148;467;168
02_18;1;233;1782;502;1279;1280;7;5;1268;6;583;520;62;96;1;0,4645;0,1246;589;158
02_19;1;227;1792;501;1291;1291;13;4;1274;5;606;489;68;102;4;0,4796;0,1334;611;170
02_20;1;179;1394;321;1073;1073;11;2;1060;5;516;413;46;74;6;0,4915;0,1132;521;120
03_21;5;171;1439;344;1095;1095;7;7;1081;3;459;481;57;81;0;0,4274;0,1277;462;138
03_22;5;215;1580;356;1226;1224;4;6;1214;7;595;477;59;76;0;0,4959;0,1112;602;135
03_23;5;210;1287;287;999;1000;4;4;992;1;446;436;46;63;0;0,4506;0,1099;447;109
03_24;5;193;1428;323;1105;1105;7;2;1096;3;452;501;56;84;0;0,4151;0,1277;455;140
03_25;5;198;1496;332;1163;1164;3;2;1159;1;485;512;66;95;0;0,4193;0,1389;486;161
03_26;5;178;1312;298;1014;1014;7;1;1006;7;409;450;48;92;0;0,4135;0,1392;416;140
03_27;5;203;1483;306;1176;1177;6;2;1169;0;479;524;62;104;0;0,4098;0,142;479;166
03_28;5;174;1355;292;1063;1063;6;2;1055;2;399;485;70;99;0;0,3801;0,1602;401;169
03_29;5;154;1633;456;1177;1177;10;6;1161;9;507;449;64;132;0;0,4444;0,1688;516;196
03_30;5;190;1702;440;1261;1262;5;4;1253;3;602;472;64;112;0;0,4828;0,1405;605;176
03_31;5;197;1570;363;1207;1207;10;6;1191;4;520;502;53;112;0;0,44;0,1385;524;165
03_32;5;157;1496;421;1075;1075;8;1;1066;4;503;433;49;77;0;0,4756;0,1182;507;126
03_33;5;218;1535;408;1126;1127;2;4;1121;2;549;439;53;78;0;0,4915;0,1169;551;131
03_34;5;235;1659;365;1294;1294;11;5;1278;7;626;507;44;94;0;0,4953;0,108;633;138
03_35;5;186;1471;353;1118;1118;8;5;1105;5;472;450;69;109;0;0,4317;0,1611;477;178
04_36;7;111;1259;364;895;895;8;5;882;7;372;283;69;151;0;0,4297;0,2494;379;220
04_37;7;157;1160;287;873;873;10;4;859;3;364;343;56;93;0;0,4272;0,1735;367;149
04_38;7;185;1433;365;1068;1068;6;3;1059;6;479;421;52;101;0;0,458;0,1445;485;153
04_39;7;145;1341;339;1001;1002;11;3;988;7;481;325;67;108;0;0,4939;0,1771;488;175
04_40;7;213;1467;321;1146;1146;6;2;1138;0;431;501;89;117;0;0,3787;0,181;431;206
04_41;7;194;1673;391;1281;1282;6;3;1273;8;510;560;83;112;0;0,4069;0,1532;518;195
04_42;7;153;1323;295;1028;1028;6;1;1021;5;341;465;71;139;0;0,3389;0,2057;346;210
04_43;7;169;1737;459;1278;1278;7;3;1268;1;549;428;105;185;0;0,4338;0,2287;550;290
04_44;7;144;1131;274;857;857;6;1;850;5;276;377;83;109;0;0,3306;0,2259;281;192
04_45;7;131;986;245;742;741;5;2;734;3;221;346;75;89;0;0,3052;0,2234;224;164
04_46;7;135;1064;256;808;808;5;1;802;12;339;323;51;77;0;0,4377;0,1596;351;128
04_47;7;142;1240;274;966;966;10;2;954;4;393;410;51;96;0;0,4161;0,1541;397;147
04_48;7;187;1651;428;1223;1223;14;5;1204;2;580;418;65;139;0;0,4834;0,1694;582;204
04_49;7;157;1262;332;929;930;7;1;922;1;387;413;54;67;0;0,4208;0,1312;388;121
05_01;2;200;1504;340;1164;1164;7;1;1156;2;505;460;63;126;0;0,4386;0,1635;507;189
05_02;2;206;1590;377;1214;1213;7;2;1204;2;481;481;98;142;0;0,4012;0,1993;483;240
05_03;2;221;1697;452;1244;1245;9;4;1232;5;526;477;85;139;0;0,431;0,1818;531;224
05_04;2;184;1455;344;1114;1111;4;3;1104;1;430;438;112;123;0;0,3904;0,2129;431;235
05_05;2;173;1293;286;1006;1007;6;6;995;4;469;388;54;80;0;0,4754;0,1347;473;134
05_06;2;179;1406;322;1084;1084;10;3;1071;9;496;402;71;93;0;0,4715;0,1531;505;164
05_07;2;177;1531;347;1182;1184;5;4;1175;3;491;443;89;149;0;0,4204;0,2026;494;238
05_08;2;244;1568;316;1251;1252;4;3;1245;1;470;582;90;102;0;0,3783;0,1542;471;192
05_09;2;230;1733;322;1411;1411;8;4;1399;1;620;581;82;115;0;0,4439;0,1408;621;197
05_10;2;202;1543;319;1222;1224;14;4;1206;3;502;516;85;100;0;0,4187;0,1534;505;185
05_11;2;211;1551;309;1242;1242;10;1;1231;4;571;473;81;102;0;0,4671;0,1487;575;183
05_12;2;199;1526;321;1203;1205;5;1;1199;5;607;397;82;108;0;0,5104;0,1585;612;190
05_13;2;180;1628;390;1238;1238;10;4;1224;5;545;420;76;178;0;0,4493;0,2075;550;254
05_14;2;153;1318;307;1011;1011;8;3;1000;5;481;344;49;121;0;0,486;0,17;486;170
05_15;2;190;1617;361;1255;1256;11;0;1245;6;629;406;71;133;0;0,51;0,1639;635;204
05_16;2;198;1520;324;1196;1196;3;6;1187;4;635;372;86;90;0;0,5383;0,1483;639;176
05_17;2;184;1435;340;1095;1095;8;8;1079;4;552;338;62;123;0;0,5153;0,1715;556;185
05_18;2;146;1297;323;974;974;10;8;956;1;496;295;52;112;0;0,5199;0,1715;497;164
05_19;2;151;1391;310;1081;1081;13;2;1066;9;494;371;68;124;0;0,4719;0,1801;503;192
05_20;2;112;1501;362;1139;1139;4;2;1133;2;555;346;68;162;0;0,4916;0,203;557;230
05_21;2;216;1615;386;1229;1229;7;2;1220;5;612;422;76;105;0;0,5057;0,1484;617;181
05_22;2;205;1401;327;1074;1074;5;5;1064;1;449;437;70;107;0;0,4229;0,1664;450;177
05_23;2;185;1458;334;1124;1124;11;1;1112;5;463;423;74;147;0;0,4209;0,1987;468;221
05_24;2;207;1505;294;1211;1211;8;5;1198;6;599;401;66;126;0;0,505;0,1603;605;192
05_25;2;218;1617;366;1251;1251;6;2;1243;3;595;460;73;112;0;0,4811;0,1488;598;185
06_01;2;175;1281;307;974;974;4;4;966;2;313;420;93;138;0;0,3261;0,2391;315;231
06_02;2;178;1308;311;997;997;6;2;989;3;254;470;129;133;0;0,2599;0,2649;257;262
06_03;2;184;1373;359;1013;1014;4;3;1007;6;335;473;79;114;0;0,3386;0,1917;341;193
06_04;2;134;1088;286;804;802;2;1;799;1;251;396;52;99;0;0,3154;0,189;252;151
06_05;2;167;1229;318;910;911;2;4;905;1;328;393;86;97;0;0,3635;0,2022;329;183
06_06;2;149;1219;328;890;891;4;1;886;6;313;372;77;118;0;0,36;0,2201;319;195
06_07;2;131;1029;256;773;773;4;0;769;0;197;384;97;91;0;0,2562;0,2445;197;188
06_08;2;121;1043;256;787;787;6;1;780;0;217;399;74;90;0;0,2782;0,2103;217;164
06_09;2;123;908;251;657;657;4;1;652;5;189;305;80;73;0;0,2975;0,2347;194;153
06_10;2;165;1112;217;895;895;5;1;889;4;253;466;86;80;0;0,2891;0,1867;257;166
06_11;11;180;1310;327;983;983;11;2;970;1;296;432;120;121;0;0,3062;0,2485;297;241
06_12;11;162;1171;250;921;921;3;3;915;0;229;457;115;114;0;0,2503;0,2503;229;229
06_13;11;170;1354;286;1067;1068;10;1;1057;1;263;531;115;147;0;0,2498;0,2479;264;262
06_14;11;169;1263;295;968;968;7;2;959;0;294;424;90;151;0;0,3066;0,2513;294;241
06_15;11;176;1260;295;965;965;5;2;958;0;265;483;120;90;0;0,2766;0,2192;265;210
06_16;11;223;1564;398;1163;1166;12;1;1153;1;337;547;110;157;1;0,2931;0,2316;338;267
06_17;11;201;1529;326;1203;1203;8;1;1194;3;381;539;115;155;1;0,3216;0,2261;384;270
06_18;11;153;1051;212;840;839;6;3;830;1;233;365;93;136;2;0,2819;0,2759;234;229
06_19;11;157;1030;193;837;837;6;3;828;7;216;422;73;110;0;0,2693;0,221;223;183
06_20;11;149;1191;267;924;924;8;3;913;1;252;422;85;153;0;0,2771;0,2607;253;238
06_21;11;151;1179;267;912;912;8;3;901;2;279;448;70;102;0;0,3119;0,1909;281;172
06_22;11;187;1330;263;1067;1067;7;1;1059;2;303;530;95;129;0;0,288;0,2115;305;224
07_01;2;143;989;245;744;744;1;0;743;0;125;438;68;112;0;0,1682;0,2423;125;180
07_02;2;179;1376;340;1036;1036;6;6;1024;3;174;553;125;169;0;0,1729;0,2871;177;294
07_03;2;159;1320;342;978;978;11;4;963;3;174;508;125;153;0;0,1838;0,2887;177;278
07_04;2;168;1293;347;944;946;3;3;940;1;215;489;85;150;0;0,2298;0,25;216;235
07_05;2;185;1359;329;1030;1030;5;3;1022;1;172;606;127;116;0;0,1693;0,2378;173;243
07_06;2;188;1425;343;1081;1082;4;6;1072;0;221;597;114;140;0;0,2062;0,2369;221;254
07_07;2;267;1385;328;1057;1057;1;0;1056;0;230;571;143;112;0;0,2178;0,2415;230;255
07_08;2;211;1545;345;1200;1200;6;4;1190;5;222;638;165;160;0;0,1908;0,2731;227;325
07_09;12;190;1249;273;976;976;11;5;960;3;216;449;142;150;0;0,2281;0,3042;219;292
07_10;12;179;1577;425;1152;1152;5;3;1144;1;266;489;138;250;0;0,2334;0,3392;267;388
07_11;12;147;1215;263;952;952;7;4;941;1;120;455;182;183;0;0,1286;0,3879;121;365
07_12;12;172;1267;301;966;966;3;6;957;1;152;486;165;153;0;0,1599;0,3323;153;318
07_13;12;156;1220;234;986;986;7;3;976;2;139;456;191;188;0;0,1445;0,3883;141;379
07_14;12;180;1388;333;1055;1055;8;5;1042;1;218;494;144;185;0;0,2102;0,3157;219;329
07_15;2;145;1424;318;1106;1106;8;6;1092;6;198;592;129;167;0;0,1868;0,2711;204;296
07_16;2;160;1444;306;1137;1138;6;3;1129;3;232;609;128;157;0;0,2081;0,2524;235;285
07_17;2;174;1336;339;997;997;6;7;984;6;232;481;109;156;0;0,2419;0,2693;238;265
07_18;2;166;1438;387;1051;1051;7;3;1041;4;252;506;89;190;0;0,2459;0,268;256;279
07_19;2;158;1252;335;917;917;8;0;909;1;194;418;116;180;0;0,2145;0,3256;195;296
07_20;2;147;1259;303;955;956;8;3;945;3;172;486;135;149;0;0,1852;0,3005;175;284
07_21;2;206;1550;416;1133;1134;6;1;1127;3;195;595;142;192;0;0,1757;0,2964;198;334
07_22;2;153;1330;353;977;977;7;2;968;2;169;512;119;166;0;0,1767;0,2944;171;285
07_23;2;156;1175;297;877;878;3;0;875;2;115;477;103;178;0;0,1337;0,3211;117;281
07_24;2;154;1142;316;826;826;2;3;821;0;83;468;129;141;0;0,1011;0,3289;83;270
07_25;2;143;1247;314;932;933;3;1;929;1;119;531;134;144;0;0,1292;0,2992;120;278
08_01;1;223;1573;377;1190;1196;6;3;1187;4;178;590;197;216;2;0,1533;0,3479;182;413
08_02;1;164;1394;367;1025;1027;6;3;1018;0;162;515;174;165;2;0,1591;0,333;162;339
08_03;1;204;1439;299;1144;1140;8;1;1131;4;181;557;223;165;1;0,1636;0,3431;185;388
08_04;1;195;1427;354;1072;1073;6;1;1066;0;120;570;210;166;0;0,1126;0,3527;120;376
08_05;1;211;1660;379;1279;1281;8;3;1270;2;225;670;209;163;1;0,1787;0,2929;227;372
08_06;1;164;1438;295;1143;1143;6;0;1137;4;304;515;153;160;1;0,2709;0,2753;308;313
08_07;1;192;1552;336;1216;1216;13;2;1201;3;326;573;159;137;3;0,2739;0,2465;329;296
08_08;1;177;1490;310;1179;1180;10;2;1168;6;362;510;147;141;2;0,3151;0,2466;368;288
08_09;1;183;1694;400;1294;1294;7;4;1283;3;255;629;198;198;0;0,2011;0,3087;258;396
08_10;1;114;1083;325;757;758;3;1;754;1;132;373;120;127;1;0,1764;0,3276;133;247
08_11;1;147;1139;291;843;848;10;3;835;4;196;377;142;116;0;0,2395;0,309;200;258
08_12;1;131;1323;414;909;909;8;4;897;2;156;383;150;206;0;0,1761;0,3969;158;356
08_13;1;152;1498;461;1039;1037;8;4;1025;4;171;532;148;166;4;0,1707;0,3063;175;314
08_14;1;152;1526;455;1071;1071;6;0;1065;2;206;485;169;203;0;0,1953;0,3493;208;372
08_15;1;171;1585;443;1141;1142;5;3;1134;4;151;581;190;206;2;0,1367;0,3492;155;396
08_16;1;164;1662;478;1184;1184;11;2;1171;2;170;579;206;214;0;0,1469;0,3587;172;420
08_17;1;59;900;358;542;542;1;1;540;1;94;241;84;120;0;0,1759;0,3778;95;204
08_18;1;82;921;326;595;595;4;3;588;0;90;256;103;138;1;0,1531;0,4099;90;241
09_01;1;150;1322;354;968;968;11;2;955;6;361;411;75;101;1;0,3843;0,1843;367;176
09_02;1;202;1491;341;1150;1150;11;4;1135;5;527;455;58;89;1;0,4687;0,1295;532;147
09_03;1;184;1509;379;1130;1130;10;2;1118;2;444;480;79;112;1;0,3989;0,1708;446;191
09_04;1;163;1482;339;1143;1143;6;4;1133;6;454;484;80;108;1;0,406;0,1659;460;188
09_05;1;213;1493;315;1178;1178;12;7;1159;4;443;533;90;89;0;0,3857;0,1544;447;179
09_06;1;176;1422;336;1086;1086;6;1;1079;6;355;519;89;108;2;0,3346;0,1826;361;197
09_07;1;146;1432;400;1032;1032;6;3;1023;3;308;470;101;140;1;0,304;0,2356;311;241
09_08;1;216;1561;318;1243;1243;11;3;1229;2;373;638;115;98;3;0,3051;0,1733;375;213
09_09;1;156;1363;297;1065;1066;12;0;1054;4;331;534;92;93;0;0,3178;0,1755;335;185
09_10;1;215;1526;304;1222;1222;12;1;1209;2;403;592;106;105;1;0,335;0,1745;405;211
09_11;1;193;1495;311;1183;1184;11;9;1164;5;467;533;74;84;1;0,4055;0,1357;472;158
09_12;1;198;1457;309;1148;1148;20;5;1123;5;469;481;83;85;0;0,4221;0,1496;474;168
09_13;1;202;1576;385;1191;1191;5;4;1182;3;535;472;64;104;4;0,4552;0,1421;538;168
09_14;1;230;1636;362;1274;1274;13;1;1260;5;452;616;93;93;1;0,3627;0,1476;457;186
09_15;1;215;1468;317;1151;1151;9;2;1140;7;415;528;98;90;2;0,3702;0,1649;422;188
09_16;1;173;1405;281;1123;1124;13;3;1108;2;396;514;105;91;0;0,3592;0,1769;398;196
09_17;1;189;1435;321;1114;1114;9;4;1101;4;369;515;97;116;0;0,3388;0,1935;373;213
09_18;1;168;1544;353;1191;1191;7;5;1179;11;475;502;80;106;5;0,4122;0,1578;486;186
09_19;1;202;1498;366;1132;1132;11;6;1115;2;452;484;71;104;2;0,4072;0,157;454;175
09_20;1;204;1491;306;1185;1185;5;2;1178;2;442;531;90;113;0;0,3769;0,1723;444;203
09_21;1;202;1550;322;1228;1228;5;5;1218;5;471;540;73;127;2;0,3908;0,1642;476;200
09_22;1;204;1406;286;1120;1120;9;1;1110;5;429;494;99;83;0;0,391;0,164;434;182
09_23;1;209;1397;334;1063;1063;11;2;1050;3;408;462;97;80;0;0,3914;0,1686;411;177
09_24;18;191;1492;333;1157;1159;18;5;1136;3;432;523;67;109;2;0,3829;0,1549;435;176
09_25;18;240;1639;394;1244;1245;12;5;1228;1;552;466;92;117;0;0,4503;0,1702;553;209
09_26;18;214;1545;342;1203;1203;6;1;1196;3;495;529;66;102;1;0,4164;0,1405;498;168
09_27;18;218;1644;398;1246;1246;7;3;1236;5;646;418;57;105;5;0,5267;0,1311;651;162
10_01;5;220;1648;392;1255;1256;15;7;1234;1;744;363;41;85;0;0,6037;0,1021;745;126
10_02;5;221;1597;370;1227;1227;8;7;1212;1;724;369;37;81;0;0,5982;0,0974;725;118
10_03;5;184;1585;357;1228;1228;10;1;1217;3;724;344;53;93;0;0,5974;0,12;727;146
10_04;5;141;1396;353;1043;1043;5;7;1031;2;611;325;38;55;0;0,5946;0,0902;613;93
10_05;5;168;1385;322;1062;1063;9;3;1051;5;567;363;32;84;0;0,5442;0,1104;572;116
10_06;5;233;1479;346;1133;1133;13;4;1116;3;639;351;45;78;0;0,5753;0,1102;642;123
10_07;5;165;1318;332;985;986;4;4;978;3;617;277;28;53;0;0,6339;0,0828;620;81
10_08;5;204;1620;391;1230;1229;6;4;1219;5;717;348;48;101;0;0,5923;0,1222;722;149
10_09;5;202;1633;384;1249;1249;13;4;1232;9;608;384;72;159;0;0,5008;0,1875;617;231
10_10;5;209;1515;327;1188;1188;4;4;1180;16;704;337;40;83;0;0,6102;0,1042;720;123
10_11;5;188;1601;416;1185;1185;11;5;1169;6;743;303;35;82;0;0,6407;0,1001;749;117
10_12;5;188;1626;434;1190;1192;10;1;1181;4;845;251;19;62;0;0,7189;0,0686;849;81
10_13;5;150;1682;507;1175;1175;7;1;1167;11;830;219;26;81;0;0,7207;0,0917;841;107
10_14;5;180;1690;447;1243;1243;5;10;1228;8;866;256;26;72;0;0,7117;0,0798;874;98
10_15;5;167;1455;384;1071;1071;6;3;1062;10;658;271;32;91;0;0,629;0,1158;668;123
10_16;5;185;1444;364;1079;1080;8;2;1070;6;700;257;27;80;0;0,6598;0,1;706;107
10_17;5;85;1335;440;895;895;11;4;880;8;432;230;53;157;0;0,5;0,2386;440;210
10_18;5;123;1424;468;956;956;4;5;947;3;561;265;36;82;0;0,5956;0,1246;564;118
10_19;5;117;1310;410;900;900;12;4;884;12;498;242;32;100;0;0,5769;0,1493;510;132
10_20;5;160;1296;326;970;970;9;2;959;6;626;232;39;56;0;0,659;0,0991;632;95
10_21;5;152;1423;410;1013;1013;9;5;999;8;630;232;44;85;0;0,6386;0,1291;638;129
10_22;5;184;1484;294;1190;1190;6;1;1183;4;739;311;40;89;0;0,6281;0,109;743;129
10_23;5;147;1297;306;990;991;4;4;983;7;630;263;29;54;0;0,648;0,0844;637;83
10_24;5;153;1300;311;989;989;5;0;984;3;601;260;46;74;0;0,6138;0,122;604;120
10_25;5;143;1349;344;1005;1005;11;4;990;8;646;202;35;99;0;0,6606;0,1354;654;134
10_26;5;172;1268;283;985;985;8;4;973;5;610;237;30;91;0;0,6321;0,1244;615;121
10_27;5;167;1499;429;1066;1070;10;5;1055;6;702;241;37;69;0;0,6711;0,1005;708;106
10_28;5;159;1376;325;1051;1051;3;2;1046;4;600;283;59;100;0;0,5774;0,152;604;159
10_29;5;179;1491;335;1156;1156;4;2;1150;4;571;435;58;82;0;0,5;0,1217;575;140
10_30;5;184;1473;348;1125;1125;10;5;1110;6;617;347;60;80;0;0,5613;0,1261;623;140
10_31;5;151;1230;293;937;937;4;1;932;2;428;392;42;68;0;0,4614;0,118;430;110
10_32;5;160;1323;325;998;998;10;4;984;6;639;257;25;57;0;0,6555;0,0833;645;82
10_33;5;193;1491;406;1085;1085;7;3;1075;7;634;327;39;68;0;0,5963;0,0995;641;107
10_34;5;179;1512;369;1143;1143;8;9;1126;5;533;391;48;149;0;0,4778;0,175;538;197
10_35;5;166;1386;329;1056;1057;5;10;1042;1;542;374;48;76;0;0,5211;0,119;543;124
10_36;5;376;1437;275;1162;1162;6;9;1147;3;671;357;56;60;0;0,5876;0,1011;674;116
10_37;5;145;1315;303;1012;1012;8;3;1001;2;521;348;49;81;0;0,5225;0,1299;523;130
10_38;5;215;1625;341;1284;1284;6;3;1275;4;684;472;38;77;0;0,5396;0,0902;688;115
10_39;5;219;1687;443;1244;1244;8;9;1227;6;718;363;54;86;0;0,5901;0,1141;724;140
11_01;7;227;1843;445;1398;1398;5;4;1389;3;837;387;50;112;0;0,6048;0,1166;840;162
11_02;7;229;1608;345;1263;1263;11;3;1249;3;642;421;63;120;0;0,5164;0,1465;645;183
11_03;7;145;1618;419;1199;1199;14;5;1180;14;742;292;30;102;0;0,6407;0,1119;756;132
11_04;7;205;1717;403;1314;1314;9;4;1301;7;703;428;59;104;0;0,5457;0,1253;710;163
11_05;7;228;1773;392;1381;1381;9;2;1370;6;811;392;52;109;0;0,5964;0,1175;817;161
11_06;7;217;1723;409;1314;1314;8;2;1304;3;788;353;58;102;0;0,6066;0,1227;791;160
11_07;7;162;1587;356;1231;1231;8;10;1213;7;638;409;64;95;0;0,5317;0,1311;645;159
11_08;7;185;1568;352;1215;1216;8;5;1203;9;740;304;44;106;0;0,6226;0,1247;749;150
11_09;7;252;1682;339;1343;1343;6;7;1330;3;770;419;51;87;0;0,5812;0,1038;773;138
11_10;7;195;1654;407;1247;1247;4;6;1237;2;739;342;44;110;0;0,599;0,1245;741;154
11_11;7;0;1911;424;1486;1487;3;4;1480;2;851;476;62;89;0;0,5764;0,102;853;151
11_12;7;213;1694;363;1331;1331;9;4;1318;8;756;403;52;99;0;0,5797;0,1146;764;151
11_13;7;259;1773;410;1363;1363;4;3;1356;5;824;402;42;83;0;0,6114;0,0922;829;125
11_14;7;239;1862;403;1459;1459;13;6;1440;16;777;468;65;114;0;0,5507;0,1243;793;179
11_15;7;220;1712;368;1344;1344;6;1;1337;9;639;510;64;115;0;0,4847;0,1339;648;179
11_16;7;217;1539;298;1241;1241;7;2;1232;2;541;506;69;114;0;0,4407;0,1485;543;183
11_17;7;217;1549;279;1270;1270;7;9;1254;3;598;489;61;103;0;0,4793;0,1308;601;164
11_18;7;181;1654;387;1264;1267;14;6;1247;5;662;421;48;111;0;0,5349;0,1275;667;159
11_19;7;176;1514;366;1148;1148;7;1;1140;3;618;381;59;79;0;0,5447;0,1211;621;138
11_20;7;232;1705;361;1344;1344;5;3;1336;3;734;446;50;103;0;0,5516;0,1145;737;153
11_21;7;240;1568;355;1213;1213;9;4;1200;4;649;402;52;93;0;0,5442;0,1208;653;145
11_22;7;221;1728;371;1356;1357;11;6;1340;6;715;442;65;112;0;0,5381;0,1321;721;177
11_23;7;211;1682;384;1298;1298;7;3;1288;6;770;389;38;85;0;0,6025;0,0955;776;123
11_24;7;270;1813;421;1392;1392;7;3;1382;9;751;483;59;80;0;0,5499;0,1006;760;139
11_25;7;232;1801;409;1392;1392;8;2;1382;2;761;437;70;112;0;0,5521;0,1317;763;182
11_26;7;246;1814;405;1409;1409;13;5;1391;9;715;491;68;108;0;0,5205;0,1265;724;176
11_27;6;263;1744;314;1428;1430;17;6;1407;15;832;423;47;90;0;0,602;0,0974;847;137
11_28;6;215;1723;435;1288;1288;12;4;1272;6;805;353;51;57;0;0,6376;0,0849;811;108
11_29;6;254;1892;453;1439;1439;14;6;1419;7;921;339;49;103;0;0,654;0,1071;928;152
11_30;6;233;1844;492;1349;1352;11;8;1333;6;875;322;34;96;0;0,6609;0,0975;881;130
11_31;6;150;1944;635;1309;1309;10;5;1294;15;928;222;34;95;0;0,7287;0,0997;943;129
11_32;6;220;1942;578;1364;1364;13;3;1348;13;949;255;39;92;0;0,7136;0,0972;962;131
11_33;6;211;1922;465;1456;1457;14;3;1440;13;855;402;59;111;0;0,6028;0,1181;868;170
11_34;6;197;1826;555;1271;1271;12;7;1252;15;794;298;39;106;0;0,6462;0,1158;809;145
11_35;6;230;1697;401;1294;1296;8;8;1280;8;685;419;57;111;0;0,5414;0,1313;693;168
11_36;6;236;1715;391;1324;1324;13;4;1307;7;754;405;48;93;0;0,5822;0,1079;761;141
11_37;6;219;1586;365;1221;1221;12;9;1200;11;637;395;72;85;0;0,54;0,1308;648;157
11_38;6;199;1798;405;1393;1393;14;4;1375;9;722;456;61;127;0;0,5316;0,1367;731;188
11_39;6;175;1480;379;1101;1101;13;9;1079;7;674;255;56;87;0;0,6311;0,1325;681;143
11_40;6;141;1509;430;1079;1079;22;6;1051;9;566;295;52;129;0;0,5471;0,1722;575;181
11_41;6;161;1790;514;1275;1276;13;10;1253;4;761;275;57;156;0;0,6105;0,17;765;213
11_42;6;160;1534;467;1066;1067;14;4;1049;13;597;258;53;128;0;0,5815;0,1725;610;181
11_43;6;171;1785;466;1319;1319;17;8;1294;10;775;336;64;109;0;0,6066;0,1337;785;173
11_44;6;221;1779;448;1331;1331;12;6;1313;13;666;454;70;110;0;0,5171;0,1371;679;180
11_45;6;177;1601;355;1246;1246;13;9;1224;1;552;462;78;131;0;0,4518;0,1708;553;209
11_46;6;131;1869;614;1254;1255;15;7;1233;12;730;301;45;145;0;0,6018;0,1541;742;190
11_47;6;154;1800;516;1284;1284;16;6;1262;13;699;342;64;144;0;0,5642;0,1648;712;208
11_48;6;201;1763;383;1380;1380;12;3;1365;6;624;516;99;120;0;0,4615;0,1604;630;219
11_49;6;198;1784;426;1356;1358;9;14;1335;16;717;396;64;142;0;0,5491;0,1543;733;206
11_50;6;222;1775;397;1378;1378;13;12;1353;7;758;413;68;107;0;0,5654;0,1293;765;175
11_51;6;202;1750;412;1338;1338;12;10;1316;8;677;418;83;130;0;0,5205;0,1619;685;213
11_52;6;212;1803;384;1418;1419;13;2;1404;11;771;467;59;96;0;0,557;0,1104;782;155
11_53;6;255;1797;355;1441;1442;23;6;1413;5;706;498;88;116;0;0,5032;0,1444;711;204
11_54;6;138;1636;431;1205;1205;10;6;1189;8;643;363;67;108;0;0,5475;0,1472;651;175
11_55;6;162;1751;408;1343;1343;15;8;1320;6;718;430;39;127;0;0,5485;0,1258;724;166
12_01;8;128;1103;269;834;834;8;3;823;3;447;254;43;76;0;0,5468;0,1446;450;119
12_02;8;129;1310;337;973;973;10;3;960;8;504;289;55;102;2;0,5333;0,1635;512;157
12_03;8;164;1598;397;1201;1201;13;3;1185;1;554;401;73;155;1;0,4684;0,1924;555;228
12_04;8;149;1479;418;1061;1061;11;4;1046;9;475;370;64;128;0;0,4627;0,1836;484;192
12_05;8;143;1494;375;1116;1119;10;3;1106;7;453;433;78;135;0;0,4159;0,1926;460;213
12_06;8;118;1448;411;1037;1037;8;4;1025;11;520;288;69;137;0;0,518;0,201;531;206
12_07;8;178;1496;309;1187;1187;7;7;1173;6;492;448;89;138;0;0,4246;0,1935;498;227
12_08;8;126;1464;419;1045;1045;7;3;1035;8;572;275;46;132;2;0,5604;0,172;580;178
12_09;8;78;1627;508;1119;1119;19;4;1096;19;620;253;61;143;0;0,583;0,1861;639;204
12_10;8;161;1553;430;1123;1123;4;8;1111;6;604;313;58;129;1;0,5491;0,1683;610;187
12_11;8;143;1298;347;951;951;8;7;936;4;471;260;47;154;0;0,5075;0,2147;475;201
12_12;8;238;1957;426;1531;1531;5;5;1521;4;835;449;69;164;0;0,5516;0,1532;839;233
12_13;8;175;1482;310;1172;1172;10;3;1159;9;620;367;62;100;1;0,5427;0,1398;629;162
12_14;8;120;1397;364;1033;1033;11;4;1018;7;441;361;58;150;1;0,4401;0,2043;448;208
12_15;8;157;1629;455;1174;1174;5;4;1165;10;627;348;43;137;0;0,5468;0,1545;637;180
12_16;8;161;1362;303;1059;1059;10;5;1044;3;472;368;68;133;0;0,455;0,1925;475;201
12_17;8;134;1319;297;1022;1022;9;4;1009;4;440;377;62;126;0;0,44;0,1863;444;188
12_18;8;177;1440;296;1144;1144;9;2;1133;4;605;346;77;101;0;0,5375;0,1571;609;178
12_19;8;139;1498;436;1063;1062;11;6;1045;9;561;305;46;124;0;0,5455;0,1627;570;170
12_20;8;147;1360;316;1044;1044;8;3;1033;8;511;337;60;116;1;0,5024;0,1704;519;176
12_21;8;145;1633;386;1247;1247;11;4;1232;7;574;447;55;149;0;0,4716;0,1656;581;204
12_22;8;107;1598;485;1113;1113;16;3;1094;10;630;272;49;133;0;0,585;0,1664;640;182
12_23;8;110;1317;391;926;926;10;3;913;9;448;324;44;88;0;0,5005;0,1446;457;132
12_24;8;147;1420;373;1045;1047;9;2;1036;1;577;283;58;116;1;0,5579;0,168;578;174
12_25;8;120;1590;415;1175;1175;12;7;1156;11;572;363;55;154;1;0,5043;0,1808;583;209
12_26;8;117;1426;373;1053;1053;6;5;1042;5;483;354;50;150;0;0,4683;0,1919;488;200
12_27;8;141;1429;367;1062;1062;8;0;1054;13;557;331;57;96;0;0,5408;0,1452;570;153
12_28;8;120;1539;488;1051;1051;15;10;1026;14;504;277;61;170;0;0,5049;0,2251;518;231
12_29;8;103;1186;356;830;830;10;7;813;4;385;272;37;115;0;0,4785;0,187;389;152
12_30;8;162;1439;343;1096;1096;11;2;1083;5;467;402;74;135;0;0,4358;0,193;472;209
12_31;8;119;1422;355;1067;1067;7;3;1057;5;525;346;64;117;0;0,5014;0,1712;530;181
12_32;8;123;1446;337;1109;1109;11;6;1092;5;495;398;71;123;0;0,4579;0,1777;500;194
12_33;8;114;1525;402;1123;1123;13;5;1105;15;538;352;54;144;2;0,5005;0,1792;553;198
12_34;8;133;1540;344;1196;1196;11;6;1179;4;519;429;60;167;0;0,4436;0,1925;523;227
12_35;8;177;1452;296;1156;1156;11;1;1144;4;459;456;87;138;0;0,4047;0,1967;463;225
12_36;8;81;1410;417;993;993;11;6;976;9;470;266;60;170;1;0,4908;0,2357;479;230
12_37;8;94;1395;421;974;974;10;3;961;10;515;247;48;141;0;0,5463;0,1967;525;189
12_38;8;132;1584;406;1178;1178;13;6;1159;11;572;359;54;163;0;0,503;0,1872;583;217
12_39;8;111;1231;314;917;917;6;5;906;7;418;290;50;141;0;0,4691;0,2108;425;191
12_40;8;133;1345;308;1037;1037;7;5;1025;5;512;315;55;138;0;0,5044;0,1883;517;193
12_41;8;170;1348;309;1039;1039;7;4;1028;6;458;373;71;120;0;0,4514;0,1858;464;191
12_42;8;137;1616;409;1207;1207;4;3;1200;13;591;365;65;166;0;0,5033;0,1925;604;231
12_43;8;55;940;301;639;639;21;3;615;8;272;178;18;137;2;0,4553;0,252;280;155
12_44;8;97;1396;415;981;981;11;10;960;11;506;275;31;136;1;0,5385;0,174;517;167
12_45;8;71;1356;464;892;892;14;4;874;10;523;185;33;123;0;0,6098;0,1785;533;156
12_46;8;136;1521;430;1091;1091;12;6;1073;12;540;317;64;140;0;0,5144;0,1901;552;204
12_47;8;98;1501;455;1046;1046;24;6;1016;13;536;273;45;149;0;0,5404;0,1909;549;194
12_48;8;109;1532;465;1067;1067;14;6;1047;8;570;271;51;147;0;0,5521;0,1891;578;198
12_49;8;157;1637;417;1220;1220;10;1;1209;8;639;369;63;130;0;0,5352;0,1596;647;193
12_50;8;124;1614;454;1160;1160;19;12;1129;12;635;300;42;140;0;0,5731;0,1612;647;182
12_51;7;142;1592;465;1127;1127;11;4;1112;10;578;359;45;120;0;0,5288;0,1484;588;165
12_52;7;150;1281;265;1016;1016;7;1;1008;6;492;370;56;84;0;0,494;0,1389;498;140
12_53;7;199;1682;428;1254;1254;11;5;1238;4;596;459;70;109;0;0,4847;0,1446;600;179
12_54;7;133;1356;418;938;938;8;5;925;7;411;312;44;151;0;0,4519;0,2108;418;195
12_55;7;220;1793;373;1420;1420;13;4;1403;5;747;433;68;150;0;0,536;0,1554;752;218
12_56;7;162;1198;253;945;945;4;0;941;5;531;295;42;68;0;0,5696;0,1169;536;110
12_57;7;189;1550;373;1177;1177;9;4;1164;10;704;327;38;85;0;0,6134;0,1057;714;123
12_58;7;163;1466;365;1101;1101;5;1;1095;6;625;332;52;80;0;0,5763;0,1205;631;132
12_59;7;136;1292;311;980;981;8;4;969;6;511;290;54;108;0;0,5335;0,1672;517;162
12_60;7;153;1392;376;1016;1016;7;2;1007;10;603;269;43;82;0;0,6087;0,1241;613;125
12_61;8;125;1464;348;1116;1116;13;6;1097;5;516;327;55;194;0;0,4749;0,227;521;249
12_62;7;215;1498;307;1191;1191;9;4;1178;4;659;405;38;72;0;0,5628;0,0934;663;110
12_63;7;137;1445;429;1016;1016;13;3;1000;3;555;262;50;130;0;0,558;0,18;558;180
12_64;8;120;1294;266;1028;1028;11;5;1012;3;477;341;65;126;0;0,4743;0,1887;480;191
13_01;9;227;1712;380;1333;1332;16;3;1313;7;690;370;112;134;0;0,5308;0,1874;697;246
13_02;9;117;1461;414;1047;1047;11;6;1030;17;556;250;87;120;0;0,5563;0,201;573;207
13_03;9;128;1627;430;1197;1197;15;4;1178;17;602;303;115;141;0;0,5255;0,2173;619;256
13_04;9;111;1325;397;927;928;14;4;910;18;487;208;61;136;0;0,5549;0,2165;505;197
13_05;9;152;1540;376;1164;1164;12;2;1150;11;599;322;91;127;0;0,5304;0,1896;610;218
13_06;9;129;1195;291;904;904;7;5;892;4;465;251;72;100;0;0,5258;0,1928;469;172
13_07;9;132;1694;508;1186;1186;10;4;1172;8;656;284;78;146;0;0,5666;0,1911;664;224
13_08;9;129;1499;408;1091;1091;12;5;1074;16;625;218;73;142;0;0,5968;0,2002;641;215
13_09;9;72;1233;389;844;844;9;1;834;14;469;152;71;128;0;0,5791;0,2386;483;199
13_10;9;76;1314;395;919;919;13;3;903;11;465;183;91;153;0;0,5271;0,2702;476;244
13_11;9;88;1512;515;997;997;19;8;970;17;487;227;96;143;0;0,5196;0,2464;504;239
13_12;9;63;1455;452;1003;1003;9;4;990;10;539;187;90;164;0;0,5545;0,2566;549;254
13_13;9;177;1705;409;1296;1296;15;8;1273;9;694;330;108;132;0;0,5522;0,1885;703;240
13_14;9;90;1453;462;991;991;17;13;961;14;487;196;90;174;0;0,5213;0,2747;501;264
13_15;9;76;1769;641;1128;1128;8;9;1111;20;538;282;94;177;0;0,5023;0,2439;558;271
13_16;9;105;1987;612;1373;1375;15;9;1351;18;761;296;97;179;0;0,5766;0,2043;779;276
13_17;9;107;1674;500;1174;1174;17;5;1152;12;584;306;106;144;0;0,5174;0,217;596;250
13_18;9;82;1514;496;1018;1018;11;4;1003;22;576;173;75;157;0;0,5962;0,2313;598;232
13_19;9;71;1863;663;1200;1200;16;9;1175;13;579;286;130;167;0;0,5038;0,2528;592;297
13_20;9;62;1887;729;1156;1158;17;9;1132;12;525;259;147;189;0;0,4744;0,2968;537;336
13_21;9;64;1637;612;1023;1025;7;3;1015;17;410;257;113;218;0;0,4207;0,3261;427;331
13_22;9;55;1706;733;973;973;16;7;950;24;479;159;88;200;0;0,5295;0,3032;503;288
13_23;9;128;1499;419;1080;1080;18;6;1056;23;611;213;70;139;0;0,6004;0,1979;634;209
13_24;9;88;1464;471;993;993;14;9;970;12;556;199;74;129;0;0,5856;0,2093;568;203
13_25;9;84;1714;655;1059;1059;13;11;1035;26;603;198;60;148;0;0,6077;0,201;629;208
13_26;9;136;1784;512;1272;1272;14;2;1256;11;715;277;79;174;0;0,578;0,2014;726;253
13_27;9;144;1876;513;1363;1363;10;9;1344;16;783;299;81;165;0;0,5945;0,183;799;246
13_28;9;138;1768;466;1302;1302;17;5;1280;17;691;323;100;149;0;0,5531;0,1945;708;249
13_29;9;40;1291;463;828;828;17;10;801;17;411;149;69;155;0;0,5343;0,2797;428;224
13_30;9;131;1724;457;1267;1267;14;5;1248;17;702;279;88;162;0;0,5761;0,2003;719;250
13_31;9;114;1327;333;994;994;5;4;985;13;513;270;78;111;0;0,534;0,1919;526;189
13_32;9;126;1726;532;1194;1194;18;6;1170;22;693;209;67;179;0;0,6111;0,2103;715;246
13_33;9;32;772;285;487;487;8;6;473;12;275;86;38;62;0;0,6068;0,2114;287;100
13_34;9;145;1596;358;1238;1238;10;3;1225;12;610;369;89;145;0;0,5078;0,191;622;234
13_35;10;123;1302;372;930;930;6;4;920;1;511;251;49;92;16;0,5565;0,1533;512;141
13_36;10;147;1454;366;1088;1088;9;4;1075;4;517;337;73;140;4;0,4847;0,1981;521;213
13_37;10;89;1861;624;1236;1237;17;7;1213;12;698;235;66;188;14;0,5853;0,2094;710;254
13_38;10;95;1449;463;986;986;9;12;965;5;438;308;74;133;7;0,4591;0,2145;443;207
13_39;10;115;1899;623;1276;1276;11;8;1257;5;723;296;67;148;18;0,5792;0,171;728;215
13_40;10;167;1600;344;1256;1256;3;8;1245;4;648;405;66;96;26;0,5237;0,1301;652;162
13_41;10;156;1803;510;1292;1293;10;12;1271;6;762;302;59;130;12;0,6042;0,1487;768;189
13_42;10;59;1597;572;1022;1025;14;9;1002;10;586;177;48;166;15;0,5948;0,2136;596;214
13_43;10;151;1735;432;1302;1303;10;13;1280;7;779;278;63;133;20;0,6141;0,1531;786;196
13_44;10;65;1591;580;1011;1011;13;7;991;12;586;195;52;138;8;0,6034;0,1917;598;190
13_45;10;89;1602;547;1055;1055;15;6;1034;8;587;233;51;138;17;0,5754;0,1828;595;189
13_46;10;92;1647;578;1067;1069;16;5;1048;9;435;290;62;238;14;0,4237;0,2863;444;300
13_47;10;165;1827;409;1416;1418;11;10;1397;6;776;365;82;149;19;0,5598;0,1654;782;231
13_48;10;140;1749;467;1282;1282;16;7;1259;5;704;326;66;132;26;0,5631;0,1573;709;198
13_49;10;198;1743;361;1382;1382;12;5;1365;5;761;406;64;106;23;0,5612;0,1245;766;170
13_50;10;192;1725;353;1372;1372;6;3;1363;7;763;394;70;107;22;0,5649;0,1299;770;177
13_51;10;148;1676;420;1256;1256;10;3;1243;7;685;305;93;135;18;0,5567;0,1834;692;228
13_52;10;133;1379;293;1086;1086;8;5;1073;9;545;336;60;114;9;0,5163;0,1622;554;174
13_53;10;86;1343;412;930;931;2;4;925;8;545;214;44;105;9;0,5978;0,1611;553;149
13_54;10;167;1726;393;1333;1333;11;10;1312;11;748;326;60;143;24;0,5785;0,1547;759;203
13_55;10;85;1285;355;930;930;8;3;919;8;486;219;53;137;16;0,5375;0,2067;494;190
13_56;10;71;1680;391;1286;1289;12;8;1269;8;692;334;71;149;15;0,5516;0,1734;700;220
13_57;10;171;1587;400;1186;1187;11;6;1170;10;675;290;65;116;14;0,5855;0,1547;685;181
13_58;10;198;1628;402;1225;1226;9;1;1216;6;678;351;52;107;22;0,5625;0,1308;684;159
13_59;10;185;1827;467;1361;1360;18;6;1336;9;693;363;102;144;25;0,5254;0,1841;702;246
13_60;9;128;1599;413;1186;1186;11;3;1172;5;602;302;65;109;12;0,5179;0,1485;607;174
13_61;9;198;1608;330;1283;1278;15;4;1259;15;655;351;130;108;0;0,5322;0,189;670;238
13_62;9;171;1635;360;1275;1275;10;7;1258;19;607;411;86;135;0;0,4976;0,1757;626;221
13_63;9;138;1325;266;1056;1059;8;3;1048;10;482;362;104;90;0;0,4695;0,1851;492;194
13_64;9;119;1375;368;1007;1007;13;4;990;9;486;303;79;113;0;0,5;0,1939;495;192
13_65;9;244;1766;361;1404;1405;11;3;1391;8;696;479;106;102;0;0,5061;0,1495;704;208
13_66;9;211;1794;398;1397;1396;10;6;1380;12;692;441;113;122;0;0,5101;0,1703;704;235
13_67;9;192;1550;364;1186;1186;12;7;1167;9;609;344;96;109;0;0,5296;0,1757;618;205
13_68;9;138;1625;440;1185;1185;17;8;1160;16;697;268;71;108;0;0,6147;0,1543;713;179
13_69;10;142;1441;331;1110;1110;13;2;1095;5;602;302;65;109;12;0,5543;0,1589;607;174
13_70;9;74;1183;320;863;863;4;7;852;7;430;232;71;112;0;0,5129;0,2148;437;183
13_71;9;62;1227;333;893;894;5;7;882;12;553;179;54;84;0;0,6406;0,1565;565;138
13_72;9;97;1342;357;984;985;10;4;971;14;575;185;81;116;0;0,6066;0,2029;589;197
14_01;11;140;1351;263;1088;1088;10;2;1076;9;512;382;61;112;0;0,4842;0,1608;521;173
14_02;11;169;1462;334;1128;1128;6;3;1119;6;560;332;73;148;0;0,5058;0,1975;566;221
14_03;11;214;1514;286;1227;1228;12;3;1213;1;563;468;83;97;1;0,465;0,1484;564;180
14_04;11;202;1536;344;1192;1192;6;2;1184;8;589;397;80;106;4;0,5042;0,1571;597;186
14_05;11;173;1392;295;1096;1097;8;1;1088;3;529;381;87;88;0;0,489;0,1608;532;175
14_06;11;220;1446;286;1160;1160;5;3;1152;6;554;444;58;90;0;0,4861;0,1285;560;148
14_07;11;149;1499;305;1194;1194;16;2;1176;5;568;402;72;129;0;0,4872;0,1709;573;201
14_08;11;195;1441;270;1171;1171;5;2;1164;3;527;426;82;126;0;0,4553;0,1787;530;208
14_09;11;201;1567;319;1248;1248;12;4;1232;4;621;393;85;129;0;0,5073;0,1737;625;214
14_10;11;98;1424;404;1020;1020;11;6;1003;9;506;257;80;151;0;0,5135;0,2303;515;231
14_11;11;157;1425;300;1125;1125;15;5;1105;5;475;434;74;117;0;0,4344;0,1729;480;191
14_12;11;149;1574;390;1184;1184;9;1;1174;8;512;413;74;167;0;0,4429;0,2053;520;241
14_13;11;179;1518;334;1184;1184;7;2;1175;3;558;419;85;110;0;0,4774;0,166;561;195
14_14;11;162;1606;347;1258;1259;11;1;1247;6;552;465;69;155;0;0,4475;0,1796;558;224
14_15;11;178;1599;397;1202;1202;10;2;1190;9;660;332;58;131;0;0,5622;0,1588;669;189
14_16;11;131;1494;382;1110;1112;18;6;1088;3;557;307;84;136;1;0,5147;0,2022;560;220
14_17;11;175;1489;331;1158;1158;10;5;1143;2;585;386;68;102;0;0,5136;0,1487;587;170
14_18;11;168;1629;423;1207;1206;9;5;1192;8;655;314;67;145;3;0,5562;0,1779;663;212
14_19;11;159;1727;489;1235;1238;10;4;1224;9;733;304;62;116;0;0,6062;0,1454;742;178
14_20;11;117;1388;401;986;987;18;5;964;9;546;222;56;131;0;0,5757;0,194;555;187
14_21;11;60;1467;513;955;954;13;3;938;8;538;162;55;173;2;0,5821;0,2431;546;228
14_22;11;139;1516;412;1104;1104;11;5;1088;4;646;251;57;130;0;0,5974;0,1719;650;187
14_23;11;139;1534;404;1128;1130;14;5;1111;6;646;285;46;127;1;0,5869;0,1557;652;173
14_24;11;201;1610;395;1215;1215;9;4;1202;7;651;375;59;110;0;0,5474;0,1406;658;169
14_25;11;102;1526;320;1206;1206;5;2;1199;1;647;365;64;122;0;0,5405;0,1551;648;186
14_26;11;146;1312;325;986;987;12;6;969;3;433;357;75;100;1;0,4499;0,1806;436;175
14_27;11;97;1098;243;853;855;3;2;850;1;313;344;99;93;0;0,3694;0,2259;314;192
14_28;11;231;1542;350;1192;1192;3;1;1188;5;485;506;83;109;0;0,4125;0,1616;490;192
14_29;11;221;1656;327;1329;1329;6;8;1315;1;727;435;59;92;1;0,5536;0,1148;728;151
14_30;11;155;1402;342;1060;1060;1;3;1056;1;399;434;82;139;1;0,3788;0,2093;400;221
14_31;11;201;1476;294;1182;1182;7;2;1173;6;477;516;70;104;0;0,4118;0,1483;483;174
14_32;11;163;1383;300;1083;1083;5;3;1075;2;481;394;58;139;1;0,4493;0,1833;483;197
14_33;11;195;1554;381;1173;1173;7;1;1165;4;493;449;82;137;0;0,4266;0,188;497;219
14_34;11;75;1383;283;1099;1100;11;5;1084;8;526;383;57;110;0;0,4926;0,1541;534;167
14_35;11;130;1479;315;1164;1164;7;1;1156;4;536;433;60;123;0;0,4671;0,1583;540;183
14_36;11;115;1314;390;922;924;10;7;907;3;488;230;44;141;1;0,5413;0,204;491;185
14_37;11;145;1597;394;1204;1203;12;3;1188;4;624;345;56;157;2;0,5286;0,1793;628;213
14_38;11;128;1230;264;966;966;5;4;957;7;509;295;54;91;1;0,5392;0,1515;516;145
14_39;11;142;1480;360;1120;1120;11;8;1101;13;581;304;69;133;1;0,5395;0,1835;594;202
14_40;10;138;1547;382;1165;1165;7;4;1154;6;597;362;65;117;7;0,5225;0,1577;603;182
14_41;10;242;1784;463;1320;1321;4;3;1314;3;639;461;83;115;13;0,4886;0,1507;642;198
14_42;10;129;1196;320;876;876;5;2;869;3;444;234;56;120;12;0,5144;0,2025;447;176
14_43;10;155;1516;370;1146;1146;13;9;1124;3;535;343;95;131;17;0,4786;0,2011;538;226
14_44;10;98;1334;401;933;933;11;4;918;10;535;169;42;152;10;0,5937;0,2113;545;194
14_45;10;64;1220;404;816;816;9;4;803;5;515;127;30;120;6;0,6476;0,1868;520;150
14_46;10;147;1404;314;1090;1090;7;4;1079;2;523;359;81;101;13;0,4866;0,1687;525;182
14_47;10;48;1419;423;995;996;11;5;980;5;481;256;80;150;8;0,4959;0,2347;486;230
14_48;10;132;1539;480;1059;1059;12;5;1042;7;554;277;62;132;10;0,5384;0,1862;561;194
14_49;10;133;1674;408;1266;1266;9;4;1253;6;623;389;90;140;5;0,502;0,1836;629;230
14_50;10;205;1531;357;1174;1174;8;5;1161;3;513;414;96;115;20;0,4444;0,1817;516;211
14_51;10;82;1411;420;991;991;8;4;979;7;480;280;55;152;5;0,4974;0,2114;487;207
14_52;10;64;1531;527;1004;1004;6;3;995;14;521;203;63;186;8;0,5377;0,2503;535;249
14_53;10;72;1482;559;923;923;7;5;911;9;446;217;60;164;15;0,4995;0,2459;455;224
14_54;10;115;1524;452;1071;1072;14;6;1052;11;506;277;79;169;10;0,4914;0,2357;517;248
14_55;10;107;1810;586;1224;1224;10;4;1210;9;586;302;89;211;13;0,4917;0,2479;595;300
14_56;10;63;1461;533;928;928;16;9;903;9;439;172;58;213;12;0,4961;0,3001;448;271
14_57;10;37;1523;659;863;864;9;6;849;14;477;135;41;176;6;0,5783;0,2556;491;217
14_58;10;111;1344;400;944;944;5;1;938;5;503;212;63;147;8;0,5416;0,2239;508;210
15_01;12;113;1219;296;923;923;11;0;912;4;282;360;120;146;0;0,3136;0,2917;286;266
15_02;12;172;1344;280;1064;1064;4;3;1057;5;312;411;158;171;0;0,2999;0,3113;317;329
15_03;12;126;1313;327;984;986;5;5;976;12;363;324;101;176;0;0,3842;0,2838;375;277
15_04;12;176;1706;443;1263;1263;11;6;1246;1;392;489;176;188;0;0,3154;0,2921;393;364
15_05;12;165;1718;462;1256;1256;8;5;1243;1;445;444;164;189;0;0,3588;0,284;446;353
15_06;12;174;1770;455;1314;1315;1;5;1309;1;419;538;178;173;0;0,3209;0,2681;420;351
15_07;12;206;1577;415;1162;1162;11;1;1150;3;368;476;154;149;0;0,3226;0,2635;371;303
15_08;12;188;1364;285;1079;1079;10;1;1068;4;352;449;140;123;0;0,3333;0,2463;356;263
15_09;12;173;1573;390;1184;1183;7;7;1169;6;364;462;162;175;0;0,3165;0,2883;370;337
15_10;12;166;1633;493;1140;1140;7;3;1130;5;359;469;106;191;0;0,3221;0,2628;364;297
15_11;12;181;1607;425;1182;1182;5;4;1173;10;313;513;147;190;0;0,2754;0,2873;323;337
15_12;12;180;1716;382;1334;1334;7;3;1324;1;369;576;177;201;0;0,2795;0,2855;370;378
15_13;12;198;1671;412;1259;1259;11;2;1246;1;419;528;128;170;0;0,3371;0,2392;420;298
15_14;12;175;1785;505;1280;1280;9;3;1268;1;394;523;157;193;0;0,3115;0,276;395;350
15_15;12;121;1508;471;1036;1037;9;3;1025;0;268;382;161;214;0;0,2615;0,3659;268;375
15_16;12;217;1769;403;1366;1366;8;2;1356;3;365;523;236;229;0;0,2714;0,3429;368;465
15_17;12;180;1575;399;1176;1176;8;1;1167;4;315;327;199;322;0;0,2734;0,4464;319;521
15_18;12;157;1433;306;1127;1127;4;6;1117;1;290;398;168;260;0;0,2605;0,3832;291;428
15_19;12;128;1256;311;944;945;12;2;931;1;233;368;165;164;0;0,2513;0,3534;234;329
15_20;12;167;1403;340;1063;1063;9;3;1051;0;238;469;189;155;0;0,2265;0,3273;238;344
15_21;12;184;1468;321;1147;1147;6;3;1138;0;219;536;206;177;0;0,1924;0,3366;219;383
15_22;12;201;1456;317;1139;1139;4;1;1134;2;302;486;176;168;0;0,2681;0,3034;304;344
15_23;12;199;1491;309;1179;1182;14;0;1168;2;258;574;167;167;0;0,2226;0,286;260;334
15_24;12;221;1595;386;1209;1209;9;3;1197;2;256;536;195;208;0;0,2155;0,3367;258;403
15_25;12;211;1601;369;1231;1232;10;2;1220;4;358;500;167;191;0;0,2967;0,2934;362;358
15_26;12;148;1587;424;1163;1163;10;3;1150;1;403;442;129;175;0;0,3513;0,2643;404;304
15_27;12;131;1471;428;1043;1043;13;10;1020;5;463;295;111;146;0;0,4588;0,252;468;257
15_28;12;164;1487;357;1130;1130;5;2;1123;5;338;456;150;174;0;0,3054;0,2885;343;324
15_29;12;190;1554;366;1188;1188;10;8;1170;1;349;484;146;190;0;0,2991;0,2872;350;336
15_30;12;183;1500;341;1158;1159;4;5;1150;6;353;454;171;166;0;0,3122;0,293;359;337
15_31;12;184;1557;338;1219;1219;9;2;1208;3;330;515;188;172;0;0,2757;0,298;333;360
15_32;12;200;1549;297;1252;1252;6;3;1243;1;356;516;167;203;0;0,2872;0,2977;357;370
15_33;12;211;1581;340;1238;1241;8;2;1231;6;397;478;165;185;0;0,3274;0,2843;403;350
15_34;12;171;1609;374;1233;1235;11;6;1218;5;430;474;139;170;0;0,3571;0,2537;435;309
15_35;12;224;1689;433;1255;1256;11;9;1236;1;437;490;140;168;0;0,3544;0,2492;438;308
15_36;12;171;1635;347;1291;1288;6;0;1282;2;451;475;160;194;0;0,3534;0,2761;453;354
15_37;12;167;1567;335;1231;1232;8;4;1220;4;404;485;162;165;0;0,3344;0,268;408;327
15_38;12;116;1588;447;1143;1141;8;8;1125;9;518;289;127;182;0;0,4684;0,2747;527;309
15_39;12;84;1518;564;953;954;14;6;934;3;515;176;83;157;0;0,5546;0,257;518;240
15_40;12;104;1526;442;1083;1084;10;5;1069;9;454;307;113;186;0;0,4331;0,2797;463;299
15_41;12;183;1577;396;1181;1181;10;3;1168;3;454;367;173;171;0;0,3913;0,2945;457;344
15_42;12;105;1057;310;747;747;8;7;732;5;268;255;103;101;0;0,373;0,2787;273;204
15_43;12;163;1383;330;1053;1053;6;1;1046;3;363;361;152;167;0;0,3499;0,305;366;319
15_44;12;139;1613;455;1158;1158;8;2;1148;1;516;336;108;187;0;0,4503;0,257;517;295
15_45;13;133;1657;458;1199;1199;16;2;1181;1;533;412;60;167;8;0,4522;0,1922;534;227
15_46;13;138;1465;363;1102;1102;5;5;1092;3;397;460;69;160;3;0,3663;0,2097;400;229
15_47;13;148;1646;480;1166;1166;15;6;1145;5;573;367;48;148;4;0,5048;0,1712;578;196
15_48;13;58;1581;582;999;999;11;8;980;13;522;217;29;193;6;0,5459;0,2265;535;222
15_49;13;83;1657;580;1077;1077;11;14;1052;15;525;263;38;202;9;0,5133;0,2281;540;240
15_50;13;100;1444;463;981;981;11;6;964;7;418;338;49;148;4;0,4409;0,2044;425;197
15_51;13;146;1696;453;1243;1243;19;4;1220;9;492;439;98;176;6;0,4107;0,2246;501;274
15_52;13;77;1557;524;1034;1033;11;6;1016;9;481;271;49;199;7;0,4823;0,2441;490;248
15_53;13;160;1559;456;1103;1103;10;3;1090;4;483;384;56;159;4;0,4468;0,1972;487;215
15_54;13;157;1546;405;1141;1141;17;4;1120;4;448;433;62;171;2;0,4036;0,208;452;233
15_55;13;173;1582;386;1199;1196;10;2;1184;5;476;436;69;197;1;0,4063;0,2247;481;266
15_56;13;150;1799;475;1324;1324;13;8;1303;5;517;527;71;174;9;0,4006;0,188;522;245
15_57;13;160;1567;368;1197;1199;2;3;1194;3;414;567;72;135;3;0,3492;0,1734;417;207
15_58;13;185;1564;379;1185;1185;10;7;1168;6;445;479;74;153;11;0,3861;0,1943;451;227
15_59;13;120;1430;390;1040;1040;11;3;1026;3;326;437;66;191;3;0,3207;0,2505;329;257
15_60;13;183;1654;379;1273;1275;9;3;1263;3;454;517;104;183;2;0,3618;0,2272;457;287
15_61;13;152;1513;355;1158;1158;7;5;1146;7;438;459;81;158;3;0,3883;0,2086;445;239
15_62;13;183;1560;394;1166;1166;6;7;1153;1;420;489;87;155;1;0,3651;0,2099;421;242
15_63;13;161;1379;310;1069;1069;5;5;1059;2;333;476;87;156;5;0,3163;0,2295;335;243
15_64;13;136;1401;364;1036;1037;7;2;1028;5;329;429;66;193;6;0,3249;0,2519;334;259
15_65;13;141;1355;293;1062;1062;15;6;1041;1;377;391;72;194;6;0,3631;0,2555;378;266
15_66;13;155;1604;429;1175;1175;14;4;1157;0;405;480;68;196;8;0,35;0,2282;405;264
15_67;13;146;1626;471;1155;1155;8;8;1139;1;469;427;53;184;5;0,4126;0,2081;470;237
15_68;13;297;1738;445;1292;1293;7;4;1282;2;465;549;84;174;8;0,3643;0,2012;467;258
15_69;13;154;1798;541;1256;1257;9;5;1243;2;599;381;53;203;5;0,4835;0,206;601;256
15_70;13;152;1580;403;1177;1177;11;2;1164;4;462;452;78;164;4;0,4003;0,2079;466;242
15_71;13;175;1709;435;1274;1274;10;9;1255;5;445;517;85;200;3;0,3586;0,2271;450;285
15_72;13;112;1509;455;1053;1054;17;2;1035;6;387;384;67;191;0;0,3797;0,2493;393;258
15_73;13;124;1314;322;992;992;5;3;984;4;306;444;68;158;4;0,315;0,2297;310;226
15_74;13;137;1615;449;1166;1166;5;0;1161;5;390;493;71;197;5;0,3402;0,2308;395;268
15_75;13;130;1440;394;1045;1046;5;3;1038;3;335;454;65;177;4;0,3256;0,2331;338;242
15_76;13;54;1243;506;736;737;6;4;727;6;415;161;13;128;4;0,5791;0,1939;421;141
15_77;13;132;1500;424;1074;1076;16;6;1054;4;453;360;62;172;3;0,4336;0,222;457;234
15_78;13;75;1081;288;792;793;5;2;786;1;370;277;20;112;6;0,472;0,1679;371;132
15_79;13;121;1284;324;960;960;9;6;945;3;368;378;60;132;4;0,3926;0,2032;371;192
15_80;13;105;1597;466;1131;1131;13;3;1115;2;478;368;60;204;3;0,4305;0,2368;480;264
15_81;13;174;1489;378;1111;1111;9;4;1098;3;370;511;63;147;4;0,3397;0,1913;373;210
15_82;13;104;1461;423;1038;1038;11;7;1020;9;428;361;59;159;4;0,4284;0,2137;437;218
15_83;13;174;1543;384;1159;1159;6;1;1152;2;329;571;102;144;4;0,2873;0,2135;331;246
15_84;13;155;1476;387;1089;1089;9;4;1076;3;366;455;72;175;5;0,3429;0,2296;369;247
15_85;13;170;1797;465;1332;1332;8;5;1319;5;556;468;73;216;1;0,4253;0,2191;561;289
15_86;13;116;1328;345;983;983;11;8;964;4;350;402;64;141;3;0,3672;0,2127;354;205
15_87;13;145;1475;373;1102;1102;14;3;1085;2;397;428;76;177;5;0,3677;0,2332;399;253
15_88;13;146;1526;404;1122;1122;10;6;1106;5;349;479;80;188;5;0,3201;0,2423;354;268
15_89;13;157;1469;358;1111;1111;10;3;1098;5;313;517;80;177;6;0,2896;0,2341;318;257
15_90;13;161;1391;319;1071;1072;13;7;1052;0;336;480;97;134;5;0,3194;0,2196;336;231
15_91;13;175;1512;352;1159;1160;12;3;1145;4;346;516;82;192;5;0,3057;0,2393;350;274
15_92;13;103;1556;441;1115;1115;5;3;1107;4;407;419;73;197;7;0,3713;0,2439;411;270
15_93;13;133;1557;416;1141;1141;12;2;1127;6;428;463;85;140;5;0,3851;0,1996;434;225
15_94;13;113;1520;491;1029;1029;11;6;1012;10;436;347;50;167;2;0,4407;0,2144;446;217
15_95;13;106;1401;413;988;988;13;1;974;5;374;365;49;177;4;0,3891;0,232;379;226
16_01;14;179;1557;399;1158;1158;2;2;1154;1;99;552;254;248;0;0,0867;0,435;100;502
16_02;14;187;1602;402;1198;1200;3;4;1193;0;110;574;271;238;0;0,0922;0,4267;110;509
16_03;14;133;1532;484;1048;1048;6;1;1041;1;86;516;225;213;0;0,0836;0,4207;87;438
16_04;14;234;1761;471;1287;1290;2;1;1287;0;82;700;246;259;0;0,0637;0,3924;82;505
16_05;14;154;1131;294;837;837;5;0;832;2;88;420;165;157;0;0,1082;0,387;90;322
16_06;14;157;1319;325;995;994;1;3;990;2;84;506;200;198;0;0,0869;0,402;86;398
16_07;14;163;1500;404;1094;1096;9;3;1084;1;109;554;213;207;0;0,1015;0,3875;110;420
16_08;14;161;1290;323;966;967;4;3;960;1;78;507;189;185;0;0,0823;0,3896;79;374
16_09;14;129;1292;349;943;943;4;2;937;2;96;475;176;188;0;0,1046;0,3885;98;364
16_10;14;148;1511;464;1047;1047;5;1;1041;2;120;512;207;200;0;0,1172;0,391;122;407
16_11;14;156;1317;318;999;999;6;1;992;2;83;519;211;177;0;0,0857;0,3911;85;388
16_12;14;151;1384;352;1032;1032;9;0;1023;0;106;506;210;201;0;0,1036;0,4018;106;411
16_13;14;152;1477;378;1099;1099;6;3;1090;1;143;550;199;197;0;0,1321;0,3633;144;396
16_14;14;137;1318;356;962;962;12;1;949;0;96;468;190;195;0;0,1012;0,4057;96;385
16_15;14;164;1466;367;1099;1099;7;4;1088;0;97;554;203;234;0;0,0892;0,4017;97;437
16_16;14;173;1374;309;1065;1065;5;1;1059;2;118;548;190;201;0;0,1133;0,3692;120;391
16_17;14;173;1427;352;1075;1075;3;1;1071;3;87;597;213;171;0;0,084;0,3585;90;384
16_18;14;179;1502;407;1095;1095;4;3;1088;1;91;568;217;211;0;0,0846;0,3934;92;428
16_19;14;152;1398;393;998;1005;3;1;1001;2;125;491;193;190;0;0,1269;0,3826;127;383
16_20;14;191;1561;418;1143;1143;2;2;1139;2;101;605;223;208;0;0,0904;0,3784;103;431
16_21;14;178;1573;398;1175;1175;10;3;1162;3;213;543;178;225;0;0,1859;0,3468;216;403
16_22;14;193;1697;447;1250;1250;7;6;1237;1;154;599;226;257;0;0,1253;0,3905;155;483
16_23;14;187;1461;363;1097;1098;5;1;1092;1;117;514;233;227;0;0,1081;0,4212;118;460
16_24;14;147;1737;526;1211;1211;9;4;1198;1;171;549;195;282;0;0,1436;0,3982;172;477
16_25;14;125;1495;412;1083;1083;9;1;1073;5;161;499;190;218;0;0,1547;0,3802;166;408
16_26;14;171;1533;354;1179;1179;4;5;1170;0;118;584;267;201;0;0,1009;0,4;118;468
16_27;14;165;1424;347;1077;1077;0;2;1075;3;94;510;252;216;0;0,0902;0,4353;97;468
16_28;14;126;1311;319;992;992;7;2;983;0;118;492;202;171;0;0,12;0,3795;118;373
16_29;14;145;1349;347;1002;1002;5;4;993;3;100;499;193;198;0;0,1037;0,3938;103;391
16_30;14;137;1415;380;1032;1035;7;2;1026;0;186;457;180;203;0;0,1813;0,3733;186;383
16_31;14;157;1428;363;1065;1065;4;1;1060;2;112;550;196;200;0;0,1075;0,3736;114;396
16_32;14;162;1543;414;1129;1129;10;2;1117;3;225;486;182;221;0;0,2041;0,3608;228;403
16_33;14;164;1526;355;1171;1171;8;4;1159;3;187;550;217;202;0;0,1639;0,3615;190;419
16_34;14;157;1526;384;1142;1142;12;2;1128;1;113;577;208;229;0;0,1011;0,3874;114;437
16_35;14;156;1200;263;937;937;6;2;929;0;89;488;172;180;0;0,0958;0,3789;89;352
16_36;14;121;1491;440;1051;1051;14;3;1034;6;207;452;148;221;0;0,206;0,3569;213;369
16_37;14;188;1398;333;1065;1065;7;2;1056;0;118;538;184;216;0;0,1117;0,3788;118;400
16_38;14;175;1614;401;1211;1213;7;2;1204;1;193;599;218;193;0;0,1611;0,3414;194;411
16_39;14;169;1614;504;1110;1110;10;7;1093;1;192;538;167;195;0;0,1766;0,3312;193;362
16_40;14;92;1462;507;954;955;10;6;939;7;255;351;122;204;0;0,279;0,3472;262;326
16_41;14;143;1591;494;1097;1097;4;15;1078;4;232;462;167;213;0;0,2189;0,3525;236;380
16_42;14;141;1159;299;859;860;5;0;855;4;129;391;172;159;0;0,1556;0,3871;133;331
16_43;14;108;1315;336;979;979;8;3;968;3;189;414;161;201;0;0,1983;0,374;192;362
16_44;14;84;1281;447;834;834;15;5;814;9;290;229;79;207;0;0,3673;0,3514;299;286
16_45;14;105;1390;453;937;937;5;1;931;4;235;385;120;187;0;0,2567;0,3298;239;307
16_46;14;76;1212;411;801;801;7;2;792;6;306;239;73;168;0;0,3939;0,3043;312;241
16_47;14;102;1609;471;1157;1138;10;6;1122;6;291;464;142;219;0;0,2647;0,3217;297;361
16_48;14;146;1457;403;1054;1054;15;3;1036;1;161;469;213;192;0;0,1564;0,3909;162;405
16_49;14;145;1665;439;1226;1226;7;2;1217;3;220;537;215;242;0;0,1832;0,3755;223;457
16_50;14;159;1690;440;1250;1250;4;4;1242;10;159;573;233;267;0;0,1361;0,4026;169;500
16_51;14;193;1840;541;1298;1299;4;2;1293;1;197;593;247;255;0;0,1531;0,3882;198;502
16_52;14;166;1683;533;1151;1150;7;4;1139;6;162;498;242;231;0;0,1475;0,4153;168;473
16_53;4;139;1493;456;1037;1037;4;6;1027;3;125;386;257;255;1;0,1246;0,4985;128;512
16_54;4;135;1472;484;988;988;3;2;983;1;93;428;242;215;4;0,0956;0,4649;94;457
16_55;4;156;1737;504;1241;1233;9;2;1222;5;148;472;320;276;1;0,1252;0,4877;153;596
16_56;4;117;1520;456;1064;1064;5;9;1050;1;80;450;283;231;5;0,0771;0,4895;81;514
16_57;4;130;1552;447;1106;1105;4;12;1089;6;148;366;293;271;5;0,1414;0,5179;154;564
16_58;4;147;1645;528;1117;1117;8;1;1108;2;101;438;314;249;4;0,093;0,5081;103;563
16_59;4;159;1539;411;1128;1128;7;2;1119;1;69;496;297;255;1;0,0626;0,4933;70;552
16_60;4;141;1526;420;1106;1106;6;2;1098;0;104;420;309;260;5;0,0947;0,5182;104;569
16_61;4;152;1457;428;1029;1029;6;3;1020;3;133;408;220;255;1;0,1333;0,4657;136;475
16_62;4;157;1532;450;1082;1082;12;1;1069;1;145;481;215;225;2;0,1366;0,4116;146;440
16_63;4;120;1527;462;1068;1065;8;5;1052;3;128;437;229;255;0;0,1245;0,4601;131;484
16_64;4;137;1309;433;876;876;5;3;868;1;127;330;208;200;2;0,1475;0,47;128;408
16_65;4;124;1431;461;969;970;4;1;965;1;127;411;207;217;2;0,1326;0,4394;128;424
16_66;4;106;1258;426;830;832;4;3;825;1;116;321;201;185;1;0,1418;0,4679;117;386
16_67;4;123;1375;448;925;927;5;8;914;3;90;404;207;208;2;0,1018;0,454;93;415
16_68;4;135;1434;497;933;937;5;1;931;1;159;343;189;238;1;0,1719;0,4586;160;427
17_01;3;215;1494;344;1150;1150;7;6;1137;4;408;509;114;102;0;0,3624;0,19;412;216
17_02;3;196;1460;309;1151;1151;5;2;1144;3;389;546;123;83;0;0,3427;0,1801;392;206
17_03;3;219;1522;344;1178;1178;7;4;1167;6;464;483;115;99;0;0,4027;0,1834;470;214
17_04;3;201;1558;353;1205;1205;11;5;1189;8;537;454;109;81;0;0,4584;0,1598;545;190
17_05;3;191;1488;294;1196;1194;11;1;1182;5;400;531;144;102;0;0,3426;0,2081;405;246
17_06;3;200;1437;331;1106;1106;4;3;1099;5;344;530;116;104;0;0,3176;0,2002;349;220
17_07;3;169;1446;301;1145;1145;7;5;1133;1;425;492;119;96;0;0,376;0,1898;426;215
17_08;3;203;1547;302;1246;1245;10;3;1232;2;405;581;145;99;0;0,3304;0,1981;407;244
17_09;3;110;1593;267;1326;1326;7;2;1317;2;490;585;146;94;0;0,3736;0,1822;492;240
17_10;3;175;1491;355;1136;1136;14;5;1117;2;365;525;113;112;0;0,3286;0,2014;367;225
17_11;3;172;1460;305;1154;1155;5;0;1150;5;359;508;159;119;0;0,3165;0,2417;364;278
17_12;3;193;1489;305;1184;1184;12;0;1172;1;338;560;158;115;0;0,2892;0,2329;339;273
17_13;3;0;1626;401;1225;1225;6;2;1217;3;406;539;152;117;0;0,3361;0,221;409;269
17_14;3;194;1605;373;1232;1232;12;2;1218;5;357;562;154;140;0;0,2972;0,2414;362;294
17_15;3;149;1468;386;1081;1082;7;3;1072;7;313;469;147;136;0;0,2985;0,264;320;283
17_16;3;61;1479;519;959;960;11;5;944;20;496;208;87;133;0;0,5466;0,2331;516;220
17_17;3;76;1630;559;1071;1071;18;6;1047;14;487;294;106;146;0;0,4785;0,2407;501;252
17_18;3;101;1641;571;1068;1070;8;6;1056;11;561;270;80;134;0;0,5417;0,2027;572;214
17_19;3;56;1245;506;739;739;11;3;725;15;441;150;46;73;0;0,629;0,1641;456;119
17_20;3;55;1375;539;836;836;6;12;818;16;452;149;55;146;0;0,5721;0,2457;468;201
17_21;3;154;1533;392;1139;1141;10;7;1124;8;537;352;105;122;0;0,4849;0,202;545;227
17_22;3;107;1183;352;831;831;5;3;823;6;439;226;54;98;0;0,5407;0,1847;445;152
17_23;3;42;1474;587;887;887;11;12;864;13;553;148;34;116;0;0,6551;0,1736;566;150
17_24;3;109;1160;259;901;901;6;3;892;8;457;274;67;86;0;0,5213;0,1715;465;153
17_25;3;82;1186;366;820;820;9;4;807;12;465;180;55;95;0;0,5911;0,1859;477;150
17_26;3;185;1655;475;1180;1180;8;4;1168;6;608;366;90;98;0;0,5257;0,161;614;188
17_27;3;91;1442;499;943;943;11;13;919;15;508;219;58;119;0;0,5691;0,1926;523;177
17_28;3;172;1621;413;1208;1208;13;4;1191;5;500;473;83;130;0;0,424;0,1788;505;213
17_29;3;192;1680;426;1254;1254;12;4;1238;9;628;421;73;107;0;0,5145;0,1454;637;180
17_30;3;133;1288;303;985;985;7;2;976;4;484;338;71;79;0;0,5;0,1537;488;150
17_31;3;170;1553;383;1170;1170;12;1;1157;7;556;392;95;107;0;0,4866;0,1746;563;202
17_32;3;151;1276;294;982;982;12;2;968;4;441;369;76;78;0;0,4597;0,1591;445;154
17_33;3;217;1682;413;1269;1269;8;1;1260;1;626;422;105;106;0;0,4976;0,1675;627;211
17_34;3;173;1468;338;1130;1130;8;4;1118;7;549;386;96;80;0;0,4973;0,1574;556;176
17_35;3;102;1602;334;1268;1268;12;2;1254;7;534;493;114;106;0;0,4314;0,1754;541;220
17_36;4;88;1602;567;1035;1035;10;4;1021;10;561;131;171;146;2;0,5593;0,3105;571;317
17_37;4;147;1419;310;1111;1109;0;0;1109;2;159;371;404;168;5;0,1452;0,5158;161;572
17_38;4;83;1442;428;1014;1014;8;11;995;8;366;184;252;177;8;0,3759;0,4312;374;429
17_39;4;45;1456;531;910;925;12;9;904;10;448;83;180;177;6;0,5066;0,3949;458;357
17_40;4;136;1538;391;1147;1147;10;3;1134;3;271;301;340;212;7;0,2416;0,4868;274;552
17_41;4;212;1594;374;1220;1220;6;0;1214;2;155;459;381;213;4;0,1293;0,4893;157;594
17_42;4;186;1533;342;1191;1191;10;3;1178;0;167;497;368;143;3;0,1418;0,4338;167;511
17_43;4;168;1553;369;1184;1184;6;3;1175;0;151;529;348;146;1;0,1285;0,4204;151;494
17_44;4;198;1600;368;1232;1232;7;3;1222;0;204;527;313;177;1;0,1669;0,401;204;490
17_45;4;230;1682;381;1301;1301;7;3;1291;0;257;579;288;164;3;0,1991;0,3501;257;452
17_46;4;189;1565;348;1216;1217;7;5;1205;5;319;452;283;144;2;0,2689;0,3544;324;427
17_47;4;210;1487;331;1156;1156;2;1;1153;2;176;471;326;173;5;0,1544;0,4328;178;499
17_48;4;177;1464;336;1128;1128;7;2;1119;1;172;515;286;144;1;0,1546;0,3843;173;430
17_49;4;190;1433;268;1164;1165;4;0;1161;1;193;481;319;163;4;0,1671;0,4152;194;482
17_50;4;205;1559;313;1246;1246;3;0;1243;1;158;548;368;167;1;0,1279;0,4304;159;535
17_51;4;235;1506;317;1189;1189;3;2;1184;0;189;457;388;147;3;0,1596;0,4519;189;535
17_52;4;172;1529;331;1198;1198;7;1;1190;2;222;452;332;177;5;0,1882;0,4277;224;509
17_53;4;168;1684;426;1258;1258;7;4;1247;3;182;449;381;227;5;0,1484;0,4876;185;608
17_54;4;169;1637;378;1257;1259;2;3;1254;1;213;448;372;219;1;0,1707;0,4713;214;591
17_55;4;206;1652;394;1258;1258;9;1;1248;1;229;522;340;155;1;0,1843;0,3966;230;495
17_56;4;189;1603;442;1161;1161;7;3;1151;3;256;426;312;149;5;0,225;0,4005;259;461
17_57;4;102;1548;505;1041;1043;11;2;1030;2;374;187;245;215;7;0,365;0,4466;376;460
17_58;4;91;1416;425;994;991;10;1;980;1;331;203;241;201;3;0,3388;0,451;332;442
17_59;4;91;1532;486;1046;1046;8;3;1035;4;231;294;296;204;6;0,2271;0,4831;235;500
17_60;4;145;1476;408;1068;1068;4;2;1062;0;192;404;317;146;3;0,1808;0,436;192;463
17_61;4;193;1492;320;1172;1172;9;4;1159;1;184;433;374;163;4;0,1596;0,4633;185;537
17_62;4;164;1485;346;1139;1139;7;4;1128;2;228;413;317;165;3;0,2039;0,4273;230;482
17_63;4;148;1516;442;1074;1074;6;3;1065;2;203;406;269;183;2;0,1925;0,4244;205;452
17_64;4;193;1528;411;1117;1117;10;3;1104;2;208;439;284;167;4;0,1902;0,4085;210;451
17_65;4;175;1405;291;1114;1114;3;2;1109;1;180;468;297;160;3;0,1632;0,4121;181;457
17_66;4;171;1809;530;1279;1279;9;6;1264;1;281;452;333;190;7;0,2231;0,4138;282;523
17_67;4;168;1652;413;1239;1239;7;2;1230;1;205;505;331;185;3;0,1675;0,4195;206;516
17_68;3;122;1636;351;1285;1285;12;3;1270;6;617;409;141;97;0;0,4906;0,1874;623;238
17_69;3;75;1019;285;734;734;9;6;719;7;383;208;53;68;0;0,5424;0,1683;390;121
18_01;18;197;1568;351;1217;1217;11;3;1203;3;602;468;43;82;5;0,5029;0,1039;605;125
18_02;18;207;1596;354;1242;1242;6;4;1232;1;590;513;44;84;0;0,4797;0,1039;591;128
18_03;18;186;1550;391;1159;1159;8;1;1150;2;472;483;76;117;0;0,4122;0,1678;474;193
18_04;18;218;1866;410;1456;1456;9;11;1436;5;747;501;56;125;2;0,5237;0,126;752;181
18_05;18;196;1274;247;1026;1027;8;1;1018;3;480;397;56;82;0;0,4745;0,1356;483;138
18_06;18;165;1435;354;1081;1081;4;4;1073;7;570;364;39;89;4;0,5377;0,1193;577;128
18_07;18;157;1419;344;1074;1075;9;4;1062;10;631;312;33;74;2;0,6036;0,1008;641;107
18_08;18;160;1482;357;1126;1125;8;2;1115;11;649;338;43;69;5;0,5919;0,1004;660;112
18_09;18;215;1612;353;1259;1259;10;7;1242;1;684;418;53;84;2;0,5515;0,1103;685;137
18_10;18;242;1696;425;1271;1271;10;7;1254;4;817;326;32;75;0;0,6547;0,0853;821;107
18_11;18;165;1608;404;1204;1204;9;6;1189;5;718;335;43;87;1;0,6081;0,1093;723;130
18_12;18;115;1674;596;1078;1078;11;9;1058;5;649;234;33;136;1;0,6181;0,1597;654;169
18_13;18;70;1292;483;809;809;10;3;796;6;578;126;23;61;2;0,7337;0,1055;584;84
18_14;18;153;1879;602;1277;1277;11;7;1259;8;871;260;34;82;4;0,6982;0,0921;879;116
18_15;18;145;1451;404;1047;1047;10;3;1034;7;690;220;23;90;4;0,6741;0,1093;697;113
18_16;18;135;1684;469;1215;1215;13;8;1194;8;764;292;33;96;1;0,6466;0,108;772;129
18_17;18;229;1865;533;1332;1332;12;7;1313;7;926;254;42;84;0;0,7106;0,096;933;126
18_18;18;267;1906;405;1501;1501;10;9;1482;6;977;390;46;61;2;0,6633;0,0722;983;107
18_19;18;252;1853;419;1434;1434;12;4;1418;7;830;416;52;112;1;0,5903;0,1157;837;164
18_20;18;226;1813;439;1374;1374;6;7;1361;12;835;371;56;85;2;0,6223;0,1036;847;141
18_21;18;228;1667;377;1291;1290;12;6;1272;3;731;381;57;98;2;0,577;0,1219;734;155
18_22;18;188;1444;364;1081;1080;6;2;1072;5;536;397;53;78;3;0,5047;0,1222;541;131
18_23;18;202;1577;398;1179;1179;5;2;1172;5;576;455;45;91;0;0,4957;0,116;581;136
18_24;18;212;1638;362;1276;1276;6;5;1265;3;631;480;62;89;0;0,5012;0,1194;634;151
18_25;18;226;1499;279;1220;1220;5;1;1214;4;439;618;45;108;0;0,3649;0,126;443;153
18_26;18;182;1475;366;1109;1109;6;2;1101;5;593;389;46;68;0;0,5431;0,1035;598;114
18_27;18;181;1465;356;1109;1109;8;4;1097;2;573;398;42;80;2;0,5242;0,1112;575;122
18_28;18;259;1812;390;1422;1422;13;4;1405;8;644;579;69;105;0;0,4641;0,1238;652;174
18_29;18;210;1642;359;1283;1283;4;9;1270;5;568;549;71;77;0;0,4512;0,1165;573;148
18_30;18;230;1758;384;1374;1374;15;5;1354;0;660;500;87;106;1;0,4874;0,1425;660;193
18_31;18;238;1845;397;1447;1448;10;1;1437;6;722;498;72;137;2;0,5066;0,1454;728;209
18_32;18;249;1789;414;1373;1375;15;8;1352;7;653;486;67;136;3;0,4882;0,1501;660;203
18_33;18;173;1643;430;1212;1213;11;6;1196;3;575;466;32;119;1;0,4833;0,1263;578;151
18_34;18;193;1697;448;1249;1249;8;7;1234;3;564;474;67;125;1;0,4595;0,1556;567;192
18_35;18;181;1542;314;1228;1228;13;1;1214;6;478;566;56;107;1;0,3987;0,1343;484;163
18_36;18;213;1510;320;1190;1190;5;4;1181;2;599;444;53;82;1;0,5089;0,1143;601;135
18_37;18;192;1610;384;1225;1226;10;5;1211;2;579;465;62;103;0;0,4798;0,1363;581;165
18_38;3;219;1684;368;1317;1316;11;4;1301;6;716;412;46;121;0;0,555;0,1284;722;167
18_39;3;195;1747;439;1308;1308;8;7;1293;5;734;383;54;117;0;0,5715;0,1323;739;171
18_40;3;166;1592;382;1210;1210;8;2;1200;4;615;412;50;119;0;0,5158;0,1408;619;169
18_41;3;157;1647;501;1146;1146;16;8;1122;12;606;325;44;135;0;0,5508;0,1595;618;179
18_42;3;113;1701;566;1134;1135;9;13;1113;13;682;264;41;113;0;0,6244;0,1384;695;154
18_43;3;128;1727;531;1196;1196;10;10;1176;14;652;319;43;148;0;0,5663;0,1624;666;191
18_44;3;27;1314;611;703;703;12;16;675;15;419;107;19;115;0;0,643;0,1985;434;134
18_45;3;85;1614;595;1019;1019;11;9;999;15;659;204;31;90;0;0,6747;0,1211;674;121
18_46;3;125;1448;379;1069;1069;3;6;1060;14;580;339;33;94;0;0,5604;0,1198;594;127
18_47;3;180;1319;267;1053;1052;13;3;1036;5;583;355;27;66;0;0,5676;0,0898;588;93
18_48;3;154;1377;363;1013;1014;10;7;997;10;700;187;27;73;0;0,7121;0,1003;710;100
18_49;18;24;1194;485;709;709;14;12;683;6;489;98;9;79;2;0,7247;0,1288;495;88
18_50;18;18;1178;542;635;636;7;13;616;15;403;99;13;85;1;0,6786;0,1591;418;98
18_51;17;82;2138;864;1274;1274;24;8;1242;16;897;153;42;134;0;0,7351;0,1417;913;176
18_52;17;198;1852;519;1334;1333;15;10;1308;13;892;259;38;106;0;0,6919;0,1101;905;144
18_53;17;122;1528;490;1038;1038;15;8;1015;12;703;185;35;80;0;0,7044;0,1133;715;115
18_54;17;100;1384;426;958;958;10;8;940;17;656;147;39;81;0;0,716;0,1277;673;120
18_55;17;182;1660;489;1171;1171;11;6;1154;11;893;148;39;63;0;0,7834;0,0884;904;102
18_56;17;122;1966;810;1155;1156;7;8;1141;12;884;152;32;61;0;0,7853;0,0815;896;93
18_57;17;199;1903;635;1267;1268;7;8;1253;12;973;180;27;61;0;0,7861;0,0702;985;88
18_58;17;148;1754;532;1221;1222;18;6;1198;16;894;177;42;69;0;0,7596;0,0927;910;111
18_59;17;127;1782;639;1143;1143;15;7;1121;12;804;180;29;96;0;0,7279;0,1115;816;125
18_60;17;233;1763;490;1272;1273;10;3;1260;11;879;238;36;96;0;0,7063;0,1048;890;132
18_61;17;196;1813;531;1283;1282;13;5;1264;11;844;259;37;113;0;0,6764;0,1187;855;150
18_62;17;128;1706;584;1122;1122;8;10;1104;13;764;183;57;87;0;0,7038;0,1304;777;144
18_63;17;95;1904;702;1202;1202;11;9;1182;6;782;199;54;141;0;0,6667;0,165;788;195
18_64;17;72;1830;753;1077;1077;14;13;1050;8;746;135;33;128;0;0,7181;0,1533;754;161
18_65;17;25;1774;839;915;935;19;13;903;16;540;165;37;145;0;0,6157;0,2016;556;182
18_66;18;183;1492;307;1185;1185;11;5;1169;2;634;410;34;87;2;0,5441;0,1035;636;121
18_67;3;157;1496;380;1112;1116;9;2;1105;10;698;291;26;80;0;0,6407;0,0959;708;106
18_68;17;133;1392;393;999;999;12;6;981;11;708;164;33;65;0;0,7329;0,0999;719;98
19_01;16;150;1603;502;1101;1101;15;7;1079;7;634;288;59;91;0;0,5941;0,139;641;150
19_02;16;112;1609;482;1127;1127;18;4;1105;6;731;242;35;91;0;0,667;0,114;737;126
19_03;16;74;1105;335;770;770;12;4;754;6;428;197;44;79;0;0,5756;0,1631;434;123
19_04;16;131;1389;434;954;955;8;5;942;6;578;220;46;92;0;0,62;0,1465;584;138
19_05;16;145;1397;376;1019;1021;4;4;1013;2;529;307;83;92;0;0,5242;0,1728;531;175
19_06;16;153;1421;397;1024;1024;6;3;1015;6;574;292;50;93;0;0,5714;0,1409;580;143
19_07;17;129;1404;402;1002;1002;12;2;988;4;472;321;75;116;0;0,4818;0,1933;476;191
19_08;17;85;1371;491;880;880;5;5;870;12;546;170;54;88;0;0,6414;0,1632;558;142
19_09;16;147;1745;497;1249;1248;13;4;1231;8;794;285;53;91;0;0,6515;0,117;802;144
19_10;16;191;1684;411;1271;1273;14;5;1254;10;778;336;41;89;0;0,6284;0,1037;788;130
19_11;16;141;1660;426;1234;1234;13;8;1213;10;794;278;60;71;0;0,6628;0,108;804;131
19_12;16;215;1753;418;1335;1335;11;3;1321;8;905;288;41;79;0;0,6911;0,0908;913;120
19_13;16;204;1755;445;1311;1310;10;6;1294;7;813;310;45;119;0;0,6337;0,1267;820;164
19_14;16;176;1831;593;1238;1238;9;15;1214;8;826;233;49;98;0;0,687;0,1211;834;147
19_15;16;175;1470;291;1178;1179;7;5;1167;6;750;281;53;76;1;0,6478;0,1105;756;129
19_16;16;168;1788;422;1366;1366;11;6;1349;5;807;360;63;114;0;0,6019;0,1312;812;177
19_17;16;127;1536;392;1144;1144;7;4;1133;17;613;299;79;125;0;0,556;0,1801;630;204
19_18;16;30;804;303;501;501;6;3;492;8;322;83;22;57;0;0,6707;0,1606;330;79
19_19;16;40;1291;541;751;750;9;4;737;8;496;96;27;110;0;0,6839;0,1859;504;137
19_20;16;46;1536;642;884;894;12;4;878;14;558;138;43;125;0;0,6515;0,1913;572;168
19_21;16;226;1855;527;1327;1328;11;3;1314;4;862;258;57;133;0;0,6591;0,1446;866;190
19_22;16;69;1588;655;933;933;10;3;920;14;594;163;41;108;0;0,6609;0,162;608;149
19_23;16;118;1654;579;1074;1075;17;2;1056;1;648;227;57;123;0;0,6146;0,1705;649;180
19_24;16;75;1621;564;1057;1057;11;8;1038;14;555;223;85;161;0;0,5482;0,237;569;246
19_25;16;150;1648;467;1179;1181;5;3;1173;10;641;329;75;118;0;0,555;0,1645;651;193
19_26;16;119;1489;451;1038;1038;16;4;1018;9;584;258;58;109;0;0,5825;0,164;593;167
19_27;16;159;1983;607;1376;1376;13;12;1351;11;902;259;52;127;0;0,6758;0,1325;913;179
19_28;16;171;1707;412;1295;1295;15;7;1273;13;770;319;61;110;0;0,6151;0,1343;783;171
19_29;16;123;1609;476;1133;1133;8;8;1117;10;692;243;60;112;0;0,6285;0,154;702;172
19_30;16;172;1657;408;1249;1249;7;8;1234;4;721;365;61;83;0;0,5875;0,1167;725;144
19_31;16;155;1566;413;1153;1153;10;6;1137;6;760;236;50;85;0;0,6737;0,1187;766;135
19_32;16;208;1607;334;1272;1273;17;3;1253;4;838;266;62;83;0;0,672;0,1157;842;145
19_33;16;77;1496;516;980;980;12;12;956;8;584;188;63;113;0;0,6192;0,1841;592;176
19_34;16;111;1318;348;970;970;10;8;952;8;563;214;54;113;0;0,5998;0,1754;571;167
19_35;16;66;1169;403;766;766;10;9;747;5;512;118;28;84;0;0,6921;0,1499;517;112
19_36;16;0;1406;452;954;954;12;4;938;10;560;180;46;142;0;0,6077;0,2004;570;188
19_37;16;63;1386;470;916;916;9;8;899;12;538;149;58;142;0;0,6118;0,2225;550;200
19_38;16;106;1449;458;991;991;5;8;978;7;673;163;45;90;0;0,6953;0,138;680;135
19_39;16;105;1507;444;1062;1063;10;10;1043;8;647;222;48;118;0;0,628;0,1592;655;166
19_40;16;78;1515;538;977;977;13;10;954;11;612;154;60;117;0;0,653;0,1855;623;177
19_41;16;57;1567;583;984;984;11;4;969;6;601;167;58;137;0;0,6264;0,2012;607;195
19_42;16;47;1228;497;731;731;10;6;715;12;479;85;34;105;0;0,6867;0,1944;491;139
19_43;16;58;1436;630;806;806;12;2;792;6;500;129;39;118;0;0,6389;0,1982;506;157
19_44;16;51;1595;670;925;925;8;12;905;8;501;197;48;151;0;0,5624;0,2199;509;199
19_45;16;99;1693;608;1085;1085;8;4;1073;11;710;193;43;116;0;0,6719;0,1482;721;159
19_46;16;177;2038;616;1422;1422;12;6;1404;17;802;342;87;156;0;0,5833;0,1731;819;243
19_47;16;126;1860;578;1281;1282;16;7;1259;14;708;292;80;165;0;0,5735;0,1946;722;245
19_48;16;181;1964;587;1373;1377;7;6;1364;7;909;267;50;131;0;0,6716;0,1327;916;181
19_49;16;134;1699;563;1136;1136;13;8;1115;9;738;198;50;120;0;0,67;0,1525;747;170
19_50;16;84;1430;437;993;993;7;8;978;6;735;125;34;78;0;0,7577;0,1145;741;112
19_51;17;104;1666;657;1009;1009;14;7;988;12;560;192;63;161;0;0,5789;0,2267;572;224
19_52;17;139;1666;556;1110;1110;13;4;1093;8;665;254;45;121;0;0,6157;0,1519;673;166
19_53;17;79;1489;557;932;932;11;8;913;12;505;221;44;131;0;0,5663;0,1917;517;175
19_54;17;136;1669;504;1165;1165;11;10;1144;11;677;268;71;117;0;0,6014;0,1643;688;188
19_55;17;52;1594;644;949;950;10;6;934;8;613;141;41;131;0;0,6649;0,1842;621;172
19_56;17;74;1424;510;914;914;15;6;893;9;551;168;38;127;0;0,6271;0,1848;560;165
19_57;17;37;1408;625;783;783;9;8;766;12;504;116;33;101;0;0,6736;0,1749;516;134
19_58;17;173;1632;411;1221;1221;17;4;1200;12;790;271;43;84;0;0,6683;0,1058;802;127
19_59;17;174;1649;479;1170;1170;13;7;1150;11;674;309;50;106;0;0,5957;0,1357;685;156
19_60;17;146;1699;551;1148;1148;8;8;1132;6;726;238;54;108;0;0,6466;0,1431;732;162
19_61;17;161;1629;480;1149;1149;18;8;1123;14;732;233;51;93;0;0,6643;0,1282;746;144
19_62;17;123;1638;543;1095;1095;9;5;1081;8;708;198;65;102;0;0,6623;0,1545;716;167
19_63;17;101;1498;468;1028;1030;18;12;1000;10;519;260;64;147;0;0,529;0,211;529;211
19_64;17;119;1691;573;1118;1118;11;6;1101;7;665;240;80;109;0;0,6104;0,1717;672;189
19_65;17;142;1583;469;1114;1114;8;5;1101;9;607;254;72;159;0;0,5595;0,2098;616;231
19_66;17;126;1654;523;1131;1131;9;13;1109;9;630;251;64;155;0;0,5762;0,1975;639;219
19_67;17;21;1832;629;1203;1203;17;10;1176;14;879;164;41;78;0;0,7594;0,1012;893;119
19_68;17;81;1731;631;1100;1100;14;4;1082;7;645;226;56;148;0;0,6026;0,1885;652;204
19_69;17;83;1688;656;1032;1032;11;9;1012;4;704;169;48;87;0;0,6996;0,1334;708;135
19_70;17;93;1374;485;889;889;4;6;879;3;585;168;38;85;0;0,6689;0,1399;588;123
19_71;16;33;1300;505;795;795;6;5;784;2;551;95;41;95;0;0,7054;0,1735;553;136
20_01;15;157;1411;347;1064;1064;14;5;1045;5;649;225;70;96;0;0,6258;0,1589;654;166
20_02;15;124;1188;275;912;913;6;4;903;3;498;237;74;91;0;0,5548;0,1827;501;165
20_03;15;138;1447;387;1060;1060;15;7;1038;3;677;198;74;85;1;0,6551;0,1532;680;159
20_04;15;145;1435;347;1088;1088;14;8;1066;14;691;218;68;75;0;0,6614;0,1341;705;143
20_05;15;160;1391;263;1128;1128;8;3;1117;6;702;243;85;80;1;0,6338;0,1477;708;165
20_06;15;135;1421;354;1067;1067;8;3;1056;7;657;238;67;84;3;0,6288;0,143;664;151
20_07;15;141;1300;380;920;920;10;5;905;8;555;199;68;75;0;0,6221;0,158;563;143
20_08;15;156;1365;276;1089;1089;6;6;1077;9;735;225;47;59;2;0,6908;0,0984;744;106
20_09;15;145;1632;518;1114;1114;10;3;1101;15;753;178;48;107;0;0,6975;0,1408;768;155
20_10;15;86;1415;497;918;918;10;10;898;8;633;106;35;116;0;0,7138;0,1682;641;151
20_11;15;94;1701;566;1134;1135;10;10;1115;5;842;137;42;89;0;0,7596;0,1175;847;131
20_12;15;150;1358;331;1027;1027;10;4;1013;11;713;162;56;70;1;0,7147;0,1244;724;126
20_13;15;189;1565;361;1203;1204;13;6;1185;3;878;194;46;64;0;0,7435;0,0928;881;110
20_14;15;173;1571;356;1214;1215;15;6;1194;10;868;194;70;52;0;0,7353;0,1022;878;122
20_15;15;118;1508;424;1084;1084;10;6;1068;9;688;188;81;101;1;0,6526;0,1704;697;182
20_16;15;171;1595;333;1257;1262;9;5;1248;6;760;254;103;125;0;0,6138;0,1827;766;228
20_17;15;111;1590;487;1100;1103;16;7;1080;17;684;183;68;128;0;0,6491;0,1815;701;196
20_18;15;61;1477;582;894;895;12;8;875;7;548;127;61;132;0;0,6343;0,2206;555;193
20_19;15;142;1505;399;1105;1106;16;8;1082;3;640;231;94;114;0;0,5943;0,1922;643;208
20_20;15;121;1680;564;1116;1116;15;4;1097;14;761;148;69;105;0;0,7065;0,1586;775;174
20_21;15;75;1645;630;1015;1015;12;13;990;7;585;160;71;167;0;0,598;0,2404;592;238
20_22;15;124;1623;507;1116;1116;13;8;1095;3;672;198;104;118;0;0,6164;0,2027;675;222
20_23;15;153;1627;405;1221;1222;19;6;1197;3;632;304;110;148;0;0,5305;0,2155;635;258
20_24;15;159;1476;344;1132;1132;6;4;1122;8;612;278;93;130;1;0,5526;0,1988;620;223
20_25;15;173;1566;373;1193;1193;13;7;1173;5;817;197;68;86;0;0,7008;0,1313;822;154
20_26;15;121;1412;443;968;969;8;5;956;11;648;143;60;94;0;0,6893;0,1611;659;154
20_27;15;112;1396;378;1018;1018;7;6;1005;4;596;228;99;78;0;0,597;0,1761;600;177
20_28;15;87;1478;462;1016;1016;18;10;988;7;556;190;91;144;0;0,5698;0,2379;563;235
20_29;15;114;1608;457;1151;1151;13;8;1130;8;647;221;113;139;2;0,5796;0,223;655;252
20_30;15;28;1876;792;1082;1084;8;10;1066;16;787;105;36;121;1;0,7533;0,1473;803;157
20_31;15;104;1651;584;1067;1067;16;7;1044;6;693;162;62;120;1;0,6695;0,1743;699;182
20_32;15;131;1523;465;1058;1058;11;8;1039;7;639;190;71;132;0;0,6218;0,1954;646;203
20_33;15;29;1369;643;726;726;10;4;712;11;450;93;37;119;2;0,6475;0,2191;461;156
20_34;15;60;1522;579;943;943;8;4;931;7;615;123;46;139;1;0,6681;0,1987;622;185
20_35;15;36;1432;615;817;817;22;6;789;11;487;96;49;144;2;0,6312;0,2446;498;193
20_36;15;63;1281;443;838;838;12;6;820;13;549;102;45;111;0;0,6854;0,1902;562;156
20_37;15;75;1614;568;1046;1046;8;8;1030;13;699;153;45;120;0;0,6913;0,1602;712;165
20_38;15;104;1498;508;990;990;7;5;978;7;706;113;54;98;0;0,729;0,1554;713;152
20_39;15;56;1400;547;853;853;10;7;836;9;549;107;56;115;0;0,6675;0,2045;558;171
20_40;15;80;1553;551;1002;1002;15;6;981;15;619;154;66;126;1;0,6463;0,1957;634;192
20_41;15;64;1548;577;971;971;8;10;953;10;632;146;56;108;1;0,6737;0,1721;642;164
20_42;15;138;1558;451;1107;1107;9;4;1094;8;727;169;65;123;2;0,6718;0,1718;735;188
20_43;15;207;1879;442;1437;1437;14;6;1417;8;958;269;75;107;0;0,6817;0,1284;966;182
20_44;15;200;1984;522;1461;1462;11;9;1442;2;1011;243;81;104;1;0,7025;0,1283;1013;185
20_45;15;148;1916;541;1374;1375;10;2;1363;0;925;248;93;97;0;0,6787;0,1394;925;190
20_46;15;172;1656;433;1223;1223;7;6;1210;5;798;232;79;94;2;0,6636;0,143;803;173
20_47;15;127;1659;471;1188;1188;20;4;1164;8;807;166;77;106;0;0,7002;0,1572;815;183
20_48;15;209;1854;437;1415;1417;14;4;1399;6;910;271;88;123;1;0,6548;0,1508;916;211
20_49;15;226;1941;474;1467;1467;21;6;1440;7;975;279;74;101;4;0,6819;0,1215;982;175
20_50;15;170;1716;400;1316;1316;10;3;1303;8;755;330;103;107;0;0,5856;0,1612;763;210
20_51;15;192;1782;414;1368;1368;18;4;1346;7;733;336;109;161;0;0,5498;0,2006;740;270
20_52;8;99;1316;317;998;999;7;5;987;12;581;240;36;118;0;0,6008;0,156;593;154
20_53;8;143;1500;335;1160;1165;14;7;1144;14;654;313;56;107;0;0,5839;0,1425;668;163
20_54;8;68;1649;608;1041;1041;21;9;1011;20;701;166;27;96;1;0,7132;0,1217;721;123
20_55;8;54;1444;585;859;859;10;8;841;13;503;148;32;144;1;0,6136;0,2093;516;176
20_56;8;63;1374;531;843;843;9;3;831;7;477;203;35;109;0;0,5824;0,1733;484;144
20_57;8;87;1367;385;981;982;4;6;972;13;548;247;46;118;0;0,5772;0,1687;561;164
20_58;6;173;1727;429;1297;1298;16;8;1274;9;841;280;37;107;0;0,6672;0,113;850;144
20_59;6;233;1784;410;1371;1374;14;10;1350;10;878;289;59;114;0;0,6578;0,1281;888;173
20_60;6;145;1362;295;1067;1067;18;8;1041;8;622;264;52;95;0;0,6052;0,1412;630;147
20_61;6;172;1476;401;1073;1075;10;6;1059;5;707;243;31;73;0;0,6723;0,0982;712;104
20_62;6;97;1498;461;1037;1037;20;9;1008;16;675;178;25;114;0;0,6855;0,1379;691;139
20_63;6;60;1519;576;942;943;18;9;916;13;662;124;29;88;0;0,7369;0,1277;675;117
20_64;6;108;1228;324;904;904;9;5;890;15;590;168;34;83;0;0,6798;0,1315;605;117
20_65;6;107;1301;303;998;998;4;6;988;13;597;265;25;88;0;0,6174;0,1144;610;113
20_66;6;209;1230;307;922;923;15;4;904;8;535;237;34;90;0;0,6007;0,1372;543;124
20_67;6;155;1410;384;1026;1026;12;9;1005;9;680;207;28;81;0;0,6856;0,1085;689;109
20_68;6;135;1574;447;1127;1127;6;12;1109;17;840;151;37;64;0;0,7728;0,0911;857;101
20_69;6;171;1599;434;1165;1165;11;6;1148;13;838;197;17;83;0;0,7413;0,0871;851;100
20_70;6;172;1739;476;1263;1263;13;9;1241;17;869;215;31;109;0;0,7139;0,1128;886;140
20_71;6;229;1752;451;1301;1301;15;10;1276;16;942;200;27;91;0;0,7508;0,0925;958;118
20_72;6;196;1746;516;1229;1230;14;7;1209;12;904;174;40;79;0;0,7577;0,0984;916;119
20_73;6;194;1712;406;1306;1306;11;6;1289;12;923;250;29;75;0;0,7254;0,0807;935;104
20_74;6;233;1760;413;1348;1347;19;8;1320;15;978;229;23;75;0;0,7523;0,0742;993;98
20_75;6;100;1864;652;1212;1212;15;21;1176;17;881;163;30;85;0;0,7636;0,0978;898;115
20_76;6;193;2117;684;1428;1433;10;9;1414;10;1084;205;33;82;0;0,7737;0,0813;1094;115
