id_bv;num_circ;nom_quartier;num_arrond;nb_procu;nb_inscr;nb_abscent;taux_ab;nb_emarg;nb_votant;nb_blanc_null;nb_exprim;NB_ExtGauche;NB_Gauche;NB_Centre;NB_Droite;NB_ExtDroite;NB_Divers;;LFI/Gauche;LFI/PS;LFI/EELV;EELV/PS;LFI/RN
01_01;1;Saint-Germain-l'Auxerrois;1;37;1099;456;41,49%;643;643;4;639;0;157;144;72;114;14;;0,41;0,62;1,27;0,49;1,40
01_02;1;Saint-Germain-l'Auxerrois;1;59;1232;537;43,59%;695;695;9;686;1;157;193;54;100;10;;0,29;0,42;0,99;0,42;1,31
01_03;1;Saint-Germain-l'Auxerrois;1;56;1225;468;38,20%;756;757;9;748;1;188;177;58;125;19;;0,31;0,48;1,00;0,48;1,21
01_04;1;Halles;1;48;1310;569;43,44%;741;741;9;732;3;211;146;51;124;21;;0,49;0,71;1,89;0,38;1,81
01_05;1;Halles;1;48;1090;444;40,73%;647;646;2;644;1;164;149;44;108;5;;0,29;0,43;0,95;0,46;1,42
01_06;1;Halles;1;58;1281;490;38,25%;791;791;7;784;2;186;159;92;138;16;;0,30;0,46;0,99;0,47;1,02
01_07;1;Palais-Royal;1;53;1127;397;35,23%;730;730;9;721;3;142;192;89;127;10;;0,31;0,45;1,17;0,38;1,06
01_08;1;Palais-Royal;1;28;1000;439;43,90%;561;561;6;555;0;85;159;97;104;14;;0,23;0,35;0,72;0,49;0,67
01_09;1;Place-Vendôme;1;40;962;379;39,40%;583;583;3;580;0;75;175;109;117;13;;0,36;0,47;1,54;0,31;0,98
01_10;1;Place-Vendôme;1;38;922;391;42,41%;530;531;0;531;0;85;150;93;105;5;;0,26;0,40;0,84;0,47;0,80
02_11;1;Vivienne;2;45;1095;460;42,01%;635;635;0;635;1;115;165;85;106;12;;0,30;0,40;1,36;0,30;1,07
02_12;1;Vivienne;2;60;1062;383;36,06%;679;679;7;672;3;155;173;73;113;8;;0,37;0,55;1,25;0,44;1,47
02_13;1;Vivienne;2;47;895;365;40,78%;530;530;4;526;0;111;120;67;117;8;;0,33;0,51;1,00;0,51;0,90
02_14;1;Mail;2;75;1593;696;43,69%;897;897;5;892;2;247;233;70;125;8;;0,38;0,60;1,13;0,53;1,87
02_15;1;Mail;2;75;1483;586;39,51%;897;897;5;892;1;236;234;81;109;13;;0,33;0,52;0,97;0,53;1,70
02_16;1;Mail;2;75;1499;563;37,56%;936;936;2;934;0;216;282;93;116;12;;0,26;0,41;0,84;0,49;1,63
02_17;1;Bonne-Nouvelle;2;69;1558;632;40,56%;926;926;5;921;1;226;229;81;111;13;;0,26;0,38;0,88;0,44;1,90
02_18;1;Bonne-Nouvelle;2;89;1801;783;43,48%;1018;1018;11;1007;2;307;216;54;105;17;;0,30;0,46;0,99;0,47;2,35
02_19;1;Bonne-Nouvelle;2;90;1799;771;42,86%;1028;1028;5;1023;4;338;232;49;99;17;;0,32;0,52;0,91;0,57;2,81
02_20;1;Bonne-Nouvelle;2;71;1409;518;36,76%;891;891;5;886;3;253;205;62;73;9;;0,26;0,39;0,94;0,42;2,52
03_21;5;Enfants-Rouges;3;63;1454;579;39,82%;874;875;10;865;3;225;203;76;107;16;;0,26;0,40;0,83;0,48;1,68
03_22;5;Enfants-Rouges;3;78;1598;613;38,36%;985;985;7;978;1;311;214;75;86;10;;0,36;0,56;1,12;0,51;3,30
03_23;5;Enfants-Rouges;3;61;1319;502;38,06%;817;817;6;811;1;205;182;70;83;13;;0,23;0,33;0,82;0,40;2,10
03_24;5;Enfants-Rouges;3;67;1442;532;36,89%;910;910;10;900;4;226;217;66;98;9;;0,24;0,35;0,85;0,41;1,85
03_25;5;Archives;3;61;1331;517;38,84%;814;814;3;811;4;150;209;70;104;14;;0,19;0,25;0,80;0,32;1,44
03_26;5;Enfants-Rouges;3;78;1505;550;36,54%;955;955;9;946;3;238;198;85;120;10;;0,22;0,32;0,73;0,44;1,40
03_27;5;Archives;3;73;1509;519;34,39%;989;990;9;981;3;216;229;106;141;9;;0,30;0,40;1,14;0,35;2,11
03_28;5;Archives;3;75;1374;469;34,13%;905;905;7;898;0;173;230;100;118;8;;0,18;0,25;0,71;0,36;1,21
03_29;5;Sainte-Avoye;3;73;1651;672;40,70%;979;979;10;969;3;253;201;77;152;18;;0,33;0,48;1,23;0,39;1,44
03_30;5;Sainte-Avoye;3;70;1727;726;42,04%;1001;1001;10;991;1;289;173;86;130;12;;0,30;0,44;0,99;0,45;2,40
03_31;5;Sainte-Avoye;3;90;1610;619;38,45%;991;991;7;984;0;224;236;77;127;10;;0,27;0,36;1,15;0,31;1,70
03_32;5;Arts-et-Métiers;3;62;1515;669;44,16%;846;846;8;838;2;258;198;50;74;14;;0,38;0,56;1,35;0,41;2,70
03_33;5;Arts-et-Métiers;3;87;1560;651;41,73%;909;909;7;902;3;298;183;50;89;12;;0,35;0,55;1,08;0,51;3,13
03_34;5;Arts-et-Métiers;3;176;1692;600;35,46%;1092;1092;10;1082;3;307;244;56;118;14;;0,21;0,33;0,64;0,52;2,40
03_35;5;Arts-et-Métiers;3;76;1494;573;38,35%;920;921;9;912;1;244;214;103;109;9;;0,35;0,53;1,14;0,47;2,22
04_36;7;Saint-Gervais;4;50;1288;554;43,01%;734;734;3;731;6;179;121;83;166;16;;0,50;0,70;2,15;0,32;1,17
04_37;7;Saint-Gervais;4;68;1174;411;35,01%;762;763;7;756;4;180;179;56;128;9;;0,34;0,48;1,30;0,37;1,26
04_38;7;Saint-Gervais;4;71;1465;569;38,84%;896;896;4;892;1;232;195;74;120;8;;0,27;0,40;0,99;0,40;1,84
04_39;7;Saint-Gervais;4;65;1359;482;35,47%;877;877;10;867;1;277;157;66;141;6;;0,54;0,79;2,05;0,38;2,10
04_40;7;Saint-Gervais;4;87;1486;505;33,98%;981;981;3;978;0;201;253;103;134;13;;0,21;0,30;0,79;0,38;1,09
04_41;7;Arsenal;4;85;1703;624;36,64%;1070;1079;6;1073;2;257;255;123;140;18;;0,27;0,41;0,90;0,46;1,73
04_42;7;Arsenal;4;66;1353;507;37,47%;846;846;12;834;5;165;199;90;150;12;;0,23;0,33;0,84;0,39;0,93
04_43;7;Arsenal;4;74;1762;691;39,22%;1071;1071;12;1059;3;285;199;109;202;11;;0,37;0,56;1,21;0,46;1,25
04_44;7;Notre-Dame;4;62;1151;420;36,49%;731;731;3;728;3;141;185;92;131;17;;0,25;0,37;0,94;0,39;1,26
04_45;7;Notre-Dame;4;41;1007;403;40,02%;604;604;8;596;3;100;156;85;88;15;;0,21;0,28;0,80;0,36;0,93
04_46;7;Saint-Gervais;4;50;1084;412;38,01%;673;672;7;665;2;163;131;59;107;15;;0,27;0,39;0,97;0,40;1,68
04_47;7;Saint-Gervais;4;63;1263;426;33,73%;837;837;5;832;2;201;187;67;132;14;;0,32;0,45;1,23;0,37;1,47
04_48;7;Saint-Merri;4;59;1682;688;40,90%;994;994;6;988;2;292;182;65;159;17;;0,39;0,58;1,40;0,41;1,85
04_49;7;Saint-Gervais;4;68;1285;498;38,75%;787;787;4;783;0;182;179;81;101;9;;0,24;0,34;0,90;0,38;1,53
04_50;7;Saint-Gervais;4;8;1183;925;78,19%;258;258;14;244;5;120;18;10;49;3;;1,48;2,44;5,59;0,44;3,39
05_01;2;Sorbonne;5;98;1535;569;37,07%;966;966;7;959;1;245;248;86;140;16;;0,41;0,61;1,45;0,42;1,96
05_02;2;Sorbonne;5;74;1611;559;34,70%;1052;1052;9;1043;1;238;251;123;171;15;;0,33;0,48;1,21;0,40;1,31
05_03;2;Sorbonne;5;81;1729;715;41,35%;1015;1014;6;1008;3;251;217;120;156;10;;0,36;0,52;1,24;0,42;1,46
05_04;2;Sorbonne;5;71;1479;545;36,85%;934;934;6;928;3;204;210;128;148;8;;0,28;0,41;1,01;0,41;1,45
05_05;2;Val-de-Grâce;5;71;1313;470;35,80%;842;843;10;833;0;251;179;94;100;8;;0,46;0,70;1,61;0,44;3,04
05_06;2;Val-de-Grâce;5;95;1429;506;35,41%;922;923;8;915;6;246;197;105;111;18;;0,37;0,55;1,11;0,50;2,31
05_07;2;Val-de-Grâce;5;96;1544;528;34,20%;1016;1016;11;1005;1;224;232;114;166;14;;0,29;0,42;1,03;0,41;1,41
05_08;2;Val-de-Grâce;5;106;1583;506;31,96%;1077;1077;2;1075;0;211;311;134;124;2;;0,23;0,31;0,97;0,32;1,59
05_09;2;Val-de-Grâce;5;116;1764;528;29,93%;1235;1236;3;1233;5;304;296;143;131;11;;0,24;0,36;0,83;0,44;2,12
05_10;2;Val-de-Grâce;5;92;1573;527;33,50%;1046;1046;6;1040;2;240;289;104;113;12;;0,29;0,40;1,15;0,35;2,07
05_11;2;Val-de-Grâce;5;97;1584;529;33,40%;1055;1055;9;1046;1;288;228;119;105;20;;0,28;0,44;0,95;0,46;2,25
05_12;2;Val-de-Grâce;5;68;1557;508;32,63%;1049;1049;7;1042;4;286;204;98;127;17;;0,30;0,45;1,14;0,39;2,09
05_13;2;Val-de-Grâce;5;99;1637;635;38,79%;1002;1002;14;988;2;267;185;92;172;17;;0,29;0,46;0,91;0,50;1,16
05_14;2;Jardin-des-Plantes;5;58;1338;485;36,25%;853;853;8;845;0;211;157;72;127;6;;0,25;0,35;0,96;0,36;1,06
05_15;2;Jardin-des-Plantes;5;80;1644;577;35,10%;1066;1067;12;1055;1;286;199;87;149;12;;0,25;0,37;0,85;0,44;1,71
05_16;2;Jardin-des-Plantes;5;83;1549;510;32,92%;1039;1039;8;1031;4;299;200;89;122;17;;0,37;0,53;1,38;0,39;3,04
05_17;2;Jardin-des-Plantes;5;84;1446;482;33,33%;964;964;9;955;1;259;166;91;145;16;;0,31;0,45;1,07;0,42;1,80
05_18;2;Jardin-des-Plantes;5;67;1323;474;35,83%;849;849;8;841;0;261;159;58;141;13;;0,40;0,64;1,18;0,54;1,66
05_19;2;Jardin-des-Plantes;5;52;1409;486;34,49%;923;923;6;917;2;241;164;100;149;20;;0,34;0,50;1,18;0,42;1,72
05_20;2;Jardin-des-Plantes;5;42;1538;581;37,78%;958;957;7;950;3;275;186;78;167;14;;0,40;0,62;1,28;0,48;1,42
05_21;2;Saint-Victor;5;91;1641;597;36,38%;1044;1044;4;1040;2;280;214;89;126;20;;0,26;0,38;0,86;0,44;1,58
05_22;2;Saint-Victor;5;71;1425;479;33,61%;946;946;7;939;2;216;247;104;132;9;;0,26;0,40;0,87;0,46;1,28
05_23;2;Saint-Victor;5;70;1483;524;35,33%;959;959;6;953;1;223;235;90;164;14;;0,36;0,52;1,43;0,37;1,24
05_24;2;Saint-Victor;5;70;1524;540;35,43%;983;984;4;980;4;267;209;64;132;14;;0,26;0,39;0,88;0,45;1,61
05_25;2;Saint-Victor;5;95;1637;588;35,92%;1049;1049;9;1040;2;289;204;97;136;13;;0,32;0,47;1,02;0,46;2,03
06_01;2;Odéon;6;80;1296;480;37,04%;816;816;6;810;0;142;211;108;164;11;;0,24;0,35;0,83;0,42;0,79
06_02;2;Odéon;6;82;1333;483;36,23%;850;850;8;842;0;114;227;143;176;4;;0,22;0,29;0,87;0,34;0,87
06_03;2;Odéon;6;81;1396;552;39,54%;844;844;9;835;1;161;220;120;117;10;;0,22;0,33;0,81;0,40;1,25
06_04;2;Monnais;6;47;1105;421;38,10%;683;684;6;678;1;117;169;91;118;9;;0,21;0,28;0,86;0,33;1,09
06_05;2;Monnais;6;93;1253;466;37,19%;787;787;8;779;0;148;196;110;119;10;;0,24;0,34;0,90;0,38;1,18
06_06;2;Monnais;6;61;1235;500;40,49%;735;735;8;727;1;133;184;81;120;12;;0,23;0,31;1,02;0,31;1,33
06_07;2;Odéon;6;54;1045;403;38,56%;642;642;1;641;0;101;191;98;117;4;;0,24;0,34;0,85;0,40;0,80
06_08;2;Saint-Germain-des-Prés;6;54;1053;423;40,17%;630;630;4;626;0;91;194;105;95;5;;0,22;0,29;0,93;0,32;0,73
06_09;2;Saint-Germain-des-Prés;6;57;918;362;39,43%;556;556;10;546;1;76;157;85;102;8;;0,28;0,36;1,40;0,26;0,98
06_10;2;Odéon;6;49;1138;364;31,99%;774;774;6;768;2;114;244;118;107;12;;0,13;0,18;0,50;0,37;0,62
06_11;2;Odéon;6;60;1326;486;36,65%;840;840;10;830;1;134;216;134;165;5;;0,27;0,37;1,23;0,30;0,78
06_12;11;Notre-Dame-des-Champs;6;69;1177;375;31,86%;802;802;8;794;2;101;243;162;133;6;;0,18;0,25;0,73;0,34;0,57
06_13;11;Notre-Dame-des-Champs;6;112;1372;461;33,60%;911;911;4;907;0;109;283;178;158;7;;0,20;0,26;0,83;0,32;0,69
06_14;11;Notre-Dame-des-Champs;6;76;1285;500;38,91%;785;785;5;780;0;143;189;126;154;7;;0,32;0,45;1,20;0,38;1,07
06_15;11;Notre-Dame-des-Champs;6;78;1269;444;34,99%;825;825;7;818;1;117;260;148;112;8;;0,23;0,31;0,93;0,33;1,10
06_16;11;Notre-Dame-des-Champs;6;90;1582;593;37,48%;989;989;12;977;1;172;287;152;172;8;;0,22;0,35;0,70;0,50;0,97
06_17;11;Notre-Dame-des-Champs;6;75;1541;533;34,59%;1008;1008;6;1002;1;157;251;158;183;8;;0,19;0,26;0,81;0,32;0,79
06_18;11;Notre-Dame-des-Champs;6;79;1066;343;32,18%;723;723;6;717;2;104;196;140;131;6;;0,23;0,32;0,90;0,36;0,73
06_19;11;Notre-Dame-des-Champs;6;65;1053;329;31,24%;724;724;4;720;0;100;234;102;131;12;;0,18;0,26;0,62;0,43;0,64
06_20;11;Notre-Dame-des-Champs;6;55;1207;390;32,31%;817;817;5;812;0;119;234;121;170;8;;0,24;0,34;0,96;0,35;0,68
06_21;11;Notre-Dame-des-Champs;6;64;1186;397;33,47%;789;789;5;784;1;127;221;113;121;9;;0,20;0,28;0,90;0,31;0,91
06_22;11;Notre-Dame-des-Champs;6;79;1325;424;32,00%;901;901;5;896;0;119;266;159;132;10;;0,20;0,26;1,02;0,26;1,08
07_01;2;Invalides;7;55;1007;381;37,84%;626;626;4;622;1;64;206;131;125;7;;0,17;0,24;0,62;0,39;0,33
07_02;2;Invalides;7;89;1398;536;38,34%;862;862;7;855;0;88;224;194;200;8;;0,21;0,28;0,81;0,35;0,48
07_03;2;Invalides;7;73;1339;526;39,28%;811;813;9;804;0;74;223;176;191;3;;0,18;0,23;1,00;0,23;0,44
07_04;2;Saint-Thomas-d'Aquin;7;58;1324;540;40,79%;782;784;9;775;0;105;252;134;176;8;;0,36;0,54;1,17;0,46;0,61
07_05;2;Saint-Thomas-d'Aquin;7;67;1390;524;37,70%;864;866;5;861;0;90;266;220;145;6;;0,23;0,31;1,05;0,30;0,70
07_06;2;Invalides;7;79;1450;527;36,34%;923;923;5;918;0;117;297;186;175;3;;0,28;0,39;1,02;0,39;0,75
07_07;2;Saint-Thomas-d'Aquin;7;85;1415;516;36,47%;899;899;7;892;1;107;287;183;156;10;;0,23;0,32;0,87;0,36;0,87
07_08;2;Saint-Thomas-d'Aquin;7;91;1586;535;33,73%;1049;1051;9;1042;0;112;322;235;197;6;;0,23;0,31;0,98;0,31;0,61
07_09;12;École-Militaire;7;72;1270;448;35,28%;822;822;8;814;1;110;234;176;151;11;;0,23;0,34;0,78;0,44;0,70
07_10;12;École-Militaire;7;75;1596;607;38,03%;986;989;3;986;0;148;269;155;234;13;;0,29;0,43;1,13;0,38;0,68
07_11;12;École-Militaire;7;67;1238;380;30,69%;858;858;6;852;0;63;234;242;191;10;;0,16;0,21;0,61;0,35;0,30
07_12;12;École-Militaire;7;75;1289;467;36,23%;822;822;10;812;3;79;247;219;148;5;;0,20;0,27;0,89;0,31;0,51
07_13;12;École-Militaire;7;52;1229;403;32,79%;826;826;3;823;0;91;250;207;155;6;;0,23;0,33;0,86;0,39;0,62
07_14;12;École-Militaire;7;61;1404;504;35,90%;899;900;9;891;1;127;251;193;183;15;;0,27;0,43;0,82;0,53;0,60
07_15;2;Gros-Caillou;7;71;1444;488;33,80%;957;956;6;950;1;107;270;186;211;14;;0,20;0,28;0,83;0,33;0,42
07_16;2;Gros-Caillou;7;57;1465;514;35,09%;947;951;7;944;3;126;267;208;189;4;;0,22;0,33;0,74;0,45;0,49
07_17;2;Gros-Caillou;7;61;1349;539;39,96%;810;810;9;801;0;119;216;130;183;16;;0,37;0,51;1,42;0,36;0,73
07_18;2;Gros-Caillou;7;81;1465;595;40,61%;870;870;9;861;2;127;251;136;208;4;;0,31;0,47;1,11;0,42;0,63
07_19;2;Gros-Caillou;7;55;1282;498;38,85%;784;784;1;783;0;94;204;155;204;12;;0,26;0,38;1,00;0,38;0,44
07_20;2;Gros-Caillou;7;77;1284;507;39,49%;775;777;15;762;0;89;203;197;168;8;;0,32;0,46;1,15;0,40;0,56
07_21;2;Gros-Caillou;7;66;1577;589;37,35%;988;988;6;982;1;98;274;232;238;13;;0,31;0,42;1,61;0,26;0,47
07_22;2;Gros-Caillou;7;59;1345;548;40,74%;797;797;7;790;0;81;189;178;208;5;;0,24;0,31;1,18;0,26;0,40
07_23;2;Gros-Caillou;7;45;1203;442;36,74%;761;761;6;755;1;68;232;176;193;9;;0,31;0,44;1,31;0,34;0,45
07_24;2;Gros-Caillou;7;68;1157;474;40,97%;682;683;11;672;0;46;205;193;168;7;;0,31;0,43;1,15;0,38;0,35
07_25;2;Gros-Caillou;7;47;1265;505;39,92%;759;760;5;755;0;68;222;208;168;10;;0,23;0,34;0,73;0,46;0,33
08_01;1;Europe;8;108;1610;630;39,13%;980;980;4;976;2;117;274;206;259;9;;0,32;0,49;1,00;0,49;0,49
08_02;1;Europe;8;60;1408;568;40,34%;839;840;9;831;1;90;206;208;211;13;;0,31;0,44;1,15;0,38;0,48
08_03;1;Europe;8;0;1472;467;31,73%;1003;1005;4;1001;0;112;300;239;217;8;;0,27;0,39;0,86;0,46;0,62
08_04;1;Europe;8;70;1457;575;39,46%;882;882;5;877;1;78;266;218;209;6;;0,27;0,37;1,12;0,33;0,43
08_05;1;Europe;8;77;1683;573;34,05%;1108;1110;3;1107;2;149;328;270;188;7;;0,26;0,39;0,89;0,44;0,66
08_06;1;Europe;8;62;1456;460;31,59%;996;996;7;989;3;173;259;177;195;8;;0,26;0,41;0,87;0,47;0,85
08_07;1;Europe;8;78;1570;545;34,71%;1025;1025;9;1016;2;186;285;186;166;5;;0,25;0,39;0,73;0,54;0,87
08_08;1;Europe;8;72;1513;540;35,69%;973;973;14;959;5;209;261;153;142;9;;0,46;0,68;1,48;0,46;2,11
08_09;1;Europe;8;84;1707;581;34,04%;1126;1126;4;1122;1;173;327;232;222;8;;0,35;0,53;1,25;0,43;0,79
08_10;1;Madeleine;8;50;1098;509;46,36%;589;589;4;585;1;67;142;129;135;8;;0,21;0,28;0,91;0,31;0,43
08_11;1;Madeleine;8;0;1150;449;39,04%;701;701;3;698;1;115;193;123;152;9;;0,29;0,47;0,83;0,56;0,80
08_12;1;Madeleine;8;53;1342;597;44,49%;745;745;2;743;1;101;193;131;215;10;;0,46;0,65;1,67;0,39;0,51
08_13;1;Faubourg-du-Roule;8;50;1517;677;44,63%;839;840;6;834;2;120;226;157;210;9;;0,46;0,63;1,82;0,35;0,72
08_14;1;Faubourg-du-Roule;8;54;1542;695;45,07%;846;847;2;845;1;121;206;179;240;12;;0,54;0,84;1,67;0,50;0,69
08_15;1;Faubourg-du-Roule;8;67;1603;686;42,79%;917;917;3;914;0;99;244;222;236;12;;0,28;0,42;0,88;0,48;0,42
08_16;1;Faubourg-du-Roule;8;81;1669;637;38,17%;1032;1032;6;1026;0;111;281;259;267;8;;0,48;0,69;1,84;0,37;0,64
08_17;1;Champs-Élysées;8;22;917;485;52,89%;432;432;3;429;0;49;100;83;133;5;;0,44;0,56;2,06;0,27;0,50
08_18;1;Champs-Élysées;8;19;937;465;49,63%;470;472;7;465;0;53;101;110;152;4;;0,55;0,77;2,27;0,34;0,52
09_01;1;Faubourg-Montmartre;9;74;1348;546;40,50%;802;802;5;797;5;183;173;84;120;17;;0,22;0,33;0,79;0,41;1,11
09_02;1;Faubourg-Montmartre;9;95;1507;557;36,96%;950;950;6;944;0;278;215;68;104;11;;0,36;0,54;1,17;0,46;2,42
09_03;1;Faubourg-Montmartre;9;84;1531;590;38,54%;941;941;7;934;1;224;193;103;157;7;;0,27;0,40;0,87;0,46;1,11
09_04;1;Faubourg-Montmartre;9;79;1501;554;36,91%;947;947;2;945;0;221;211;89;112;12;;0,27;0,36;1,10;0,33;1,98
09_05;1;Faubourg-Montmartre;9;86;1509;557;36,91%;951;952;3;949;1;227;240;93;108;16;;0,28;0,40;0,98;0,41;2,33
09_06;1;Faubourg-Montmartre;9;77;1444;566;39,20%;878;878;5;873;5;194;212;102;127;17;;0,29;0,42;1,03;0,41;1,54
09_07;1;Chaussée-d'Antin;9;56;1448;634;43,78%;814;814;9;805;2;160;202;108;156;5;;0,33;0,47;1,26;0,38;1,24
09_08;1;Saint-Georges;9;88;1583;531;33,54%;1052;1052;8;1044;2;218;283;135;122;13;;0,21;0,31;0,68;0,45;1,60
09_09;1;Saint-Georges;9;53;1372;458;33,38%;914;914;8;906;0;184;256;120;125;5;;0,34;0,47;1,29;0,37;1,68
09_10;1;Saint-Georges;9;53;1541;503;32,64%;1038;1038;4;1034;3;208;281;134;133;7;;0,21;0,31;0,73;0,42;1,09
09_11;1;Saint-Georges;9;98;1507;504;33,44%;1003;1003;6;997;1;226;247;95;110;13;;0,27;0,37;1,10;0,34;1,69
09_12;1;Saint-Georges;9;89;1481;507;34,23%;974;974;10;964;0;253;233;97;106;21;;0,37;0,54;1,26;0,43;2,09
09_13;1;Saint-Georges;9;104;1597;628;39,32%;969;969;7;962;2;268;198;70;122;9;;0,34;0,48;1,21;0,40;1,76
09_14;1;Saint-Georges;9;99;1656;556;33,57%;1100;1100;10;1090;1;229;284;127;129;9;;0,20;0,28;0,74;0,38;1,52
09_15;1;Saint-Georges;9;75;1470;500;34,01%;967;970;2;968;2;208;257;112;111;22;;0,21;0,31;0,69;0,46;1,31
09_16;1;Saint-Georges;9;88;1417;475;33,52%;942;942;6;936;2;203;247;107;108;5;;0,22;0,32;0,78;0,40;1,46
09_17;1;Saint-Georges;9;94;1448;524;36,19%;924;924;5;919;1;196;235;126;139;9;;0,22;0,34;0,68;0,51;1,22
09_18;1;Rochechouart;9;79;1572;556;35,37%;1016;1016;9;1007;2;274;210;76;137;20;;0,26;0,40;0,86;0,47;1,53
09_19;1;Rochechouart;9;71;1507;552;36,63%;955;955;10;945;4;230;199;68;134;20;;0,25;0,36;0,93;0,38;1,55
09_20;1;Rochechouart;9;95;1513;510;33,71%;1003;1003;5;998;4;222;227;119;157;12;;0,24;0,36;0,81;0,44;1,01
09_21;1;Rochechouart;9;70;1567;568;36,25%;999;999;9;990;1;224;215;122;146;20;;0,28;0,40;1,01;0,40;1,35
09_22;1;Rochechouart;9;82;1421;501;35,26%;920;920;6;914;1;216;224;100;119;8;;0,23;0,35;0,74;0,47;1,71
09_23;1;Rochechouart;9;85;1413;544;38,50%;869;869;4;865;0;199;187;104;108;10;;0,25;0,35;0,92;0,38;1,48
09_24;18;Rochechouart;9;85;1504;524;34,84%;980;980;7;973;5;212;246;89;110;11;;0,21;0,29;0,81;0,35;1,43
09_25;18;Rochechouart;9;105;1662;642;38,63%;1016;1020;10;1010;1;283;205;74;113;12;;0,32;0,45;1,13;0,40;2,72
09_26;18;Rochechouart;9;99;1574;552;35,07%;1022;1022;7;1015;4;250;215;99;139;15;;0,24;0,36;0,83;0,43;1,33
09_27;18;Rochechouart;9;84;1666;604;36,25%;1060;1062;7;1055;2;350;214;54;120;11;;0,34;0,54;1,03;0,52;2,79
10_01;5;Porte-Saint-Martin;10;86;1675;599;35,76%;1071;1076;12;1064;3;378;186;66;97;14;;0,35;0,56;1,01;0,55;4,02
10_02;5;Porte-Saint-Martin;10;114;1611;567;35,20%;1044;1044;4;1040;3;402;168;50;98;13;;0,35;0,59;0,93;0,63;2,92
10_03;5;Porte-Saint-Martin;10;100;1625;600;36,92%;1026;1025;8;1017;3;372;139;61;93;10;;0,35;0,54;1,09;0,50;4,00
10_04;5;Porte-Saint-Martin;10;70;1424;573;40,24%;851;851;5;846;1;311;149;31;71;8;;0,38;0,58;1,16;0,50;4,00
10_05;5;Porte-Saint-Martin;10;75;1392;519;37,28%;872;873;9;864;3;282;158;47;93;10;;0,32;0,49;1,06;0,46;3,24
10_06;5;Porte-Saint-Martin;10;79;1495;539;36,05%;956;956;10;946;3;332;157;68;103;9;;0,41;0,64;1,26;0,51;3,11
10_07;5;Porte-Saint-Martin;10;71;1325;526;39,70%;799;799;18;781;2;301;116;45;64;9;;0,36;0,59;1,01;0,59;3,79
10_08;5;Porte-Saint-Martin;10;104;1641;617;37,60%;1024;1024;7;1017;5;367;137;38;117;16;;0,35;0,53;1,08;0,50;2,63
10_09;5;Porte-Saint-Martin;10;80;1659;649;39,12%;1010;1010;10;1000;4;311;166;78;146;7;;0,30;0,47;0,89;0,53;1,72
10_10;5;Porte-Saint-Martin;10;82;1542;521;33,79%;1021;1021;3;1018;3;361;156;29;98;12;;0,33;0,49;1,08;0,46;3,48
10_11;5;Hôpital-Saint-Louis;10;89;1630;643;39,45%;987;987;14;973;4;405;140;34;102;14;;0,48;0,80;1,36;0,59;3,88
10_12;5;Hôpital-Saint-Louis;10;104;1657;678;40,92%;979;979;3;976;5;461;110;27;62;10;;0,47;0,81;1,23;0,66;6,75
10_13;5;Hôpital-Saint-Louis;10;47;1692;773;45,69%;920;919;11;908;7;468;99;26;81;11;;0,79;1,39;2,11;0,66;5,96
10_14;5;Hôpital-Saint-Louis;10;78;1708;691;40,46%;1017;1017;6;1011;5;534;102;26;70;10;;0,56;1,08;1,28;0,85;8,61
10_15;5;Hôpital-Saint-Louis;10;68;1469;570;38,80%;899;899;10;889;2;380;122;22;113;7;;0,45;0,80;1,14;0,70;3,08
10_16;5;Hôpital-Saint-Louis;10;63;1455;555;38,14%;900;900;15;885;4;381;106;41;85;13;;0,45;0,77;1,20;0,64;5,03
10_17;5;Hôpital-Saint-Louis;10;43;1346;638;47,40%;708;708;10;698;2;245;83;64;192;7;;0,83;1,51;2,44;0,62;1,50
10_18;5;Hôpital-Saint-Louis;10;45;1441;688;47,74%;753;753;11;742;2;286;118;46;98;13;;0,60;0,98;1,81;0,54;2,87
10_19;5;Hôpital-Saint-Louis;10;52;1324;577;43,58%;747;747;9;738;2;286;105;36;112;14;;0,57;0,94;1,78;0,53;2,48
10_20;5;Hôpital-Saint-Louis;10;67;1311;507;38,67%;804;804;7;797;2;327;114;40;77;11;;0,43;0,73;1,20;0,61;3,84
10_21;5;Hôpital-Saint-Louis;10;62;1438;659;45,83%;779;779;15;764;3;328;91;39;98;10;;0,59;0,98;1,65;0,59;3,90
10_22;5;Hôpital-Saint-Louis;10;77;1502;525;34,95%;977;977;4;973;1;390;150;42;93;9;;0,42;0,69;1,12;0,61;3,69
10_23;5;Hôpital-Saint-Louis;10;61;1318;477;36,19%;841;841;4;837;4;326;117;41;68;5;;0,34;0,55;1,04;0,53;4,47
10_24;5;Saint-Vincent-de-Paul;10;66;1317;521;39,56%;796;796;8;788;2;305;101;49;86;11;;0,42;0,69;1,16;0,59;3,16
10_25;5;Saint-Vincent-de-Paul;10;37;1370;530;38,69%;840;840;15;825;1;331;105;23;111;12;;0,45;0,73;1,33;0,55;2,77
10_26;5;Saint-Vincent-de-Paul;10;75;1295;467;36,06%;828;828;10;818;3;338;130;31;78;9;;0,42;0,73;1,08;0,67;3,07
10_27;5;Saint-Vincent-de-Paul;10;77;1523;655;43,01%;868;868;8;860;1;386;129;33;70;4;;0,63;1,03;1,88;0,55;6,08
10_28;5;Saint-Vincent-de-Paul;10;61;1394;487;34,94%;905;907;10;897;2;302;139;62;114;9;;0,41;0,61;1,51;0,40;2,72
10_29;5;Saint-Vincent-de-Paul;10;85;1499;500;33,36%;997;999;7;992;5;314;218;66;104;11;;0,38;0,59;1,22;0,48;3,35
10_30;5;Saint-Vincent-de-Paul;10;99;1495;559;37,39%;936;936;9;927;1;324;165;57;94;12;;0,39;0,60;1,21;0,50;3,73
10_31;5;Saint-Vincent-de-Paul;10;63;1241;482;38,84%;759;759;11;748;5;183;175;54;83;6;;0,24;0,34;0,88;0,39;1,73
10_32;5;Saint-Vincent-de-Paul;10;72;1344;532;39,58%;812;812;9;803;3;340;130;30;84;3;;0,54;0,90;1,54;0,58;4,20
10_33;5;Porte-Saint-Denis;10;72;1518;592;39,00%;926;926;6;920;1;330;133;51;85;12;;0,39;0,58;1,22;0,47;3,98
10_34;5;Porte-Saint-Denis;10;70;1516;618;40,77%;898;898;6;892;3;270;167;69;135;7;;0,34;0,53;1,03;0,51;1,52
10_35;5;Porte-Saint-Denis;10;65;1391;521;37,46%;870;870;6;864;3;256;165;73;98;13;;0,38;0,55;1,37;0,40;2,78
10_36;5;Porte-Saint-Denis;10;85;1451;516;35,56%;935;935;10;925;1;315;191;38;67;10;;0,32;0,49;1,01;0,49;4,93
10_37;5;Porte-Saint-Denis;10;78;1332;516;38,74%;816;816;10;806;0;271;159;60;81;9;;0,41;0,64;1,29;0,49;3,11
10_38;5;Porte-Saint-Denis;10;79;1644;587;35,71%;1057;1057;12;1045;1;336;185;63;81;9;;0,32;0,46;1,10;0,41;4,57
10_39;5;Porte-Saint-Denis;10;85;1709;693;40,55%;1016;1016;7;1009;7;393;147;46;94;17;;0,49;0,75;1,66;0,45;4,75
11_01;7;Roquette;11;97;1857;728;39,20%;1128;1129;4;1125;6;423;195;52;122;10;;0,38;0,64;1,04;0,62;3,00
11_02;7;Roquette;11;84;1634;569;34,82%;1065;1065;9;1056;10;303;192;91;128;4;;0,28;0,42;0,95;0,44;1,79
11_03;7;Roquette;11;79;1623;658;40,54%;965;965;13;952;4;389;138;45;107;17;;0,49;0,83;1,42;0,58;3,60
11_04;7;Roquette;11;91;1723;640;37,14%;1083;1083;9;1074;3;337;205;87;106;11;;0,33;0,50;1,12;0,44;2,84
11_05;7;Roquette;11;116;1790;660;36,87%;1134;1130;9;1121;3;381;175;59;130;11;;0,36;0,55;1,25;0,44;2,40
11_06;7;Sainte-Marguerite;11;69;1719;588;34,21%;1131;1131;9;1122;5;396;152;62;140;13;;0,40;0,60;1,34;0,45;2,52
11_07;7;Sainte-Marguerite;11;0;1603;612;38,18%;991;991;11;980;4;309;185;66;91;9;;0,37;0,53;1,36;0,39;4,07
11_08;7;Sainte-Marguerite;11;70;1575;580;36,83%;1005;995;13;982;10;354;149;59;102;9;;0,42;0,64;1,38;0,47;3,40
11_09;7;Roquette;11;106;1694;572;33,77%;1122;1122;9;1113;6;399;180;62;112;15;;0,35;0,57;1,03;0,55;3,33
11_10;7;Roquette;11;67;1660;633;38,13%;1027;1027;7;1020;2;368;136;55;140;12;;0,45;0,68;1,50;0,46;2,59
11_11;7;Roquette;11;82;1934;735;38,00%;1200;1199;8;1191;2;407;212;65;109;10;;0,31;0,48;0,99;0,49;2,82
11_12;7;Roquette;11;98;1723;601;34,88%;1122;1122;15;1107;6;425;158;66;98;14;;0,41;0,65;1,25;0,52;4,55
11_13;7;Roquette;11;101;1797;683;38,01%;1114;1114;10;1104;3;423;171;31;100;10;;0,32;0,53;0,93;0,57;3,10
11_14;7;Roquette;11;101;1887;666;35,29%;1221;1221;10;1211;11;413;199;67;125;21;;0,39;0,58;1,32;0,44;3,14
11_15;7;Roquette;11;91;1708;558;32,67%;1150;1150;5;1145;2;279;258;93;149;12;;0,24;0,34;0,83;0,41;1,61
11_16;7;Saint-Ambroise;11;101;1555;471;30,29%;1083;1084;14;1070;6;269;231;104;131;11;;0,22;0,32;0,74;0,44;1,58
11_17;7;Saint-Ambroise;11;69;1563;521;33,33%;1042;1042;6;1036;1;250;235;97;113;13;;0,30;0,41;1,32;0,31;2,20
11_18;7;Saint-Ambroise;11;86;1678;645;38,44%;1033;1033;11;1022;3;316;195;75;125;8;;0,35;0,53;1,13;0,47;2,24
11_19;7;Saint-Ambroise;11;66;1527;576;37,72%;951;951;8;943;1;296;160;78;98;15;;0,35;0,52;1,22;0,42;3,17
11_20;7;Folie-Méricourt;11;83;1720;603;35,06%;1117;1117;6;1111;5;346;188;75;120;8;;0,31;0,45;1,11;0,41;2,30
11_21;7;Folie-Méricourt;11;102;1582;545;34,45%;1037;1037;10;1027;1;339;186;57;103;10;;0,34;0,52;1,14;0,45;3,31
11_22;7;Folie-Méricourt;11;86;1748;611;34,95%;1141;1137;8;1129;0;366;203;72;118;19;;0,31;0,48;0,95;0,51;2,67
11_23;7;Folie-Méricourt;11;95;1702;640;37,60%;1062;1062;8;1054;5;364;172;52;94;10;;0,33;0,49;1,08;0,46;3,24
11_24;7;Saint-Ambroise;11;118;1833;680;37,10%;1154;1153;11;1142;3;405;220;73;98;11;;0,35;0,56;0,96;0,59;3,34
11_25;7;Saint-Ambroise;11;88;1810;645;35,64%;1165;1165;10;1155;4;385;214;82;123;11;;0,37;0,57;1,14;0,50;2,63
11_26;7;Saint-Ambroise;11;83;1819;636;34,96%;1183;1183;5;1178;6;334;210;107;126;12;;0,28;0,41;1,03;0,40;2,31
11_27;6;Folie-Méricourt;11;110;1774;560;31,57%;1212;1214;9;1205;3;470;200;47;98;13;;0,37;0,60;1,04;0,58;4,07
11_28;6;Folie-Méricourt;11;82;1760;682;38,75%;1078;1078;5;1073;4;431;173;58;74;10;;0,43;0,70;1,28;0,55;5,54
11_29;6;Folie-Méricourt;11;102;1908;778;40,78%;1130;1130;13;1117;4;491;134;33;105;23;;0,56;0,90;1,69;0,53;4,44
11_30;6;Folie-Méricourt;11;117;1859;747;40,18%;1112;1112;6;1106;2;483;138;36;101;11;;0,47;0,77;1,31;0,59;4,43
11_31;6;Folie-Méricourt;11;68;1962;971;49,49%;991;991;15;976;5;524;96;30;94;13;;0,87;1,60;2,12;0,76;6,56
11_32;6;Folie-Méricourt;11;85;1956;816;41,72%;1138;1140;7;1133;4;577;122;31;97;16;;0,72;1,26;1,89;0,67;7,31
11_33;6;Saint-Ambroise;11;88;1943;729;37,52%;1214;1214;13;1201;3;480;148;68;121;17;;0,44;0,71;1,28;0,55;3,97
11_34;6;Saint-Ambroise;11;83;1818;822;45,21%;996;996;11;985;4;418;138;44;99;20;;0,51;0,89;1,33;0,67;3,77
11_35;6;Saint-Ambroise;11;81;1719;641;37,29%;1077;1078;5;1073;3;349;190;68;129;7;;0,39;0,57;1,37;0,42;2,89
11_36;6;Saint-Ambroise;11;97;1712;630;36,80%;1082;1082;6;1076;7;433;163;49;105;14;;0,42;0,70;1,17;0,59;3,52
11_37;6;Saint-Ambroise;11;83;1608;575;35,76%;1033;1033;5;1028;3;335;156;74;112;16;;0,29;0,44;0,91;0,49;2,26
11_38;6;Saint-Ambroise;11;92;1814;688;37,93%;1126;1126;6;1120;6;369;153;65;127;13;;0,35;0,51;1,29;0,39;2,33
11_39;6;Roquette;11;65;1491;546;36,62%;945;945;15;930;1;372;113;49;112;16;;0,41;0,69;1,23;0,57;2,76
11_40;6;Roquette;11;71;1510;617;40,86%;893;893;11;882;1;294;125;57;118;18;;0,44;0,63;1,83;0,34;2,07
11_41;6;Roquette;11;77;1800;790;43,89%;1010;1010;18;992;1;394;130;40;151;19;;0,58;0,93;1,77;0,53;2,80
11_42;6;Roquette;11;63;1559;688;44,13%;871;871;13;858;6;324;97;52;137;18;;0,51;0,82;1,58;0,52;2,08
11_43;6;Roquette;11;86;1791;735;41,04%;1057;1056;13;1043;3;398;139;71;119;13;;0,41;0,68;1,16;0,59;2,74
11_44;6;Sainte-Marguerite;11;78;1790;668;37,32%;1122;1122;9;1113;0;386;197;90;120;14;;0,39;0,63;1,12;0,57;2,68
11_45;6;Sainte-Marguerite;11;53;1599;547;34,21%;1051;1052;10;1042;2;287;201;96;145;21;;0,30;0,46;0,95;0,48;1,90
11_46;6;Sainte-Marguerite;11;62;1879;851;45,29%;1028;1028;16;1012;6;433;130;71;159;10;;0,83;1,41;2,39;0,59;3,19
11_47;6;Sainte-Marguerite;11;60;1812;755;41,67%;1057;1057;12;1045;4;418;145;67;141;15;;0,49;0,86;1,30;0,67;2,74
11_48;6;Sainte-Marguerite;11;60;1770;575;32,49%;1195;1195;9;1186;2;366;228;114;149;14;;0,36;0,57;1,12;0,51;2,16
11_49;6;Sainte-Marguerite;11;91;1799;642;35,69%;1157;1157;14;1143;2;434;189;76;155;17;;0,54;0,92;1,43;0,64;2,89
11_50;6;Sainte-Marguerite;11;106;1808;593;32,80%;1215;1215;14;1201;3;429;186;78;125;10;;0,32;0,52;0,95;0,54;2,82
11_51;6;Sainte-Marguerite;11;83;1775;622;35,04%;1153;1153;7;1146;3;379;206;80;145;14;;0,35;0,56;1,02;0,55;2,42
11_52;6;Sainte-Marguerite;11;90;1821;635;34,87%;1186;1186;8;1178;4;421;194;69;121;14;;0,34;0,55;0,95;0,58;2,97
11_53;6;Sainte-Marguerite;11;116;1821;579;31,80%;1240;1242;11;1231;5;374;220;111;139;15;;0,29;0,45;0,88;0,51;2,04
11_54;6;Sainte-Marguerite;11;80;1655;654;39,52%;1001;1001;10;991;5;328;165;63;139;20;;0,42;0,65;1,31;0,50;2,55
11_55;6;Sainte-Marguerite;11;71;1761;657;37,31%;1104;1104;14;1090;4;410;155;60;127;9;;0,37;0,60;1,09;0,55;3,28
12_01;8;Picpus;12;58;1106;393;35,53%;713;713;6;707;2;208;135;53;94;13;;0,34;0,50;1,26;0,40;2,00
12_02;8;Picpus;12;50;1317;503;38,19%;814;814;9;805;3;254;146;66;112;11;;0,35;0,56;1,09;0,52;1,76
12_03;8;Picpus;12;77;1614;626;38,79%;988;988;6;982;0;276;178;92;177;11;;0,39;0,58;1,44;0,40;1,52
12_04;8;Picpus;12;68;1487;619;41,63%;867;868;7;861;1;238;171;88;142;10;;0,41;0,62;1,44;0,43;1,62
12_05;8;Picpus;12;76;1501;515;34,31%;986;986;10;976;2;248;203;101;178;19;;0,37;0,57;1,22;0,47;1,27
12_06;8;Picpus;12;43;1457;619;42,48%;838;838;6;832;0;268;139;78;143;18;;0,61;0,92;2,18;0,42;2,13
12_07;8;Picpus;12;69;1507;481;31,92%;1025;1026;7;1019;1;247;222;130;150;15;;0,32;0,48;1,10;0,43;1,36
12_08;8;Picpus;12;45;1466;592;40,38%;874;874;11;863;2;274;130;72;144;14;;0,46;0,70;1,60;0,44;1,87
12_09;8;Picpus;12;33;1639;766;46,74%;873;873;10;863;4;352;102;43;183;15;;0,82;1,43;2,43;0,59;2,13
12_10;8;Picpus;12;66;1571;635;40,42%;936;936;10;926;3;339;139;58;142;15;;0,48;0,80;1,41;0,57;2,54
12_11;8;Picpus;12;54;1307;473;36,19%;834;834;8;826;4;240;122;56;177;13;;0,35;0,54;1,16;0,47;1,18
12_12;8;Picpus;12;66;1966;703;35,76%;1258;1263;10;1253;6;446;196;91;171;19;;0,52;0,81;1,65;0,49;2,32
12_13;8;Picpus;12;78;1497;491;32,80%;1006;1006;15;991;5;305;188;79;108;15;;0,36;0,54;1,21;0,44;2,69
12_14;8;Picpus;12;41;1408;528;37,50%;880;880;9;871;1;208;192;76;179;16;;0,38;0,56;1,34;0,42;1,04
12_15;8;Picpus;12;21;1648;687;41,69%;961;961;12;949;2;344;175;69;133;7;;0,48;0,84;1,36;0,62;2,64
12_16;8;Picpus;12;65;1386;491;35,43%;895;895;6;889;0;208;167;101;129;9;;0,23;0,32;0,86;0,38;1,49
12_17;8;Picpus;12;65;1337;464;34,70%;873;873;4;869;5;214;180;87;166;8;;0,28;0,43;0,86;0,50;1,15
12_18;8;Picpus;12;72;1456;453;31,11%;1002;1003;7;996;2;307;182;85;116;17;;0,31;0,49;0,96;0,51;2,32
12_19;8;Picpus;12;66;1519;623;41,01%;895;896;11;885;1;287;145;54;140;12;;0,42;0,63;1,35;0,47;2,03
12_20;8;Picpus;12;61;1373;470;34,23%;903;903;4;899;4;269;167;73;142;9;;0,40;0,60;1,33;0,45;1,96
12_21;8;Picpus;12;49;1629;604;37,08%;1025;1025;11;1014;1;275;206;97;180;15;;0,37;0,57;1,21;0,47;1,27
12_22;8;Picpus;12;46;1612;778;48,26%;834;834;17;817;2;308;106;45;156;16;;0,75;1,14;2,54;0,45;1,96
12_23;8;Picpus;12;56;1318;569;43,17%;749;749;10;739;1;227;173;59;108;12;;0,51;0,82;1,70;0,48;2,05
12_24;8;Picpus;12;55;1423;590;41,46%;833;833;12;821;2;298;116;51;132;9;;0,37;0,65;1,03;0,63;1,69
12_25;8;Picpus;12;39;1608;643;39,99%;965;965;8;957;3;309;163;79;178;13;;0,55;0,85;1,77;0,48;1,84
12_26;8;Picpus;12;40;1438;552;38,39%;886;886;7;879;2;251;155;88;147;22;;0,37;0,58;1,28;0,46;1,51
12_27;8;Picpus;12;58;1435;560;39,02%;875;875;12;863;8;288;135;75;117;15;;0,42;0,66;1,30;0,50;2,00
12_28;8;Picpus;12;49;1554;665;42,79%;889;889;12;877;3;273;156;70;171;18;;0,63;0,94;2,26;0,42;1,54
12_29;8;Picpus;12;28;1194;499;41,79%;695;695;10;685;1;224;111;48;135;15;;0,49;0,81;1,49;0,54;1,48
12_30;8;Bel-Air;12;48;1439;495;34,40%;944;944;7;937;2;240;168;93;163;10;;0,34;0,48;1,27;0,38;1,70
12_31;8;Bel-Air;12;63;1437;526;36,60%;911;911;7;904;0;269;190;80;128;20;;0,39;0,62;1,20;0,52;1,91
12_32;8;Bel-Air;12;50;1459;510;34,96%;949;949;9;940;4;246;203;76;146;21;;0,34;0,50;1,22;0,41;1,77
12_33;8;Bel-Air;12;39;1529;566;37,02%;963;963;15;948;3;281;185;77;159;21;;0,47;0,72;1,61;0,45;1,87
12_34;8;Bel-Air;12;56;1550;530;34,19%;1020;1020;13;1007;0;292;216;93;173;15;;0,35;0,61;0,97;0,63;1,24
12_35;8;Bel-Air;12;54;1466;474;32,33%;992;992;10;982;0;218;212;138;143;20;;0,30;0,42;1,19;0,35;1,21
12_36;8;Bel-Air;12;25;1413;614;43,45%;800;799;12;787;2;276;111;51;178;13;;0,69;1,12;2,10;0,53;1,62
12_37;8;Bel-Air;12;26;1399;629;44,96%;770;770;16;754;3;289;103;58;142;16;;1,01;1,49;3,77;0,40;2,44
12_38;8;Bel-Air;12;58;1579;612;38,76%;967;967;11;956;1;275;181;66;182;19;;0,40;0,62;1,29;0,48;1,26
12_39;8;Bel-Air;12;37;1242;472;38,00%;770;770;12;758;1;200;143;65;149;12;;0,31;0,48;1,10;0,44;1,05
12_40;8;Bel-Air;12;45;1348;449;33,31%;899;899;10;889;1;264;142;72;136;23;;0,38;0,56;1,26;0,44;1,70
12_41;8;Bel-Air;12;63;1369;473;34,55%;896;896;9;887;1;258;211;94;124;13;;0,40;0,68;1,17;0,58;1,62
12_42;8;Bel-Air;12;46;1627;627;38,54%;1000;1000;6;994;2;336;151;80;174;18;;0,46;0,75;1,31;0,58;1,84
12_43;8;Bel-Air;12;26;948;459;48,42%;489;489;9;480;2;136;86;20;133;13;;0,66;1,01;2,62;0,39;0,99
12_44;8;Bel-Air;12;36;1415;567;40,07%;848;848;11;837;1;290;131;66;138;20;;0,68;1,02;2,49;0,41;2,31
12_45;8;Bel-Air;12;20;1366;706;51,68%;660;660;11;649;2;291;75;39;138;8;;1,51;2,43;6,51;0,37;2,26
12_46;8;Bercy;12;37;1527;646;42,31%;879;881;16;865;1;275;129;74;165;12;;0,61;0,89;2,19;0,41;1,84
12_47;8;Bercy;12;33;1515;727;47,99%;788;788;7;781;3;234;137;58;170;20;;0,69;1,01;2,52;0,40;1,55
12_48;8;Bercy;12;34;1553;700;45,07%;853;853;10;843;3;324;124;61;149;16;;0,69;1,20;1,90;0,63;2,12
12_49;8;Picpus;12;57;1661;618;37,21%;1043;1043;12;1031;5;342;153;68;154;25;;0,35;0,56;1,07;0,53;1,83
12_50;8;Quinze-Vingt;12;65;1639;727;44,36%;912;912;11;901;3;333;150;45;138;11;;0,60;0,94;1,95;0,48;2,57
12_51;7;Quinze-Vingt;12;51;1599;722;45,15%;877;877;13;864;2;278;171;65;125;13;;0,65;0,92;2,74;0,33;3,00
12_52;7;Quinze-Vingt;12;80;1297;463;35,70%;834;834;6;828;2;252;159;86;91;11;;0,36;0,56;1,09;0,51;2,23
12_53;7;Quinze-Vingt;12;91;1712;628;36,68%;1084;1084;6;1078;1;298;216;106;132;11;;0,30;0,45;1,01;0,45;2,20
12_54;7;Quinze-Vingt;12;58;1365;593;43,44%;772;772;7;765;4;199;134;58;155;21;;0,37;0,55;1,38;0,40;1,31
12_55;7;Quinze-Vingt;12;80;1811;637;35,17%;1174;1174;9;1165;2;367;196;74;159;14;;0,34;0,51;1,17;0,44;1,97
12_56;7;Quinze-Vingt;12;51;1207;425;35,21%;782;782;5;777;4;246;129;59;79;10;;0,30;0,45;1,00;0,45;2,85
12_57;7;Quinze-Vingt;12;73;1568;607;38,71%;960;961;6;955;4;373;154;35;83;9;;0,33;0,56;0,94;0,59;3,59
12_58;7;Quinze-Vingt;12;58;1475;542;36,75%;933;933;6;927;5;313;160;51;97;14;;0,37;0,57;1,21;0,47;2,93
12_59;7;Quinze-Vingt;12;70;1300;479;36,85%;819;821;8;813;3;245;150;66;124;9;;0,43;0,63;1,40;0,45;2,47
12_60;7;Quinze-Vingt;12;87;1417;572;40,37%;845;845;8;837;2;295;137;46;93;9;;0,42;0,64;1,37;0,47;2,86
12_61;8;Bercy;12;40;1467;566;38,58%;901;901;19;882;1;254;131;74;204;18;;0,46;0,71;1,60;0,45;1,15
12_62;7;Quinze-Vingt;12;88;1519;484;31,86%;1035;1035;11;1024;2;332;188;63;89;11;;0,27;0,42;0,85;0,49;3,16
12_63;7;Quinze-Vingt;12;44;1452;642;44,21%;810;810;16;794;6;282;128;49;145;17;;0,58;0,96;1,67;0,57;1,88
12_64;8;Bel-Air;12;47;1304;428;32,82%;876;876;6;870;3;235;169;89;146;9;;0,34;0,52;1,08;0,48;1,32
13_01;9;Salpêtrière;13;83;1732;592;34,18%;1139;1140;9;1131;5;356;207;75;160;12;;0,37;0,56;1,17;0,48;2,14
13_02;9;Salpêtrière;13;68;1474;590;40,03%;884;884;10;874;2;312;162;65;117;12;;0,51;0,85;1,43;0,59;2,53
13_03;9;Salpêtrière;13;56;1634;672;41,13%;962;962;17;945;3;326;149;65;154;21;;0,48;0,77;1,57;0,49;1,87
13_04;9;Salpêtrière;13;38;1324;589;44,49%;735;735;14;721;3;265;98;34;151;18;;0,73;1,18;2,53;0,47;1,83
13_05;9;Salpêtrière;13;63;1545;560;36,25%;984;985;11;974;0;292;161;71;158;11;;0,43;0,61;1,87;0,33;1,95
13_06;9;Salpêtrière;13;47;1222;438;35,84%;784;784;4;780;1;237;130;45;124;10;;0,38;0,55;1,43;0,38;2,35
13_07;9;Salpêtrière;13;47;1712;753;43,98%;959;959;9;950;4;341;139;59;153;14;;0,56;0,85;1,85;0,46;2,07
13_08;9;Gare;13;56;1513;579;38,27%;934;934;10;924;5;347;130;53;161;13;;0,73;1,10;2,86;0,38;2,34
13_09;9;Gare;13;22;1240;543;43,79%;697;697;11;686;0;250;84;33;138;13;;0,75;1,09;2,82;0,39;2,11
13_10;9;Gare;13;18;1311;581;44,32%;730;730;15;715;3;244;91;32;158;15;;0,67;0,97;3,40;0,29;1,60
13_11;9;Gare;13;19;1525;740;48,52%;785;785;11;774;3;285;110;46;166;16;;0,87;1,36;3,52;0,39;1,81
13_12;9;Gare;13;27;1461;691;47,30%;768;770;10;760;2;254;97;37;166;20;;0,71;0,99;3,60;0,27;1,65
13_13;9;Gare;13;62;1721;619;35,97%;1102;1102;11;1091;1;392;184;62;144;16;;0,43;0,69;1,35;0,51;2,87
13_14;9;Gare;13;34;1471;682;46,36%;789;789;11;778;2;270;106;48;195;19;;1,04;1,51;4,74;0,32;1,71
13_15;9;Gare;13;33;1771;962;54,32%;809;809;8;801;1;322;137;50;153;8;;1,00;1,76;2,82;0,62;2,25
13_16;9;Gare;13;44;1996;922;46,19%;1074;1074;17;1057;10;410;159;48;200;20;;0,78;1,30;2,46;0,53;2,33
13_17;9;Gare;13;33;1685;722;42,85%;962;963;18;945;2;301;179;62;166;15;;0,57;0,84;2,09;0,40;1,74
13_18;9;Gare;13;26;1513;703;46,46%;810;810;10;800;3;314;102;55;162;16;;0,90;1,52;3,18;0,48;2,12
13_19;9;Gare;13;25;1866;971;52,04%;895;895;18;877;1;353;144;56;181;14;;1,11;1,98;3,44;0,58;2,14
13_20;9;Gare;13;22;1888;1107;58,63%;781;781;15;766;3;295;98;47;188;16;;1,31;1,95;5,80;0,34;2,02
13_21;9;Gare;13;15;1645;975;59,27%;670;670;7;663;0;201;111;58;187;12;;0,95;1,54;2,98;0,52;1,24
13_22;9;Gare;13;10;1720;981;57,03%;739;739;17;722;0;277;93;32;200;19;;1,60;2,37;7,03;0,34;1,68
13_23;9;Gare;13;44;1513;668;44,15%;845;845;14;831;4;334;97;41;156;16;;0,70;1,15;2,13;0,54;2,20
13_24;9;Gare;13;32;1473;686;46,57%;787;787;13;774;2;321;122;40;114;13;;0,74;1,28;1,96;0,65;2,65
13_25;9;Gare;13;29;1732;954;55,08%;778;778;21;757;3;321;92;26;146;20;;1,01;1,60;3,63;0,44;2,23
13_26;9;Gare;13;50;1801;777;43,14%;1024;1024;5;1019;2;389;148;64;175;13;;0,59;1,00;1,74;0,57;2,04
13_27;9;Gare;13;57;1868;784;41,97%;1085;1084;14;1070;2;371;148;47;173;19;;0,49;0,71;1,86;0,38;2,23
13_28;9;Gare;13;61;1790;663;37,04%;1127;1127;21;1106;4;346;184;80;161;27;;0,47;0,68;2,00;0,34;2,15
13_29;9;Gare;13;27;1298;669;51,54%;628;629;19;610;2;197;81;24;155;15;;0,74;1,06;3,54;0,30;1,44
13_30;9;Gare;13;60;1743;693;39,76%;1050;1050;22;1028;9;377;138;58;169;31;;0,56;0,90;1,76;0,51;2,27
13_31;9;Gare;13;54;1336;477;35,70%;859;859;10;849;1;259;150;55;126;4;;0,39;0,57;1,53;0,37;1,83
13_32;9;Gare;13;47;1733;783;45,18%;950;950;12;938;9;348;100;54;177;23;;0,64;0,99;2,37;0,42;2,20
13_33;9;Gare;13;10;760;420;55,26%;340;340;4;336;2;134;53;22;61;8;;1,13;1,88;3,92;0,48;2,39
13_34;9;Gare;13;66;1601;576;35,98%;1025;1025;8;1017;3;324;179;70;155;14;;0,48;0,70;1,72;0,41;2,07
13_35;10;Maison-Blanche;13;37;1312;582;44,36%;730;730;5;725;1;286;125;42;104;14;;0,63;1,11;1,73;0,64;3,36
13_36;10;Maison-Blanche;13;81;1483;528;35,60%;953;955;14;941;1;306;197;62;134;11;;0,42;0,68;1,19;0,57;1,78
13_37;10;Maison-Blanche;13;56;1875;963;51,36%;912;912;15;897;4;375;109;44;177;15;;1,06;1,64;4,96;0,33;2,55
13_38;10;Maison-Blanche;13;28;1451;720;49,62%;731;731;15;716;1;220;141;75;123;10;;0,58;0,91;1,77;0,51;1,79
13_39;10;Maison-Blanche;13;46;1915;942;49,19%;973;973;20;953;8;379;130;63;164;11;;0,91;1,38;3,18;0,43;2,90
13_40;10;Maison-Blanche;13;78;1617;534;33,02%;1084;1083;9;1074;1;334;189;74;119;20;;0,32;0,48;1,13;0,43;2,73
13_41;10;Maison-Blanche;13;52;1815;771;42,48%;1043;1044;15;1029;2;412;177;50;136;16;;0,72;1,11;2,41;0,46;3,02
13_42;10;Maison-Blanche;13;21;1605;851;53,02%;754;754;16;738;1;337;91;19;158;13;;1,35;2,25;4,57;0,49;2,37
13_43;10;Maison-Blanche;13;66;1757;711;40,47%;1046;1046;12;1034;5;395;135;61;156;13;;0,61;0,92;2,23;0,41;2,95
13_44;10;Maison-Blanche;13;32;1593;794;49,84%;799;799;14;785;4;326;111;34;140;19;;0,96;1,54;3,11;0,50;2,61
13_45;10;Maison-Blanche;13;31;1615;818;50,65%;797;797;11;786;3;341;108;46;137;12;;1,10;1,82;3,95;0,46;2,93
13_46;10;Maison-Blanche;13;19;1651;838;50,76%;813;813;19;794;3;218;140;47;238;31;;0,76;1,21;2,86;0,42;0,88
13_47;10;Maison-Blanche;13;88;1847;634;34,33%;1213;1213;10;1203;4;418;187;71;169;11;;0,44;0,67;1,55;0,43;2,45
13_48;10;Maison-Blanche;13;63;1768;692;39,14%;1076;1076;11;1065;2;360;190;51;149;12;;0,50;0,72;1,91;0,38;2,63
13_49;10;Maison-Blanche;13;76;1757;555;31,59%;1202;1202;12;1190;8;424;215;74;136;14;;0,42;0,69;1,23;0,56;2,79
13_50;10;Maison-Blanche;13;104;1731;554;32,00%;1175;1177;8;1169;3;391;186;70;149;18;;0,37;0,57;1,19;0,48;2,41
13_51;10;Maison-Blanche;13;69;1700;609;35,82%;1089;1091;12;1079;2;368;175;70;152;13;;0,49;0,73;1,98;0,37;2,30
13_52;10;Maison-Blanche;13;57;1388;443;31,92%;944;945;17;928;1;255;173;61;132;18;;0,39;0,53;1,80;0,29;2,22
13_53;10;Maison-Blanche;13;27;1361;587;43,13%;772;774;8;766;1;284;134;55;128;4;;0,76;1,18;2,63;0,45;2,30
13_54;10;Maison-Blanche;13;60;1742;587;33,70%;1155;1155;20;1135;4;374;174;75;138;28;;0,38;0,57;1,38;0,42;2,20
13_55;10;Maison-Blanche;13;39;1285;519;40,39%;766;766;15;751;2;254;120;52;144;13;;0,57;0,92;1,96;0,47;1,66
13_56;10;Maison-Blanche;13;78;1699;603;35,49%;1096;1096;10;1086;6;364;188;71;152;17;;0,45;0,70;1,49;0,47;2,02
13_57;10;Maison-Blanche;13;68;1596;569;35,65%;1027;1027;5;1022;1;352;159;51;132;16;;0,41;0,62;1,43;0,44;2,85
13_58;10;Maison-Blanche;13;76;1648;596;36,17%;1051;1052;11;1041;2;382;161;60;108;16;;0,39;0,62;1,20;0,52;3,44
13_59;10;Maison-Blanche;13;69;1837;714;38,87%;1121;1123;12;1111;3;376;178;90;144;17;;0,47;0,71;1,74;0,41;3,15
13_60;9;Croulebarbe;13;59;1619;634;39,16%;985;985;8;977;3;366;168;60;113;12;;0,49;0,80;1,45;0,55;2,87
13_61;9;Croulebarbe;13;68;1623;533;32,84%;1090;1090;3;1087;4;366;187;92;110;23;;0,40;0,63;1,22;0,52;2,76
13_62;9;Croulebarbe;13;70;1669;527;31,58%;1142;1142;11;1131;4;301;243;78;153;10;;0,27;0,40;0,90;0,44;1,43
13_63;9;Croulebarbe;13;57;1334;374;28,04%;960;960;8;952;4;259;205;88;106;3;;0,29;0,43;1,02;0,42;2,46
13_64;9;Croulebarbe;13;55;1395;537;38,49%;858;858;11;847;2;255;147;47;117;14;;0,37;0,52;1,52;0,34;2,00
13_65;9;Croulebarbe;13;102;1782;562;31,54%;1218;1220;8;1212;3;387;243;86;126;23;;0,33;0,52;1,04;0,50;2,84
13_66;9;Croulebarbe;13;92;1814;629;34,67%;1186;1185;7;1178;6;380;225;100;136;16;;0,36;0,58;1,10;0,53;2,90
13_67;9;Croulebarbe;13;77;1583;550;34,74%;1033;1033;7;1026;2;343;177;73;132;12;;0,42;0,65;1,39;0,47;2,69
13_68;9;Gare;13;53;1624;642;39,53%;982;982;13;969;0;391;145;47;123;14;;0,60;0,96;1,85;0,52;3,89
13_69;10;Maison-Blanche;13;53;1452;551;37,95%;901;901;9;892;4;314;145;61;111;8;;0,49;0,74;1,66;0,45;3,17
13_70;9;Gare;13;24;1186;473;39,88%;713;713;13;700;3;239;95;53;116;14;;0,53;0,80;1,78;0,45;2,25
13_71;9;Gare;13;20;1213;522;43,03%;691;691;18;673;3;331;83;30;95;10;;1,29;2,11;4,11;0,51;3,75
13_72;9;Gare;13;36;1343;545;40,58%;798;798;9;789;2;337;80;39;130;16;;0,78;1,23;2,49;0,49;2,95
14_01;11;Petit-Montrouge;14;85;1370;459;33,50%;911;911;8;903;4;253;193;58;122;22;;0,28;0,44;0,85;0,52;1,77
14_02;11;Petit-Montrouge;14;73;1482;511;34,48%;971;971;5;966;3;281;188;79;149;14;;0,35;0,54;1,10;0,50;1,58
14_03;11;Petit-Montrouge;14;91;1518;482;31,75%;1036;1036;8;1028;2;258;228;101;110;12;;0,24;0,35;0,88;0,39;2,04
14_04;11;Petit-Montrouge;14;79;1561;604;38,69%;957;957;7;950;2;269;199;89;111;13;;0,30;0,46;0,94;0,49;2,10
14_05;11;Petit-Montrouge;14;75;1412;451;31,94%;960;961;10;951;2;262;199;96;108;13;;0,27;0,40;0,91;0,44;2,00
14_06;11;Petit-Montrouge;14;94;1476;502;34,01%;972;974;8;966;1;260;225;89;112;13;;0,29;0,44;0,89;0,49;2,11
14_07;11;Petit-Montrouge;14;92;1518;475;31,29%;1043;1043;8;1035;0;264;228;98;147;18;;0,33;0,48;1,21;0,39;1,71
14_08;11;Petit-Montrouge;14;71;1478;462;31,26%;1016;1016;12;1004;6;270;219;113;135;15;;0,30;0,47;0,97;0,48;1,73
14_09;11;Petit-Montrouge;14;74;1582;512;32,36%;1070;1070;7;1063;0;279;205;98;153;14;;0,25;0,37;0,87;0,43;1,54
14_10;11;Petit-Montrouge;14;37;1439;590;41,00%;851;849;12;837;5;272;132;62;172;10;;0,51;0,84;1,79;0,47;1,48
14_11;11;Petit-Montrouge;14;54;1446;454;31,40%;992;992;9;983;2;258;230;109;136;13;;0,37;0,55;1,22;0,45;1,77
14_12;11;Petit-Montrouge;14;51;1584;560;35,35%;1024;1024;12;1012;2;244;197;105;187;10;;0,35;0,49;1,40;0,35;1,17
14_13;11;Petit-Montrouge;14;61;1539;525;34,11%;1014;1014;9;1005;2;271;226;100;128;16;;0,30;0,46;0,92;0,50;1,79
14_14;11;Plaisance;14;74;1625;544;33,48%;1081;1081;12;1069;1;255;240;116;161;12;;0,29;0,42;1,16;0,37;1,70
14_15;11;Plaisance;14;68;1611;606;37,62%;1005;1005;14;991;5;341;194;62;138;11;;0,55;0,86;1,74;0,49;2,64
14_16;11;Plaisance;14;47;1506;596;39,58%;908;910;12;898;5;283;174;80;138;14;;0,52;0,79;1,74;0,46;1,79
14_17;11;Plaisance;14;77;1515;552;36,44%;962;963;10;953;4;251;201;96;112;13;;0,26;0,40;0,92;0,43;1,69
14_18;11;Plaisance;14;58;1650;649;39,33%;1001;1001;9;992;7;326;157;72;152;16;;0,42;0,65;1,46;0,45;2,22
14_19;11;Plaisance;14;59;1753;740;42,21%;1013;1013;7;1006;4;369;153;60;122;19;;0,46;0,74;1,44;0,51;2,71
14_20;11;Plaisance;14;46;1402;604;43,08%;798;798;11;787;3;293;118;46;146;14;;0,75;1,20;2,49;0,48;2,16
14_21;11;Plaisance;14;22;1488;752;50,54%;736;736;10;726;1;289;73;43;169;28;;1,23;1,93;4,58;0,42;2,02
14_22;11;Plaisance;14;57;1534;642;41,85%;892;892;14;878;1;317;130;56;147;17;;0,60;0,93;1,89;0,49;2,24
14_23;11;Plaisance;14;56;1556;589;37,85%;964;967;6;961;1;310;146;62;152;9;;0,43;0,63;1,57;0,41;2,19
14_24;11;Plaisance;14;78;1625;577;35,51%;1049;1048;8;1040;2;327;202;83;118;17;;0,31;0,50;0,92;0,54;2,06
14_25;11;Plaisance;14;62;1540;521;33,83%;1019;1019;7;1012;2;286;209;73;130;7;;0,26;0,40;0,85;0,47;1,68
14_26;11;Montparnasse;14;53;1324;472;35,65%;852;852;9;843;2;199;181;98;129;9;;0,29;0,42;1,09;0,38;1,31
14_27;11;Montparnasse;14;58;1111;392;35,28%;718;719;5;714;2;156;194;116;96;7;;0,33;0,51;0,99;0,51;1,52
14_28;11;Petit-Montrouge;14;84;1562;515;32,97%;1047;1047;9;1038;1;243;259;114;132;12;;0,25;0,38;0,95;0,40;1,37
14_29;11;Petit-Montrouge;14;97;1677;576;34,35%;1101;1101;10;1091;7;327;217;89;121;15;;0,35;0,52;1,15;0,45;2,63
14_30;11;Montparnasse;14;69;1417;529;37,33%;888;888;6;882;2;168;212;100;140;15;;0,21;0,29;0,86;0,34;0,99
14_31;11;Montparnasse;14;79;1490;473;31,74%;1015;1017;8;1009;2;218;257;132;107;7;;0,22;0,31;0,76;0,41;1,69
14_32;11;Montparnasse;14;72;1397;461;33,00%;936;936;16;920;1;207;222;75;155;6;;0,30;0,42;1,22;0,34;1,18
14_33;11;Montparnasse;14;69;1581;563;35,61%;1018;1018;5;1013;0;230;211;123;158;10;;0,26;0,37;0,94;0,39;1,30
14_34;11;Parc-de-Montsouris;14;70;1392;436;31,32%;956;956;13;943;5;273;211;86;112;11;;0,35;0,53;1,17;0,45;2,15
14_35;11;Parc-de-Montsouris;14;60;1504;518;34,44%;984;986;10;976;3;270;226;91;128;13;;0,38;0,58;1,28;0,45;2,06
14_36;11;Parc-de-Montsouris;14;37;1328;578;43,52%;750;750;4;746;4;231;111;62;141;16;;0,58;0,84;2,37;0,35;2,04
14_37;11;Parc-de-Montsouris;14;43;1616;579;35,83%;1036;1037;15;1022;0;316;204;51;185;13;;0,49;0,73;1,74;0,42;1,62
14_38;11;Parc-de-Montsouris;14;53;1244;452;36,33%;792;792;5;787;4;241;154;63;96;13;;0,39;0,59;1,30;0,45;2,66
14_39;11;Parc-de-Montsouris;14;39;1489;543;36,47%;946;946;7;939;3;295;154;93;132;22;;0,53;0,77;2,12;0,36;2,43
14_40;10;Parc-de-Montsouris;14;50;1567;560;35,74%;1007;1007;4;1003;1;316;222;68;120;7;;0,40;0,62;1,34;0,46;2,59
14_41;10;Parc-de-Montsouris;14;86;1861;751;40,35%;1112;1110;9;1101;5;345;242;100;117;8;;0,51;0,75;1,81;0,41;4,00
14_42;10;Petit-Montrouge;14;31;1212;512;42,24%;700;700;5;695;2;231;104;50;115;9;;0,48;0,72;1,71;0,42;1,78
14_43;10;Petit-Montrouge;14;70;1538;564;36,67%;974;974;8;966;5;251;169;89;146;16;;0,36;0,49;1,61;0,30;1,87
14_44;10;Petit-Montrouge;14;37;1343;599;44,60%;743;744;5;739;3;299;83;35;165;15;;1,11;1,65;4,38;0,38;2,53
14_45;10;Petit-Montrouge;14;21;1239;633;51,09%;604;606;11;595;0;260;59;22;133;19;;1,24;1,97;3,83;0,51;2,69
14_46;10;Plaisance;14;67;1422;467;32,84%;955;955;3;952;4;274;167;106;132;15;;0,28;0,44;0,81;0,55;1,53
14_47;10;Plaisance;14;44;1427;576;40,36%;851;851;25;826;3;268;130;68;149;14;;0,62;0,92;2,16;0,42;1,71
14_48;10;Plaisance;14;43;1549;700;45,19%;849;849;7;842;0;288;151;61;137;9;;0,70;1,02;2,48;0,41;1,96
14_49;10;Plaisance;14;56;1680;620;36,90%;1060;1060;7;1053;2;309;215;70;160;17;;0,49;0,69;2,02;0,34;2,02
14_50;10;Plaisance;14;87;1547;542;35,04%;1005;1005;16;989;2;260;219;96;129;21;;0,36;0,52;1,29;0,40;1,84
14_51;10;Plaisance;14;24;1419;609;42,92%;810;810;9;801;8;223;159;41;174;8;;0,64;0,86;3,46;0,25;1,45
14_52;10;Plaisance;14;17;1544;799;51,75%;745;745;7;738;5;258;110;52;169;15;;1,04;1,57;3,69;0,43;1,70
14_53;10;Plaisance;14;23;1485;734;49,43%;751;751;19;732;2;271;117;50;168;13;;1,11;1,82;3,72;0,49;1,67
14_54;10;Plaisance;14;36;1534;653;42,57%;881;881;12;869;4;261;155;56;170;14;;0,58;0,84;2,24;0,38;1,52
14_55;10;Plaisance;14;55;1815;803;44,24%;1012;1012;19;993;4;294;146;83;209;19;;0,62;0,85;2,90;0,30;1,40
14_56;10;Plaisance;14;14;1463;772;52,77%;691;691;26;665;4;196;84;40;210;15;;0,84;1,22;3,86;0,32;1,00
14_57;10;Plaisance;14;11;1534;942;61,41%;590;592;11;581;3;234;76;24;146;14;;1,82;2,53;11,88;0,21;1,96
14_58;10;Petit-Montrouge;14;38;1357;564;41,56%;792;793;8;785;3;291;112;63;152;13;;0,75;1,24;2,21;0,56;2,13
15_01;12;Saint-Lambert;15;57;1239;474;38,26%;765;765;3;762;2;142;214;103;140;7;;0,31;0,44;1,13;0,39;0,97
15_02;12;Saint-Lambert;15;67;1364;490;35,92%;874;874;9;865;4;166;202;166;157;20;;0,32;0,51;0,88;0,57;0,94
15_03;12;Necker;15;46;1325;512;38,64%;813;813;8;805;1;173;157;92;174;20;;0,34;0,49;1,36;0,36;0,92
15_04;12;Saint-Lambert;15;69;1736;688;39,63%;1048;1048;7;1041;0;211;254;151;194;16;;0,32;0,47;1,09;0,43;0,97
15_05;12;Necker;15;54;1739;730;41,98%;1009;1009;8;1001;1;249;207;169;179;18;;0,50;0,79;1,53;0,52;1,63
15_06;12;Grenelle;15;66;1776;712;40,09%;1064;1064;6;1058;1;195;270;165;184;10;;0,25;0,37;0,90;0,41;0,99
15_07;12;Grenelle;15;57;1603;623;38,86%;980;980;10;970;3;181;242;157;173;10;;0,33;0,47;1,30;0,36;1,06
15_08;12;Grenelle;15;63;1386;438;31,60%;948;948;11;937;1;174;241;140;131;7;;0,23;0,32;0,93;0,35;1,13
15_09;12;Grenelle;15;48;1580;611;38,67%;973;969;6;963;0;175;258;131;181;9;;0,28;0,40;1,08;0,37;0,89
15_10;12;Grenelle;15;56;1637;715;43,68%;922;922;7;915;5;184;235;127;191;10;;0,55;0,74;2,75;0,27;1,23
15_11;12;Grenelle;15;50;1606;648;40,35%;958;958;3;955;3;162;253;148;194;12;;0,32;0,46;1,30;0,36;0,77
15_12;12;Grenelle;15;92;1737;594;34,20%;1144;1143;9;1134;1;204;307;192;184;17;;0,27;0,40;0,94;0,42;0,88
15_13;12;Grenelle;15;59;1687;661;39,18%;1026;1026;7;1019;1;206;248;149;173;17;;0,28;0,41;0,96;0,43;1,01
15_14;12;Grenelle;15;65;1799;725;40,30%;1074;1074;12;1062;2;213;286;160;218;12;;0,53;0,77;1,89;0,41;1,33
15_15;12;Grenelle;15;56;1525;634;41,57%;890;891;5;886;1;143;221;161;218;12;;0,44;0,64;1,58;0,40;0,85
15_16;12;Grenelle;15;63;1785;661;37,03%;1124;1124;5;1119;1;202;269;213;237;14;;0,45;0,65;1,68;0,39;0,97
15_17;12;Grenelle;15;83;1594;623;39,08%;971;971;6;965;0;163;173;196;281;7;;0,40;0,59;1,35;0,44;0,66
15_18;12;Grenelle;15;77;1448;485;33,49%;962;963;5;958;2;161;206;189;244;10;;0,41;0,59;1,53;0,39;0,71
15_19;12;Grenelle;15;54;1268;469;36,99%;799;799;12;787;0;132;197;142;167;15;;0,32;0,48;1,21;0,40;0,66
15_20;12;Grenelle;15;58;1411;537;38,06%;872;874;9;865;1;126;235;200;154;12;;0,34;0,48;1,43;0,34;0,90
15_21;12;Grenelle;15;56;1477;523;35,41%;955;954;8;946;0;121;267;211;188;10;;0,26;0,38;0,95;0,40;0,66
15_22;12;Grenelle;15;68;1464;525;35,86%;939;939;6;933;1;157;242;178;165;8;;0,28;0,40;1,03;0,39;1,04
15_23;12;Necker;15;72;1513;492;32,52%;1021;1021;7;1014;0;118;289;216;174;9;;0,25;0,31;1,51;0,21;0,93
15_24;12;Necker;15;101;1615;559;34,61%;1056;1056;6;1050;0;137;279;222;223;6;;0,24;0,33;0,90;0,37;0,52
15_25;12;Necker;15;82;1625;538;33,11%;1084;1087;10;1077;1;166;309;157;201;13;;0,25;0,34;1,05;0,33;0,80
15_26;12;Necker;15;54;1632;675;41,36%;958;957;7;950;1;229;247;103;174;15;;0,48;0,72;1,57;0,46;1,46
15_27;12;Necker;15;39;1483;645;43,49%;838;838;13;825;2;245;144;84;173;13;;0,57;0,89;1,92;0,46;1,49
15_28;12;Necker;15;57;1501;548;36,51%;950;953;11;942;5;182;218;172;167;9;;0,29;0,44;1,04;0,42;0,91
15_29;12;Necker;15;77;1574;541;34,37%;1032;1033;12;1021;1;173;258;147;207;11;;0,22;0,32;0,81;0,39;0,65
15_30;12;Necker;15;79;1531;506;33,05%;1025;1025;10;1015;1;174;281;169;172;12;;0,24;0,35;0,79;0,45;0,94
15_31;12;Necker;15;72;1583;542;34,24%;1041;1041;4;1037;1;160;273;194;189;10;;0,26;0,35;1,03;0,34;1,09
15_32;12;Necker;15;63;1561;492;31,52%;1069;1069;9;1060;2;192;258;184;208;14;;0,24;0,37;0,77;0,48;0,87
15_33;12;Necker;15;94;1597;534;33,44%;1061;1063;13;1050;3;206;251;173;182;11;;0,27;0,40;0,98;0,41;1,05
15_34;12;Necker;15;53;1619;573;35,39%;1046;1046;7;1039;1;209;239;177;174;10;;0,36;0,51;1,47;0,34;1,47
15_35;12;Necker;15;76;1697;704;41,48%;988;993;4;989;1;218;240;124;161;11;;0,34;0,48;1,35;0,36;1,15
15_36;12;Necker;15;79;1643;571;34,75%;1072;1072;7;1065;4;220;257;150;201;8;;0,43;0,58;1,79;0,32;1,42
15_37;12;Necker;15;58;1584;563;35,54%;1022;1021;10;1011;3;198;246;121;180;19;;0,33;0,45;1,38;0,32;1,23
15_38;12;Necker;15;53;1612;682;42,31%;930;930;17;913;1;277;164;109;179;13;;0,72;1,09;2,62;0,42;1,71
15_39;12;Necker;15;40;1530;797;52,09%;733;733;11;722;4;277;98;57;168;16;;1,35;2,13;5,00;0,43;2,09
15_40;12;Necker;15;37;1533;672;43,84%;861;861;13;848;1;238;140;93;204;18;;0,72;1,07;2,95;0,36;1,40
15_41;12;Necker;15;63;1584;599;37,82%;985;985;11;974;3;211;157;143;180;19;;0,30;0,42;1,33;0,32;1,10
15_42;12;Necker;15;38;1070;424;39,63%;646;646;8;638;1;133;130;96;119;13;;0,40;0,55;1,74;0,32;1,04
15_43;12;Saint-Lambert;15;62;1391;468;33,64%;923;923;9;914;3;172;205;149;176;4;;0,29;0,41;1,09;0,37;0,92
15_44;12;Saint-Lambert;15;66;1625;633;38,95%;992;992;8;984;2;279;199;95;183;8;;0,45;0,70;1,50;0,46;1,57
15_45;13;Saint-Lambert;15;47;1660;658;39,64%;1002;1002;12;990;1;289;197;87;177;13;;0,49;0,73;1,67;0,44;1,64
15_46;13;Saint-Lambert;15;67;1467;535;36,47%;932;932;6;926;1;173;241;118;167;14;;0,23;0,33;0,76;0,44;0,81
15_47;13;Saint-Lambert;15;60;1672;687;41,09%;985;985;14;971;4;302;213;86;144;13;;0,42;0,72;1,17;0,61;1,94
15_48;13;Saint-Lambert;15;17;1591;858;53,93%;733;733;18;715;3;271;83;51;197;12;;1,69;2,51;6,65;0,38;1,51
15_49;13;Saint-Lambert;15;17;1669;890;53,33%;779;779;15;764;4;258;124;53;188;20;;1,21;1,75;5,26;0,33;1,60
15_50;13;Saint-Lambert;15;37;1461;661;45,24%;800;800;4;796;1;216;157;86;163;14;;0,58;0,85;2,08;0,41;1,57
15_51;13;Saint-Lambert;15;60;1716;698;40,68%;1018;1018;16;1002;1;233;213;127;191;18;;0,41;0,59;1,49;0,40;1,15
15_52;13;Saint-Lambert;15;30;1573;748;47,55%;819;825;11;814;1;261;105;71;210;18;;0,79;1,24;2,74;0,45;1,25
15_53;13;Saint-Lambert;15;57;1584;685;43,24%;899;899;7;892;0;220;196;88;150;16;;0,38;0,55;1,40;0,39;1,43
15_54;13;Saint-Lambert;15;70;1560;605;38,78%;955;955;8;947;3;242;210;116;173;14;;0,44;0,69;1,39;0,49;1,34
15_55;13;Saint-Lambert;15;68;1604;632;39,40%;972;972;7;965;1;222;202;111;191;17;;0,38;0,55;1,35;0,41;1,11
15_56;13;Saint-Lambert;15;53;1808;725;40,10%;1083;1083;9;1074;1;262;258;115;202;12;;0,38;0,59;1,20;0,49;1,24
15_57;13;Saint-Lambert;15;76;1585;565;35,65%;1017;1020;5;1015;3;200;285;163;141;8;;0,29;0,43;1,05;0,41;1,28
15_58;13;Saint-Lambert;15;49;1570;583;37,13%;986;987;10;977;0;228;244;122;135;19;;0,36;0,52;1,20;0,43;1,49
15_59;13;Saint-Lambert;15;43;1442;547;37,93%;894;895;3;892;1;148;214;117;215;14;;0,33;0,45;1,46;0,31;0,66
15_60;13;Saint-Lambert;15;78;1668;566;33,93%;1101;1102;12;1090;1;229;220;194;202;15;;0,30;0,45;1,07;0,42;1,08
15_61;13;Saint-Lambert;15;60;1528;559;36,58%;969;969;9;960;2;197;218;146;154;21;;0,33;0,46;1,25;0,37;1,04
15_62;13;Saint-Lambert;15;70;1584;570;35,98%;1014;1014;3;1011;1;223;239;152;170;15;;0,30;0,47;0,97;0,48;1,16
15_63;13;Saint-Lambert;15;64;1387;473;34,10%;914;914;5;909;0;169;231;141;146;14;;0,19;0,29;0,61;0,47;0,77
15_64;13;Saint-Lambert;15;64;1416;562;39,69%;854;854;6;848;0;175;178;124;179;19;;0,30;0,46;0,94;0,49;0,81
15_65;13;Saint-Lambert;15;63;1360;484;35,59%;876;876;11;865;3;170;192;111;196;14;;0,38;0,53;1,49;0,35;1,07
15_66;13;Saint-Lambert;15;58;1621;677;41,76%;941;944;10;934;1;215;210;135;194;12;;0,51;0,77;1,70;0,46;1,08
15_67;13;Saint-Lambert;15;55;1653;706;42,71%;946;947;9;938;0;215;198;110;188;15;;0,40;0,57;1,58;0,36;1,20
15_68;13;Saint-Lambert;15;58;1760;637;36,19%;1123;1123;15;1108;6;264;262;128;195;18;;0,33;0,51;1,05;0,49;1,29
15_69;13;Saint-Lambert;15;34;1812;831;45,86%;981;981;10;971;1;303;158;108;198;17;;0,72;1,09;2,45;0,45;1,66
15_70;13;Saint-Lambert;15;59;1604;600;37,41%;1004;1004;9;995;0;193;227;115;190;26;;0,24;0,34;0,86;0,40;0,88
15_71;13;Saint-Lambert;15;53;1738;712;40,97%;1026;1026;4;1022;3;217;248;138;193;15;;0,34;0,51;1,18;0,43;1,14
15_72;13;Saint-Lambert;15;35;1524;668;43,83%;856;856;16;840;3;173;163;125;197;18;;0,40;0,58;1,58;0,37;0,75
15_73;13;Saint-Lambert;15;37;1324;482;36,40%;842;842;7;835;0;159;198;125;185;9;;0,34;0,51;1,14;0,45;0,83
15_74;13;Javel;15;43;1603;629;39,24%;975;974;13;961;0;200;227;148;203;13;;0,44;0,66;1,39;0,47;0,95
15_75;13;Javel;15;38;1457;571;39,19%;886;886;12;874;1;191;212;116;188;20;;0,56;0,82;2,14;0,38;1,22
15_76;13;Javel;15;19;1248;683;54,73%;565;565;6;559;1;229;75;23;141;8;;1,42;2,20;5,33;0,41;1,89
15_77;13;Javel;15;52;1516;624;41,16%;892;892;9;883;2;216;175;102;173;10;;0,50;0,67;2,32;0,29;1,45
15_78;13;Javel;15;22;1092;472;43,22%;620;620;5;615;3;199;107;59;116;17;;0,87;1,25;3,15;0,40;1,88
15_79;13;Javel;15;31;1287;509;39,55%;778;778;11;767;4;183;164;105;140;14;;0,49;0,70;1,82;0,39;1,31
15_80;13;Javel;15;41;1619;685;42,31%;934;934;8;926;3;256;163;89;223;20;;0,65;0,97;2,39;0,41;1,29
15_81;13;Javel;15;50;1493;533;35,70%;960;960;12;948;1;190;247;135;160;14;;0,39;0,55;1,65;0,33;1,35
15_82;13;Javel;15;35;1468;649;44,21%;819;819;15;804;6;202;140;108;171;20;;0,71;0,95;3,74;0,25;1,64
15_83;13;Javel;15;59;1555;577;37,11%;978;978;7;971;0;177;281;152;157;16;;0,38;0,52;1,61;0,32;1,04
15_84;13;Javel;15;38;1496;632;42,25%;864;864;17;847;1;164;195;109;171;18;;0,39;0,52;1,70;0,30;0,97
15_85;13;Javel;15;58;1799;729;40,52%;1070;1070;8;1062;2;289;195;99;214;29;;0,54;0,78;1,85;0,42;1,59
15_86;13;Javel;15;41;1342;528;39,34%;814;814;10;804;2;180;184;110;163;16;;0,42;0,65;1,39;0,47;1,12
15_87;13;Javel;15;60;1500;580;38,67%;918;920;9;911;1;205;210;122;181;13;;0,43;0,65;1,42;0,46;1,23
15_88;13;Javel;15;59;1542;584;37,87%;958;958;9;949;0;173;224;152;197;16;;0,40;0,54;1,64;0,33;0,98
15_89;13;Javel;15;59;1485;531;35,76%;954;954;8;946;1;163;235;169;172;14;;0,22;0,34;0,77;0,44;0,63
15_90;13;Saint-Lambert;15;61;1402;510;36,38%;892;892;7;885;2;154;234;141;158;19;;0,23;0,34;0,86;0,39;0,92
15_91;13;Saint-Lambert;15;64;1530;524;34,25%;1006;1006;10;996;0;168;275;127;218;17;;0,35;0,48;1,52;0,32;0,78
15_92;13;Javel;15;46;1566;629;40,17%;937;937;14;923;1;205;187;113;214;22;;0,42;0,62;1,41;0,44;0,81
15_93;13;Javel;15;43;1575;645;40,95%;930;930;6;924;1;229;193;136;156;20;;0,48;0,71;1,64;0,43;1,56
15_94;13;Javel;15;36;1544;742;48,06%;802;802;13;789;2;241;134;75;171;17;;0,77;1,12;3,09;0,36;1,69
15_95;13;Javel;15;39;1410;615;43,62%;795;795;13;782;0;169;170;100;173;11;;0,51;0,69;2,41;0,29;1,04
16_01;14;Muette;16;71;1565;597;38,15%;968;968;5;963;0;61;254;277;296;8;;0,20;0,31;0,55;0,57;0,20
16_02;14;Muette;16;86;1617;593;36,67%;1024;1024;4;1020;0;71;236;316;305;14;;0,43;0,57;1,96;0,29;0,40
16_03;14;Muette;16;45;1562;710;45,45%;852;852;3;849;1;76;209;239;261;5;;0,40;0,65;1,19;0,54;0,33
16_04;14;Muette;16;69;1780;735;41,29%;1038;1045;7;1038;1;68;286;312;291;11;;0,34;0,49;1,36;0,36;0,36
16_05;14;Muette;16;54;1143;477;41,73%;665;666;4;662;0;57;187;200;153;2;;0,30;0,43;1,04;0,41;0,39
16_06;14;Muette;16;66;1337;466;34,85%;871;871;1;870;0;57;232;260;237;5;;0,24;0,33;1,24;0,27;0,31
16_07;14;Muette;16;57;1495;607;40,60%;888;888;7;881;1;75;259;251;224;7;;0,51;0,72;1,88;0,38;0,53
16_08;14;Porte Dauphine;16;48;1312;479;36,51%;833;833;8;825;0;61;245;250;198;5;;0,27;0,42;0,82;0,51;0,35
16_09;14;Porte Dauphine;16;70;1307;504;38,56%;803;803;4;799;0;61;227;215;215;3;;0,31;0,42;1,32;0,32;0,39
16_10;14;Muette;16;65;1547;643;41,56%;904;904;3;901;0;88;256;249;225;7;;0,46;0,68;1,82;0,37;0,48
16_11;14;Muette;16;55;1331;490;36,81%;840;841;2;839;2;74;224;219;235;12;;0,34;0,50;1,19;0,42;0,46
16_12;14;Muette;16;65;1399;520;37,17%;879;879;5;874;0;76;241;242;217;6;;0,21;0,32;0,71;0,45;0,27
16_13;14;Muette;16;56;1502;562;37,42%;940;940;5;935;1;82;261;232;226;10;;0,25;0,33;1,08;0,30;0,43
16_14;14;Muette;16;58;1322;524;39,64%;798;798;7;791;0;63;181;226;226;0;;0,23;0,31;1,04;0,29;0,34
16_15;14;Muette;16;70;1481;520;35,11%;961;961;4;957;0;88;246;263;271;5;;0,32;0,49;0,95;0,51;0,36
16_16;14;Muette;16;75;1388;471;33,93%;917;917;5;912;1;75;292;212;199;10;;0,21;0,27;1,03;0,26;0,39
16_17;14;Muette;16;83;1434;511;35,63%;923;923;5;918;1;66;284;292;207;5;;0,30;0,46;0,88;0,52;0,32
16_18;14;Muette;16;64;1524;568;37,27%;956;956;8;948;1;70;266;272;242;5;;0,26;0,36;1,00;0,36;0,35
16_19;14;Muette;16;53;1406;540;38,41%;866;866;9;857;0;72;230;230;219;8;;0,32;0,43;1,41;0,30;0,44
16_20;14;Muette;16;64;1564;579;37,02%;984;985;13;972;0;62;272;266;251;12;;0,26;0,32;1,48;0,21;0,33
16_21;14;Auteuil;16;72;1589;594;37,38%;995;995;10;985;0;127;234;236;251;10;;0,38;0,54;1,36;0,40;0,60
16_22;14;Auteuil;16;74;1707;663;38,84%;1043;1044;6;1038;0;106;259;297;262;9;;0,34;0,51;1,11;0,46;0,54
16_23;14;Auteuil;16;60;1464;490;33,47%;974;974;6;968;1;90;217;313;254;5;;0,42;0,59;1,59;0,37;0,53
16_24;14;Auteuil;16;55;1739;752;43,24%;984;987;6;981;1;111;246;233;281;12;;0,43;0,64;1,55;0,41;0,39
16_25;14;Auteuil;16;56;1498;570;38,05%;928;928;12;916;1;87;243;188;257;16;;0,33;0,41;2,13;0,20;0,35
16_26;14;Auteuil;16;63;1548;578;37,34%;969;970;9;961;0;87;264;275;243;8;;0,36;0,54;1,19;0,45;0,37
16_27;14;Auteuil;16;72;1441;498;34,56%;943;943;6;937;0;70;263;273;230;4;;0,25;0,34;1,00;0,34;0,39
16_28;14;Auteuil;16;60;1323;471;35,60%;852;852;4;848;0;85;249;229;187;6;;0,29;0,42;0,93;0,46;0,51
16_29;14;Auteuil;16;59;1361;491;36,08%;868;870;8;862;0;69;214;230;228;8;;0,17;0,23;0,74;0,31;0,32
16_30;14;Auteuil;16;46;1429;581;40,66%;848;848;6;842;0;113;209;194;200;13;;0,45;0,62;1,89;0,33;0,71
16_31;14;Auteuil;16;56;1431;538;37,60%;893;893;8;885;0;79;238;246;220;4;;0,27;0,38;1,06;0,36;0,35
16_32;14;Auteuil;16;49;1558;626;40,18%;932;932;13;919;1;135;230;179;226;15;;0,43;0,61;1,74;0,35;0,68
16_33;14;Auteuil;16;62;1543;564;36,55%;979;979;8;971;0;119;254;241;224;12;;0,31;0,46;1,06;0,43;0,66
16_34;14;Auteuil;16;41;1547;590;38,14%;954;957;8;949;3;70;269;235;243;17;;0,29;0,36;2,05;0,17;0,42
16_35;14;Muette;16;51;1211;420;34,68%;791;791;4;787;0;54;219;229;192;5;;0,18;0,24;0,75;0,32;0,26
16_36;14;Muette;16;47;1525;641;42,03%;884;884;7;877;0;144;212;153;237;11;;0,53;0,77;1,93;0,40;0,68
16_37;14;Auteuil;16;71;1410;509;36,10%;901;901;10;891;1;69;232;257;211;7;;0,18;0,24;0,80;0,30;0,34
16_38;14;Auteuil;16;66;1639;612;37,34%;1027;1027;10;1017;0;103;285;262;208;11;;0,20;0,28;0,77;0,36;0,40
16_39;14;Auteuil;16;48;1627;691;42,47%;936;936;9;927;0;127;224;201;229;12;;0,39;0,54;1,60;0,34;0,71
16_40;14;Auteuil;16;36;1472;728;49,46%;744;744;14;730;0;139;142;104;224;8;;0,67;0,90;2,86;0,32;0,80
16_41;14;Auteuil;16;44;1598;674;42,18%;923;924;8;916;0;146;192;158;253;9;;0,37;0,51;1,48;0,34;0,60
16_42;14;Auteuil;16;43;1165;460;39,48%;704;705;8;697;2;76;198;175;154;5;;0,22;0,33;0,76;0,44;0,45
16_43;14;Auteuil;16;33;1324;505;38,14%;819;819;8;811;3;127;162;188;227;8;;0,45;0,70;1,72;0,41;0,60
16_44;14;Auteuil;16;27;1291;642;49,73%;649;649;9;640;0;149;94;78;218;13;;1,07;1,41;6,67;0,21;0,93
16_45;14;Auteuil;16;43;1406;633;45,02%;773;773;8;765;1;129;188;132;205;15;;0,61;0,86;2,48;0,35;0,80
16_46;14;Auteuil;16;17;1214;611;50,33%;603;603;8;595;0;161;105;61;176;5;;1,08;1,49;4,74;0,31;1,42
16_47;14;Auteuil;16;41;1634;740;45,29%;894;894;23;871;2;153;168;155;232;21;;0,48;0,68;2,09;0,32;0,75
16_48;14;Auteuil;16;49;1451;573;39,49%;876;878;6;872;0;104;247;190;209;10;;0,37;0,51;1,54;0,33;0,53
16_49;14;Auteuil;16;63;1686;659;39,09%;1027;1027;6;1021;2;125;247;261;243;15;;0,46;0,62;2,00;0,31;0,64
16_50;14;Auteuil;16;66;1703;634;37,23%;1066;1069;11;1058;1;116;266;218;293;12;;0,33;0,43;1,55;0,28;0,43
16_51;14;Porte Dauphine;16;77;1880;850;45,21%;1028;1030;8;1022;0;123;260;251;306;8;;0,51;0,89;1,27;0,70;0,54
16_52;14;Porte Dauphine;16;65;1694;734;43,33%;960;960;9;951;0;118;205;229;298;5;;0,61;0,84;2,61;0,32;0,66
16_53;4;Porte Dauphine;16;44;1500;644;42,93%;856;856;2;854;1;82;177;212;307;12;;0,41;0,64;1,21;0,53;0,33
16_54;4;Porte Dauphine;16;43;1495;667;44,62%;828;828;9;819;1;67;216;201;246;7;;0,37;0,49;1,74;0,28;0,40
16_55;4;Porte Dauphine;16;58;1741;673;38,66%;1068;1068;12;1056;0;98;201;310;358;12;;0,47;0,71;1,45;0,49;0,42
16_56;4;Porte Dauphine;16;41;1535;678;44,17%;856;857;8;849;1;49;198;264;273;10;;0,39;0,54;1,53;0,35;0,33
16_57;4;Porte Dauphine;16;46;1568;654;41,71%;915;914;4;910;0;96;187;248;301;4;;0,69;0,94;3,00;0,31;0,55
16_58;4;Porte Dauphine;16;48;1655;750;45,32%;905;905;5;900;0;69;178;287;303;8;;0,57;0,80;2,44;0,33;0,35
16_59;4;Porte Dauphine;16;60;1548;578;37,34%;967;970;6;964;0;53;248;266;309;8;;0,29;0,37;1,53;0,24;0,25
16_60;4;Porte Dauphine;16;40;1551;647;41,72%;904;904;6;898;0;60;204;251;304;9;;0,40;0,53;1,76;0,30;0,32
16_61;4;Chaillot;16;60;1482;628;42,38%;854;854;8;846;1;78;213;219;259;9;;0,40;0,61;1,28;0,48;0,38
16_62;4;Chaillot;16;49;1550;676;43,61%;874;874;7;867;2;94;224;205;247;6;;0,52;0,69;2,18;0,32;0,66
16_63;4;Chaillot;16;50;1539;633;41,13%;905;906;10;896;2;75;250;199;268;8;;0,31;0,41;1,34;0,31;0,32
16_64;4;Chaillot;16;42;1324;629;47,51%;695;695;5;690;0;86;160;180;201;3;;0,58;0,87;2,00;0,43;0,57
16_65;4;Chaillot;16;47;1463;687;46,96%;776;776;6;770;0;76;195;175;227;7;;0,39;0,52;1,64;0,31;0,47
16_66;4;Chaillot;16;37;1272;558;43,87%;714;714;8;706;0;70;178;170;199;7;;0,45;0,56;2,71;0,21;0,47
16_67;4;Chaillot;16;37;1389;639;46,00%;750;750;7;743;0;61;194;187;219;9;;0,32;0,44;1,28;0,34;0,35
16_68;4;Chaillot;16;36;1448;685;47,31%;763;763;9;754;1;88;173;195;212;12;;0,48;0,72;1,63;0,44;0,64
17_01;3;Batignolles;17;77;1506;558;37,05%;948;948;7;941;3;184;274;115;130;9;;0,23;0,33;0,82;0,41;1,00
17_02;3;Batignolles;17;56;1466;529;36,08%;937;937;4;933;0;185;265;121;120;10;;0,19;0,29;0,63;0,47;1,20
17_03;3;Batignolles;17;95;1531;547;35,73%;984;984;7;977;0;246;217;121;123;13;;0,26;0,41;0,81;0,50;1,63
17_04;3;Batignolles;17;38;1570;623;39,68%;947;947;9;938;2;236;227;100;96;8;;0,31;0,44;1,24;0,36;2,61
17_05;3;Batignolles;17;78;1482;506;34,14%;974;976;5;971;1;201;236;151;116;14;;0,25;0,35;0,88;0,40;1,28
17_06;3;Batignolles;17;77;1443;541;37,49%;902;902;5;897;0;163;272;131;124;17;;0,23;0,35;0,73;0,47;1,12
17_07;3;Batignolles;17;78;1459;481;32,97%;978;978;11;967;2;203;251;126;118;15;;0,25;0,35;0,90;0,39;1,48
17_08;3;Epinettes;17;79;1561;534;34,21%;1027;1027;5;1022;0;209;284;136;120;4;;0,18;0,27;0,55;0,48;1,18
17_09;3;Epinettes;17;84;1600;537;33,56%;1063;1063;9;1054;4;229;271;135;115;17;;0,25;0,36;0,88;0,41;1,77
17_10;3;Batignolles;17;58;1501;615;40,97%;887;886;2;884;1;164;240;119;134;14;;0,24;0,34;0,95;0,36;0,95
17_11;3;Batignolles;17;71;1465;509;34,74%;952;956;10;946;3;188;257;137;152;11;;0,26;0,40;0,81;0,50;1,10
17_12;3;Batignolles;17;76;1499;556;37,09%;942;943;5;938;0;159;267;138;132;21;;0,24;0,34;0,95;0,36;1,07
17_13;3;Batignolles;17;74;1647;670;40,68%;977;977;6;971;2;202;247;138;149;9;;0,30;0,43;1,08;0,40;1,41
17_14;3;Batignolles;17;88;1607;590;36,71%;1017;1017;7;1010;1;191;277;154;180;14;;0,33;0,48;1,09;0,44;1,18
17_15;3;Batignolles;17;44;1484;599;40,36%;884;885;15;870;2;167;230;144;178;10;;0,60;0,83;2,53;0,33;1,14
17_16;3;Batignolles;17;12;1491;778;52,18%;713;713;12;701;1;273;97;69;160;17;;1,62;2,71;6,78;0,40;2,19
17_17;3;Batignolles;17;20;1642;824;50,18%;818;818;10;808;1;295;104;98;169;9;;1,32;1,86;6,32;0,29;2,96
17_18;3;Epinettes;17;37;1656;839;50,66%;817;817;10;807;3;311;138;55;149;16;;0,80;1,45;2,09;0,69;2,06
17_19;3;Epinettes;17;22;1260;739;58,65%;512;521;9;512;3;248;71;23;77;11;;1,63;2,54;5,58;0,46;3,59
17_20;3;Epinettes;17;19;1380;763;55,29%;617;617;14;603;3;248;70;27;156;15;;1,74;2,70;6,41;0,42;1,92
17_21;3;Epinettes;17;76;1546;622;40,23%;924;924;16;908;5;253;164;77;149;18;;0,43;0,61;1,57;0,39;1,54
17_22;3;Epinettes;17;36;1190;499;41,93%;691;691;2;689;0;213;115;53;106;11;;0,43;0,64;1,50;0,43;1,76
17_23;3;Epinettes;17;14;1484;893;60,18%;591;591;14;577;1;296;67;18;117;10;;2,33;3,83;7,78;0,49;2,86
17_24;3;Epinettes;17;43;1164;434;37,29%;728;730;9;721;1;231;133;55;97;10;;0,51;0,73;1,88;0,39;2,94
17_25;3;Epinettes;17;35;1185;543;45,82%;642;642;8;634;2;286;86;29;112;1;;1,17;1,85;3,55;0,52;2,96
17_26;3;Epinettes;17;72;1656;724;43,72%;932;932;9;923;3;301;156;72;120;14;;0,42;0,63;1,34;0,47;2,96
17_27;3;Epinettes;17;32;1438;748;52,02%;690;690;14;676;2;247;99;44;134;13;;0,93;1,39;3,55;0,39;2,21
17_28;3;Epinettes;17;76;1627;662;40,69%;965;965;12;953;4;242;223;99;147;8;;0,28;0,45;0,87;0,52;1,07
17_29;3;Epinettes;17;79;1688;660;39,10%;1027;1028;4;1024;1;307;214;59;120;16;;0,36;0,52;1,26;0,42;1,98
17_30;3;Epinettes;17;61;1297;486;37,47%;811;811;9;802;0;249;154;79;91;8;;0,35;0,55;1,11;0,49;2,33
17_31;3;Epinettes;17;56;1564;598;38,24%;966;966;8;958;0;304;187;61;137;17;;0,40;0,62;1,26;0,50;2,09
17_32;3;Epinettes;17;58;1271;474;37,29%;797;797;8;789;3;226;167;69;82;11;;0,34;0,50;1,16;0,43;2,45
17_33;3;Epinettes;17;82;1676;630;37,59%;1045;1046;3;1043;0;301;194;100;128;11;;0,33;0,49;1,21;0,40;1,96
17_34;3;Epinettes;17;69;1490;543;36,44%;946;947;11;936;4;297;184;76;98;13;;0,30;0,48;0,87;0,56;2,10
17_35;3;Epinettes;17;83;1600;573;35,81%;1027;1027;16;1011;5;253;253;107;113;15;;0,27;0,41;0,82;0,50;1,86
17_36;4;Plaine-de-Monceaux;17;21;1613;870;53,94%;743;743;14;729;5;277;84;74;167;15;;1,56;2,20;8,32;0,26;2,31
17_37;4;Plaine-de-Monceaux;17;58;1418;483;34,06%;935;935;6;929;0;82;225;256;234;9;;0,22;0,30;0,82;0,36;0,43
17_38;4;Plaine-de-Monceaux;17;25;1468;636;43,32%;833;832;24;808;4;206;141;111;211;11;;0,89;1,24;4,64;0,27;1,28
17_39;4;Plaine-de-Monceaux;17;10;1471;796;54,11%;675;675;18;657;5;227;76;45;208;10;;1,70;2,31;15,08;0,15;1,42
17_40;4;Plaine-de-Monceaux;17;51;1553;561;36,12%;993;992;8;984;3;148;223;171;307;13;;0,60;0,83;2,85;0,29;0,62
17_41;4;Ternes;17;82;1596;595;37,28%;1001;1001;3;998;1;90;252;280;275;6;;0,25;0,38;0,78;0,49;0,38
17_42;4;Ternes;17;70;1537;550;35,78%;987;987;0;987;1;76;287;244;254;2;;0,24;0,31;1,19;0,26;0,41
17_43;4;Plaine-de-Monceaux;17;62;1550;547;35,29%;1003;1003;10;993;0;85;304;232;246;9;;0,21;0,29;0,74;0,39;0,38
17_44;4;Plaine-de-Monceaux;17;68;1598;581;36,36%;1017;1017;10;1007;0;105;270;243;243;8;;0,22;0,32;0,81;0,39;0,44
17_45;4;Plaine-de-Monceaux;17;85;1689;667;39,49%;1022;1022;9;1013;0;143;287;217;191;5;;0,23;0,34;0,75;0,45;0,74
17_46;4;Plaine-de-Monceaux;17;50;1585;561;35,39%;1024;1024;9;1015;1;171;276;170;194;14;;0,35;0,49;1,35;0,37;0,98
17_47;4;Plaine-de-Monceaux;17;74;1493;489;32,75%;1003;1004;7;997;1;97;287;256;221;13;;0,22;0,31;0,78;0,40;0,48
17_48;4;Plaine-de-Monceaux;17;55;1481;545;36,80%;936;936;4;932;2;102;259;234;196;7;;0,20;0,29;0,71;0,41;0,60
17_49;4;Plaine-de-Monceaux;17;84;1444;483;33,45%;958;961;2;959;0;105;284;230;194;9;;0,23;0,33;0,88;0,37;0,48
17_50;4;Plaine-de-Monceaux;17;74;1568;513;32,72%;1055;1055;3;1052;1;104;305;271;249;8;;0,20;0,31;0,59;0,53;0,39
17_51;4;Plaine-de-Monceaux;17;75;1524;503;33,01%;1019;1021;6;1015;0;90;305;257;240;4;;0,26;0,36;1,08;0,34;0,52
17_52;4;Plaine-de-Monceaux;17;71;1536;525;34,18%;1010;1011;4;1007;2;130;282;237;232;7;;0,39;0,58;1,28;0,45;0,81
17_53;4;Ternes;17;74;1684;625;37,11%;1059;1059;10;1049;1;116;275;247;286;12;;0,31;0,48;0,90;0,54;0,39
17_54;4;Ternes;17;81;1665;610;36,64%;1054;1055;7;1048;2;110;272;241;263;19;;0,25;0,35;1,00;0,35;0,49
17_55;4;Ternes;17;61;1654;597;36,09%;1057;1057;15;1042;1;117;288;236;236;11;;0,23;0,33;0,85;0,39;0,48
17_56;4;Ternes;17;76;1594;649;40,72%;945;945;8;937;0;141;266;171;178;12;;0,26;0,37;0,87;0,42;0,76
17_57;4;Ternes;17;32;1554;731;47,04%;823;823;8;815;1;207;113;124;236;15;;0,94;1,32;3,83;0,34;1,08
17_58;4;Ternes;17;25;1427;612;42,89%;815;815;10;805;4;167;143;117;243;12;;0,72;1,00;2,81;0,36;0,94
17_59;4;Ternes;17;28;1538;686;44,60%;860;852;9;843;1;118;184;185;232;17;;0,52;0,72;1,95;0,37;0,80
17_60;4;Ternes;17;56;1472;621;42,19%;852;851;7;844;0;123;203;208;189;6;;0,37;0,55;1,29;0,43;0,77
17_61;4;Ternes;17;52;1497;520;34,74%;977;977;4;973;1;123;260;242;215;16;;0,34;0,52;1,15;0,45;0,79
17_62;4;Ternes;17;64;1497;500;33,40%;997;997;8;989;0;124;291;219;200;12;;0,29;0,42;1,15;0,36;0,68
17_63;4;Ternes;17;51;1525;631;41,38%;894;894;5;889;2;115;231;177;228;9;;0,37;0,51;1,63;0,31;0,67
17_64;4;Ternes;17;61;1539;607;39,44%;932;932;6;926;0;128;249;191;219;11;;0,32;0,48;0,98;0,49;0,58
17_65;4;Ternes;17;50;1406;472;33,57%;934;934;10;924;1;105;296;226;184;11;;0,32;0,48;0,96;0,50;0,59
17_66;4;Ternes;17;65;1824;758;41,56%;1066;1066;9;1057;4;168;268;212;247;5;;0,39;0,57;1,31;0,44;0,95
17_67;4;Ternes;17;41;1635;641;39,20%;995;994;9;985;0;104;281;227;239;9;;0,24;0,35;0,92;0,39;0,47
17_68;3;Batignolles;17;55;1630;559;34,29%;1070;1071;12;1059;3;366;210;94;148;11;;0,75;1,11;2,67;0,41;2,89
17_69;3;Epinettes;17;28;1016;473;46,56%;543;543;9;534;5;210;103;28;79;4;;0,90;1,41;3,17;0,44;3,31
18_01;18;Clignancourt;18;67;1568;572;36,48%;995;996;9;987;2;286;177;80;112;14;;0,31;0,45;1,11;0,40;2,56
18_02;18;Clignancourt;18;93;1610;592;36,77%;1018;1018;10;1008;4;318;197;52;96;20;;0,33;0,50;1,10;0,45;2,93
18_03;18;Clignancourt;18;99;1570;581;37,01%;989;989;6;983;0;215;193;121;147;10;;0,26;0,36;1,12;0,32;1,49
18_04;18;Clignancourt;18;80;1890;695;36,77%;1195;1195;9;1186;7;389;203;75;140;10;;0,34;0,51;1,08;0,48;2,42
18_05;18;Clignancourt;18;75;1296;456;35,19%;840;840;7;833;4;248;154;58;108;14;;0,27;0,42;0,85;0,50;1,53
18_06;18;Clignancourt;18;79;1449;545;37,61%;904;904;11;893;4;313;158;45;99;7;;0,39;0,61;1,23;0,50;2,45
18_07;18;Clignancourt;18;76;1438;516;35,88%;922;922;11;911;4;370;123;44;93;18;;0,52;0,83;1,63;0,51;4,04
18_08;18;Clignancourt;18;96;1504;533;35,44%;972;971;9;962;5;414;140;38;89;10;;0,47;0,81;1,26;0,64;4,06
18_09;18;Clignancourt;18;97;1620;598;36,91%;1022;1022;10;1012;2;382;160;48;104;25;;0,43;0,69;1,23;0,56;3,70
18_10;18;Clignancourt;18;0;1723;721;41,85%;1002;1002;6;996;4;461;123;38;92;11;;0,48;0,89;1,23;0,72;4,68
18_11;18;Clignancourt;18;68;1636;648;39,61%;988;988;6;982;5;412;130;50;105;20;;0,54;0,90;1,52;0,59;4,03
18_12;18;Clignancourt;18;26;1694;940;55,49%;754;754;13;741;3;343;84;16;134;22;;1,07;1,79;3,36;0,53;2,72
18_13;18;Clignancourt;18;18;1291;726;56,24%;565;565;14;551;1;304;48;15;79;10;;1,60;2,74;5,53;0,49;5,29
18_14;18;Clignancourt;18;100;1894;897;47,36%;997;997;5;992;7;506;114;32;98;12;;0,83;1,52;2,11;0,72;5,67
18_15;18;Clignancourt;18;52;1467;648;44,17%;819;819;8;811;5;381;89;33;88;9;;0,67;1,15;1,90;0,60;3,97
18_16;18;Clignancourt;18;49;1715;800;46,65%;915;915;5;910;2;427;119;25;110;16;;0,84;1,37;2,52;0,55;3,99
18_17;18;Clignancourt;18;90;1896;815;42,99%;1081;1081;5;1076;8;513;106;25;97;16;;0,62;1,01;1,97;0,51;5,43
18_18;18;Clignancourt;18;103;1928;706;36,62%;1222;1222;8;1214;9;540;137;46;88;18;;0,50;0,81;1,39;0,59;6,29
18_19;18;Clignancourt;18;52;1867;709;37,98%;1158;1158;9;1149;9;442;167;30;119;23;;0,41;0,64;1,25;0,51;3,74
18_20;18;Clignancourt;18;77;1833;736;40,15%;1096;1097;6;1091;7;425;141;50;105;12;;0,44;0,67;1,49;0,45;3,98
18_21;18;Clignancourt;18;117;1710;658;38,48%;1051;1052;11;1041;3;383;162;54;105;12;;0,39;0,61;1,22;0,50;3,31
18_22;18;Clignancourt;18;75;1471;579;39,36%;892;892;10;882;3;305;145;54;82;11;;0,42;0,61;1,48;0,41;3,74
18_23;18;Clignancourt;18;66;1610;644;40,00%;967;966;5;961;5;314;181;67;102;22;;0,36;0,56;1,09;0,51;2,38
18_24;18;Clignancourt;18;96;1632;585;35,85%;1047;1047;8;1039;3;313;164;68;112;21;;0,35;0,49;1,50;0,32;2,93
18_25;18;Grandes Carrières;18;102;1533;462;30,14%;1071;1071;2;1069;2;238;233;110;129;18;;0,19;0,28;0,71;0,39;1,45
18_26;18;Grandes Carrières;18;71;1493;597;39,99%;896;896;5;891;2;313;172;40;88;12;;0,36;0,58;1,06;0,54;3,23
18_27;18;Grandes Carrières;18;65;1477;584;39,54%;893;893;9;884;2;307;161;50;94;8;;0,42;0,63;1,38;0,46;3,24
18_28;18;Grandes Carrières;18;100;1811;631;34,84%;1180;1180;6;1174;1;349;231;69;143;9;;0,27;0,41;0,85;0,48;2,36
18_29;18;Grandes Carrières;18;83;1662;593;35,68%;1069;1069;4;1065;3;284;214;106;113;25;;0,30;0,44;1,06;0,41;2,41
18_30;18;Grandes Carrières;18;90;1775;676;38,08%;1098;1099;8;1091;4;348;213;96;107;9;;0,33;0,52;1,01;0,51;2,76
18_31;18;Grandes Carrières;18;76;1854;699;37,70%;1155;1155;5;1150;4;361;201;84;147;12;;0,35;0,54;1,08;0,49;2,26
18_32;18;Grandes Carrières;18;70;1810;686;37,90%;1124;1124;16;1108;2;357;195;81;157;22;;0,46;0,69;1,53;0,45;2,30
18_33;18;Grandes Carrières;18;60;1650;654;39,64%;996;996;14;982;3;296;200;65;139;16;;0,37;0,57;1,16;0,49;1,64
18_34;18;Grandes Carrières;18;69;1714;716;41,77%;998;998;12;986;2;285;184;66;138;18;;0,35;0,50;1,26;0,40;1,63
18_35;18;Grandes Carrières;18;75;1558;521;33,44%;1037;1037;2;1035;5;253;230;94;126;14;;0,25;0,36;0,97;0,38;1,55
18_36;18;Grandes Carrières;18;60;1516;533;35,16%;983;983;6;977;6;328;150;58;108;17;;0,28;0,45;0,89;0,50;2,55
18_37;18;Grandes Carrières;18;79;1619;636;39,28%;983;983;11;972;0;287;182;71;114;11;;0,28;0,42;0,95;0,44;2,10
18_38;3;Grandes Carrières;18;81;1703;646;37,93%;1058;1057;7;1050;2;344;198;72;128;21;;0,36;0,58;0,99;0,59;1,99
18_39;3;Grandes Carrières;18;62;1764;696;39,46%;1067;1068;15;1053;0;365;162;65;150;16;;0,48;0,72;1,67;0,43;2,97
18_40;3;Grandes Carrières;18;72;1623;585;36,04%;1038;1038;6;1032;3;298;209;78;132;22;;0,36;0,53;1,22;0,44;2,13
18_41;3;Grandes Carrières;18;57;1674;701;41,88%;973;973;11;962;6;340;156;60;159;6;;0,55;0,87;1,88;0,46;2,12
18_42;3;Grandes Carrières;18;38;1715;860;50,15%;855;855;12;843;3;312;139;41;131;18;;0,64;0,99;2,01;0,49;2,12
18_43;3;Grandes Carrières;18;35;1741;830;47,67%;911;911;13;898;1;316;161;47;157;9;;0,80;1,12;3,55;0,32;2,08
18_44;3;Grandes Carrières;18;6;1327;869;65,49%;458;458;15;443;3;207;41;14;115;12;;2,27;3,54;11,06;0,32;1,99
18_45;3;Grandes Carrières;18;40;1630;877;53,80%;753;753;11;742;2;342;97;31;97;16;;0,97;1,58;3,10;0,51;3,56
18_46;3;Grandes Carrières;18;64;1457;569;39,05%;888;888;16;872;2;280;166;48;114;16;;0,48;0,69;1,89;0,37;2,39
18_47;3;Grandes Carrières;18;77;1337;485;36,28%;851;852;7;845;3;276;143;56;72;17;;0,31;0,47;1,00;0,47;2,83
18_48;3;Grandes Carrières;18;57;1399;587;41,96%;812;812;8;804;4;351;83;38;77;14;;0,46;0,78;1,26;0,62;3,98
18_49;18;Grandes Carrières;18;2;1203;754;62,68%;451;449;21;428;0;235;29;8;106;3;;2,72;4,53;10,74;0,42;2,55
18_50;18;Grandes Carrières;18;0;1187;767;64,62%;420;420;14;406;7;203;36;9;95;7;;2,94;4,11;14,23;0,29;2,61
18_51;17;Goutte d'Or;18;26;2150;1306;60,74%;844;844;13;831;2;498;70;23;117;8;;2,86;4,21;10,37;0,41;5,72
18_52;17;Goutte d'Or;18;91;1877;773;41,18%;1104;1104;6;1098;3;563;101;37;132;11;;0,74;1,38;1,74;0,79;4,10
18_53;17;Goutte d'Or;18;46;1535;725;47,23%;810;810;8;802;5;411;79;30;77;5;;0,77;1,37;2,09;0,66;5,80
18_54;17;Goutte d'Or;18;50;1408;684;48,58%;724;724;9;715;7;344;62;20;79;20;;0,71;1,21;2,07;0,59;3,64
18_55;17;Goutte d'Or;18;70;1690;735;43,49%;955;955;11;944;8;535;71;21;69;11;;0,73;1,43;1,77;0,81;9,14
18_56;17;Goutte d'Or;18;33;1985;1205;60,71%;779;780;11;769;3;465;54;15;56;10;;1,53;2,34;5,08;0,46;12,13
18_57;17;Goutte d'Or;18;94;1925;933;48,47%;992;992;9;983;4;552;101;28;61;0;;0,90;1,56;2,29;0,68;9,63
18_58;17;Goutte d'Or;18;66;1776;848;47,75%;926;928;13;915;3;525;77;16;83;13;;1,05;1,87;2,61;0,72;7,89
18_59;17;Chapelle;18;52;1805;937;51,91%;867;868;20;848;3;486;79;15;92;11;;1,23;2,23;3,10;0,72;5,98
18_60;17;Chapelle;18;90;1776;688;38,74%;1087;1088;11;1077;11;539;114;27;102;14;;0,79;1,33;2,24;0,59;5,21
18_61;17;Chapelle;18;78;1835;809;44,09%;1026;1026;7;1019;3;521;126;19;109;12;;0,73;1,39;1,70;0,81;4,00
18_62;17;Chapelle;18;50;1726;831;48,15%;894;895;10;885;6;481;75;25;106;16;;1,03;1,88;2,83;0,66;4,60
18_63;17;Chapelle;18;42;1923;1006;52,31%;916;917;18;899;2;486;78;41;134;14;;1,33;2,51;3,47;0,73;4,46
18_64;17;Chapelle;18;31;1838;1047;56,96%;790;791;10;781;2;477;49;18;118;8;;1,98;3,54;5,64;0,63;5,26
18_65;17;Chapelle;18;8;1790;1204;67,26%;586;586;13;573;2;266;68;21;144;11;;2,62;3,87;11,24;0,34;2,27
18_66;18;Clignancourt;18;78;1507;533;35,37%;974;974;6;968;5;306;181;54;96;12;;0,36;0,52;1,32;0,40;2,88
18_67;3;Grandes Carrières;18;70;1518;584;38,47%;934;934;13;921;3;342;126;45;117;20;;0,49;0,74;1,59;0,46;2,60
18_68;17;Goutte d'Or;18;54;1407;654;46,48%;752;753;10;743;4;398;66;13;64;8;;0,80;1,36;2,23;0,61;7,40
19_01;16;Combat;19;69;1615;689;42,66%;926;926;11;915;3;354;106;78;124;16;;0,56;0,90;1,60;0,56;3,75
19_02;16;Combat;19;60;1631;720;44,14%;910;911;5;906;3;419;88;47;103;12;;0,60;1,04;1,55;0,67;4,34
19_03;16;Combat;19;28;1107;476;43,00%;631;631;2;629;3;255;75;47;99;19;;0,68;1,18;2,03;0,58;2,44
19_04;16;Combat;19;0;1416;606;42,80%;810;810;9;801;6;361;88;45;106;10;;0,64;1,14;1,71;0,66;3,80
19_05;16;Combat;19;55;1409;535;37,97%;874;874;7;867;3;278;120;81;110;28;;0,45;0,67;1,42;0,47;3,52
19_06;16;Combat;19;56;1444;594;41,14%;850;850;12;838;3;306;128;65;100;17;;0,54;0,83;1,60;0,52;3,48
19_07;17;Combat;19;48;1418;567;39,99%;851;851;8;843;1;284;104;125;132;14;;0,46;0,80;1,36;0,59;2,34
19_08;17;Combat;19;36;1383;729;52,71%;654;654;14;640;4;283;60;51;101;8;;0,82;1,41;2,35;0,60;3,26
19_09;16;Combat;19;70;1773;740;41,74%;1034;1033;9;1024;6;446;130;74;126;20;;0,70;1,24;1,83;0,68;4,61
19_10;16;Combat;19;70;1724;621;36,02%;1103;1103;11;1092;4;461;145;52;103;21;;0,46;0,80;1,17;0,68;4,41
19_11;16;Combat;19;75;1682;632;37,57%;1049;1050;7;1043;7;431;121;63;88;8;;0,44;0,71;1,34;0,53;6,24
19_12;16;Combat;19;101;1762;629;35,70%;1133;1133;12;1121;6;511;126;53;89;7;;0,48;0,83;1,30;0,64;6,33
19_13;16;Combat;19;94;1771;630;35,57%;1141;1141;10;1131;2;477;115;76;116;18;;0,41;0,71;1,10;0,65;4,48
19_14;16;Combat;19;65;1859;836;44,97%;1022;1023;23;1000;3;494;87;42;101;14;;0,65;1,15;1,67;0,69;5,50
19_15;16;Combat;19;89;1484;499;33,63%;984;985;9;976;6;391;127;42;89;16;;0,42;0,67;1,23;0,54;4,59
19_16;16;Combat;19;93;1809;616;34,05%;1193;1193;5;1188;7;477;142;73;147;19;;0,46;0,77;1,36;0,57;3,59
19_17;16;Combat;19;58;1540;596;38,70%;943;944;5;939;3;341;133;77;142;11;;0,53;0,87;1,51;0,57;2,53
19_18;16;Amérique;19;11;812;453;55,79%;359;359;5;354;1;187;29;10;59;5;;1,60;2,45;6,33;0,39;4,75
19_19;16;Amérique;19;12;1303;797;61,17%;506;506;12;494;2;275;31;19;105;3;;2,74;4,18;12,53;0,33;3,35
19_20;16;Amérique;19;22;1547;918;59,34%;629;629;9;620;4;297;47;18;148;13;;1,62;2,64;7,44;0,36;2,56
19_21;16;Amérique;19;71;1855;785;42,32%;1070;1070;12;1058;2;496;85;70;155;17;;0,73;1,32;1,84;0,72;4,15
19_22;16;Amérique;19;23;1592;924;58,04%;668;668;6;662;2;354;59;35;123;11;;2,36;3,91;8,49;0,46;4,43
19_23;16;Amérique;19;41;1671;861;51,53%;810;810;5;805;4;337;105;52;123;21;;0,84;1,40;2,52;0,56;3,61
19_24;16;Amérique;19;28;1620;782;48,27%;838;838;13;825;4;311;79;100;177;8;;0,97;1,53;3,29;0,47;2,46
19_25;16;Amérique;19;70;1668;667;39,99%;1000;1001;10;991;6;323;109;102;160;7;;0,42;0,63;1,37;0,46;2,77
19_26;16;Amérique;19;50;1495;610;40,80%;885;885;8;877;4;327;97;52;156;17;;0,50;0,82;1,48;0,55;2,76
19_27;16;Amérique;19;84;1997;873;43,72%;1124;1124;14;1110;2;522;130;69;137;14;;0,87;1,49;2,48;0,60;5,63
19_28;16;Amérique;19;76;1726;629;36,44%;1097;1097;6;1091;3;505;124;51;110;6;;0,57;0,90;1,78;0,51;4,35
19_29;16;Amérique;19;59;1621;721;44,48%;900;900;11;889;6;384;146;39;122;11;;0,78;1,38;2,01;0,69;3,77
19_30;16;Amérique;19;101;1671;573;34,29%;1098;1098;5;1093;2;438;160;86;93;12;;0,49;0,80;1,38;0,58;5,22
19_31;16;Amérique;19;70;1584;599;37,82%;985;985;9;976;7;438;101;36;96;15;;0,50;0,86;1,44;0,60;4,44
19_32;16;Amérique;19;62;1615;508;31,46%;1107;1107;6;1101;6;467;128;36;96;16;;0,40;0,67;1,13;0,59;4,31
19_33;16;Amérique;19;17;1499;742;49,50%;757;757;9;748;5;333;81;36;134;14;;1,12;1,75;4,22;0,42;3,36
19_34;16;Amérique;19;37;1311;542;41,34%;769;769;15;754;3;290;88;47;119;10;;0,56;0,89;1,77;0,51;2,75
19_35;16;Amérique;19;13;1176;635;54,00%;541;541;10;531;1;276;53;21;85;12;;1,34;2,49;3,21;0,78;3,96
19_36;16;Amérique;19;41;1421;635;44,69%;786;786;13;773;3;335;79;46;155;13;;0,96;1,66;2,63;0,63;2,85
19_37;16;Amérique;19;18;1390;709;51,01%;681;681;16;665;3;285;65;33;128;16;;1,01;1,58;3,41;0,46;2,70
19_38;16;Amérique;19;46;1457;669;45,92%;788;788;11;777;2;409;76;33;91;12;;1,04;1,88;2,77;0,68;5,59
19_39;16;Amérique;19;44;1531;678;44,28%;853;853;16;837;1;360;96;37;120;13;;0,72;1,17;2,28;0,51;3,03
19_40;16;Amérique;19;22;1542;791;51,30%;751;751;14;737;4;320;79;38;127;16;;0,95;1,52;2,79;0,54;2,83
19_41;16;Flandre;19;19;1571;800;50,92%;771;771;11;760;1;340;90;28;164;7;;1,50;2,19;5,71;0,38;2,72
19_42;16;Flandre;19;12;1240;731;58,95%;509;509;17;492;1;276;37;11;93;7;;2,26;3,67;7,34;0,50;3,79
19_43;16;Flandre;19;19;1437;867;60,33%;570;570;7;563;2;288;50;19;125;11;;2,42;3,94;8,13;0,48;3,01
19_44;16;Flandre;19;22;1613;945;58,59%;667;668;19;649;2;264;73;45;162;15;;1,29;2,33;3,57;0,65;2,10
19_45;16;Flandre;19;25;1703;887;52,08%;816;816;9;807;7;415;74;24;118;10;;1,17;1,96;3,34;0,59;4,00
19_46;16;Amérique;19;69;2056;933;45,38%;1124;1123;16;1107;5;462;118;95;186;16;;0,76;1,31;2,07;0,63;3,59
19_47;16;Amérique;19;53;1873;838;44,74%;1035;1035;12;1023;4;378;140;60;180;12;;0,69;1,02;2,40;0,43;2,59
19_48;16;Flandre;19;51;1991;911;45,76%;1080;1080;11;1069;2;533;95;46;127;18;;0,77;1,36;1,91;0,71;4,37
19_49;16;Flandre;19;55;1729;850;49,16%;877;879;6;873;6;451;96;39;133;10;;1,20;2,33;2,84;0,82;3,89
19_50;16;Flandre;19;37;1415;659;46,57%;756;756;7;749;14;464;62;17;84;7;;1,54;3,26;3,46;0,94;6,40
19_51;17;Vilette;19;26;1684;891;52,91%;793;793;11;782;1;323;85;56;175;10;;1,14;1,85;3,51;0,53;2,53
19_52;17;Vilette;19;45;1671;837;50,09%;834;834;9;825;4;370;107;34;122;17;;1,11;1,68;3,88;0,43;4,23
19_53;17;Vilette;19;0;1503;782;52,03%;721;721;10;711;1;296;82;44;159;8;;1,10;1,84;3,37;0,55;2,38
19_54;17;Vilette;19;0;1682;783;46,55%;899;899;10;889;3;412;103;39;122;11;;0,69;1,26;1,72;0,73;3,46
19_55;17;Vilette;19;0;1596;917;57,46%;679;679;14;665;2;339;45;30;139;12;;2,08;3,10;7,86;0,39;3,59
19_56;17;Vilette;19;0;1432;763;53,28%;669;669;18;651;3;321;70;21;133;7;;1,31;2,51;3,28;0,76;3,33
19_57;17;Vilette;19;11;1408;920;65,34%;488;488;18;470;1;237;46;21;105;8;;2,45;4,06;7,00;0,58;3,22
19_58;17;Vilette;19;65;1656;644;38,89%;1012;1012;2;1010;6;477;117;35;107;11;;0,56;1,01;1,34;0,76;4,59
19_59;17;Vilette;19;64;1656;730;44,08%;926;926;18;908;5;378;122;45;119;10;;0,47;0,86;1,24;0,69;3,11
19_60;17;Vilette;19;70;1724;781;45,30%;943;943;5;938;2;393;99;48;113;15;;0,63;0,95;2,22;0,43;3,56
19_61;17;Vilette;19;55;1657;738;44,54%;919;919;15;904;3;452;96;34;109;10;;0,82;1,47;2,15;0,69;5,62
19_62;17;Vilette;19;48;1664;799;48,02%;865;865;7;858;4;397;77;51;117;9;;0,83;1,33;2,48;0,54;4,66
19_63;17;Vilette;19;40;1509;689;45,66%;818;820;9;811;7;303;110;52;145;13;;0,51;0,90;1,39;0,65;1,92
19_64;17;Vilette;19;53;1714;803;46,85%;911;911;8;903;6;426;101;56;115;12;;0,93;1,59;2,43;0,65;5,41
19_65;17;Vilette;19;61;1581;667;42,19%;914;914;5;909;4;341;106;73;163;8;;0,61;0,98;1,88;0,52;2,50
19_66;17;Vilette;19;58;1674;756;45,16%;918;918;9;909;2;364;90;63;158;15;;0,54;0,93;1,36;0,69;2,21
19_67;17;Vilette;19;36;1845;965;52,30%;880;880;18;862;3;546;57;27;86;6;;1,54;3,04;3,39;0,90;9,11
19_68;17;Vilette;19;33;1731;889;51,36%;842;842;9;833;2;375;79;43;164;8;;1,03;1,68;3,41;0,49;3,50
19_69;17;Vilette;19;38;1705;920;53,96%;785;785;11;774;3;426;57;34;96;8;;1,11;2,01;2,66;0,76;7,84
19_70;17;Vilette;19;26;1393;678;48,67%;717;715;12;703;4;359;69;24;108;9;;1,29;2,10;3,76;0,56;3,57
19_71;16;Flandre;19;12;1303;858;65,85%;445;445;10;435;0;255;29;20;86;7;;4,18;6,50;13,76;0,47;4,33
20_01;15;Père Lachaise;20;65;1415;519;36,68%;896;896;8;888;3;319;120;58;94;9;;0,40;0,60;1,32;0,45;3,25
20_02;15;Père Lachaise;20;57;1208;447;37,00%;761;761;12;749;0;250;111;56;93;11;;0,43;0,63;1,58;0,40;2,68
20_03;15;Père Lachaise;20;61;1470;587;39,93%;883;883;12;871;4;349;88;50;93;35;;0,50;0,80;1,36;0,59;3,30
20_04;15;Père Lachaise;20;0;1456;527;36,20%;929;929;11;918;4;373;130;39;95;17;;0,51;0,83;1,56;0,53;4,59
20_05;15;Père Lachaise;20;103;1399;460;32,88%;939;939;5;934;7;377;129;47;84;10;;0,37;0,63;1,10;0,57;3,58
20_06;15;Père Lachaise;20;66;1432;549;38,34%;883;883;6;877;5;367;124;52;105;10;;0,64;1,07;1,96;0,54;3,93
20_07;15;Père Lachaise;20;39;1316;548;41,64%;768;768;10;758;0;277;94;43;85;6;;0,39;0,59;1,39;0,42;2,98
20_08;15;Père Lachaise;20;80;1389;456;32,83%;933;933;7;926;30;403;129;0;63;14;;0,45;0,76;1,34;0,56;5,76
20_09;15;Belleville;20;94;1655;756;45,68%;899;899;8;891;6;435;105;45;96;16;;0,81;1,51;2,06;0,73;4,42
20_10;15;Belleville;20;38;1431;686;47,94%;745;745;12;733;2;381;68;23;127;13;;1,51;2,57;4,63;0,56;3,89
20_11;15;Belleville;20;58;1717;814;47,41%;903;903;14;889;1;532;66;26;94;8;;1,23;2,35;3,09;0,76;6,13
20_12;15;Belleville;20;69;1375;479;34,84%;896;896;7;889;2;382;83;29;75;9;;0,39;0,63;1,21;0,52;4,29
20_13;15;Belleville;20;97;1564;536;34,27%;1028;1028;6;1022;6;495;83;18;82;15;;0,48;0,82;1,32;0,62;5,33
20_14;15;Belleville;20;88;1583;522;32,98%;1062;1061;9;1052;3;444;104;37;88;24;;0,46;0,71;1,48;0,48;5,33
20_15;15;Saint-Fargeau;20;40;1527;590;38,64%;936;937;11;926;8;413;91;46;120;9;;0,52;0,92;1,52;0,60;2,95
20_16;15;Saint-Fargeau;20;73;1610;560;34,78%;1051;1050;9;1041;3;387;151;77;136;9;;0,50;0,80;1,45;0,55;2,74
20_17;15;Saint-Fargeau;20;47;1602;756;47,19%;846;846;7;839;5;347;103;33;133;14;;0,80;1,19;3,56;0,33;2,75
20_18;15;Saint-Fargeau;20;32;1494;788;52,74%;706;706;15;691;5;324;60;35;143;11;;1,24;2,10;4,35;0,48;2,44
20_19;15;Saint-Fargeau;20;41;1525;600;39,34%;925;925;8;917;5;341;154;42;137;10;;0,52;0,86;1,64;0,52;2,57
20_20;15;Saint-Fargeau;20;43;1697;803;47,32%;894;894;8;886;2;448;77;37;122;12;;0,93;1,69;2,33;0,72;4,01
20_21;15;Saint-Fargeau;20;27;1659;902;54,37%;756;757;5;752;1;291;84;52;150;23;;1,07;1,53;4,33;0,35;2,10
20_22;15;Saint-Fargeau;20;63;1628;714;43,86%;913;914;12;902;2;361;100;61;141;9;;0,68;1,04;2,16;0,48;2,94
20_23;15;Saint-Fargeau;20;66;1642;623;37,94%;1017;1019;13;1006;4;322;155;88;184;17;;0,51;0,80;1,65;0,49;2,09
20_24;15;Saint-Fargeau;20;68;1470;498;33,88%;972;972;9;963;3;327;148;63;139;10;;0,36;0,58;1,18;0,49;2,18
20_25;15;Saint-Fargeau;20;64;1590;568;35,72%;1022;1022;13;1009;6;445;109;23;106;12;;0,48;0,78;1,43;0,55;4,29
20_26;15;Saint-Fargeau;20;0;1425;649;45,54%;776;776;4;772;11;350;74;20;108;16;;0,76;1,23;2,60;0,47;3,84
20_27;15;Saint-Fargeau;20;58;1402;526;37,52%;876;876;5;871;2;309;143;63;104;11;;0,51;0,75;1,81;0,42;3,31
20_28;15;Saint-Fargeau;20;43;1490;651;43,69%;839;839;9;830;3;302;115;37;161;6;;0,66;0,99;2,49;0,40;1,83
20_29;15;Saint-Fargeau;20;40;1614;651;40,33%;962;963;12;951;5;354;135;67;140;18;;0,68;1,02;2,36;0,43;2,49
20_30;15;Saint-Fargeau;20;13;1889;1187;62,84%;702;702;13;689;1;384;61;21;115;9;;2,59;3,77;12,56;0,30;4,40
20_31;15;Saint-Fargeau;20;44;1659;841;50,69%;818;818;23;795;6;367;84;39;116;7;;0,86;1,41;2,38;0,59;3,48
20_32;15;Saint-Fargeau;20;65;1535;711;46,32%;824;824;10;814;2;329;104;51;121;10;;0,75;1,16;2,40;0,48;3,20
20_33;15;Charonne;20;14;1366;903;66,11%;463;463;5;458;2;225;37;18;112;6;;2,20;3,41;9,55;0,36;2,15
20_34;15;Charonne;20;14;1536;827;53,84%;708;709;8;701;7;326;62;28;163;42;;1,63;2,59;5,50;0,47;3,11
20_35;15;Charonne;20;12;1445;882;61,04%;557;563;14;549;2;251;51;23;129;15;;1,75;2,85;9,32;0,31;2,16
20_36;15;Charonne;20;21;1293;691;53,44%;600;602;5;597;1;311;48;24;116;12;;1,85;2,98;6,25;0,48;3,68
20_37;15;Charonne;20;37;1621;822;50,71%;799;799;8;791;5;405;72;33;112;8;;1,23;2,01;3,75;0,54;3,95
20_38;15;Charonne;20;0;1501;706;47,04%;795;795;9;786;5;391;67;31;121;9;;0,99;1,69;2,74;0,62;3,35
20_39;15;Charonne;20;15;1412;786;55,67%;626;626;13;613;3;315;66;28;128;14;;2,06;4,29;5,66;0,76;3,00
20_40;15;Charonne;20;43;1562;763;48,85%;799;799;12;787;8;339;105;29;153;10;;0,90;1,60;2,59;0,62;2,47
20_41;15;Charonne;20;0;1565;832;53,16%;733;733;12;721;1;324;84;31;116;11;;1,16;1,65;5,27;0,31;3,24
20_42;15;Charonne;20;48;1568;650;41,45%;918;918;7;911;7;418;101;29;125;15;;0,69;1,18;1,90;0,62;3,28
20_43;15;Charonne;20;97;1896;684;36,08%;1212;1212;13;1199;9;552;141;51;105;14;;0,59;1,00;1,65;0,60;5,38
20_44;15;Charonne;20;0;2017;821;40,70%;1196;1196;11;1185;4;584;124;37;119;19;;0,73;1,25;2,01;0,62;6,05
20_45;15;Charonne;20;63;1941;787;40,55%;1161;1154;10;1144;6;489;153;56;133;13;;0,63;1,02;1,86;0,55;4,18
20_46;15;Charonne;20;73;1684;655;38,90%;1029;1029;10;1019;3;443;130;47;110;10;;0,62;1,00;1,84;0,54;3,63
20_47;15;Charonne;20;49;1664;694;41,71%;970;970;16;954;5;435;95;36;118;23;;0,69;1,14;2,00;0,57;4,42
20_48;15;Charonne;20;0;1871;660;35,28%;1211;1211;15;1196;3;496;134;52;134;13;;0,42;0,70;1,17;0,60;2,95
20_49;15;Charonne;20;98;1963;738;37,60%;1224;1225;4;1221;6;541;159;36;116;16;;0,51;0,86;1,36;0,64;5,08
20_50;15;Charonne;20;0;1746;617;35,34%;1129;1129;7;1122;5;415;168;76;117;18;;0,35;0,59;0,91;0,65;3,50
20_51;15;Charonne;20;89;1798;610;33,93%;1188;1188;19;1169;3;408;189;84;172;15;;0,48;0,76;1,52;0,50;2,45
20_52;8;Charonne;20;51;1323;490;37,04%;833;833;11;822;4;332;114;47;116;12;;0,70;1,10;2,22;0,49;3,18
20_53;8;Charonne;20;65;1499;502;33,49%;997;997;10;987;3;395;164;59;132;14;;0,56;1,00;1,52;0,65;2,88
20_54;8;Charonne;20;13;1657;904;54,56%;753;753;17;736;3;426;74;16;119;17;;2,17;4,47;5,48;0,82;4,79
20_55;8;Charonne;20;15;1454;843;57,98%;611;611;24;587;6;273;52;20;130;9;;1,57;2,37;6,47;0,37;2,56
20_56;8;Charonne;20;19;1387;742;53,50%;645;645;7;638;3;269;94;33;110;21;;1,16;1,86;3,69;0,50;2,80
20_57;8;Charonne;20;0;1370;514;37,52%;855;856;16;840;5;313;99;65;136;19;;0,64;1,00;1,97;0,51;2,40
20_58;6;Père Lachaise;20;98;1749;642;36,71%;1107;1107;10;1097;9;463;129;34;109;11;;0,48;0,76;1,45;0,52;3,55
20_59;6;Père Lachaise;20;107;1805;623;34,52%;1182;1182;16;1166;9;505;151;60;121;15;;0,52;0,90;1,40;0,64;3,94
20_60;6;Père Lachaise;20;0;1381;482;34,90%;899;899;11;888;4;346;112;52;110;10;;0,44;0,71;1,35;0,53;2,84
20_61;6;Père Lachaise;20;67;1499;601;40,09%;898;898;8;890;3;391;110;38;83;15;;0,65;1,01;2,07;0,49;4,90
20_62;6;Père Lachaise;20;49;1525;714;46,82%;811;811;6;805;4;405;84;28;105;13;;1,11;1,85;3,22;0,58;4,88
20_63;6;Père Lachaise;20;31;1523;843;55,35%;681;680;6;674;5;385;37;21;105;12;;1,70;2,91;5,31;0,55;4,81
20_64;6;Père Lachaise;20;35;1233;494;40,06%;739;739;8;731;5;294;71;30;91;5;;0,55;0,79;1,99;0,40;3,30
20_65;6;Père Lachaise;20;0;1311;441;33,64%;869;870;11;859;1;335;125;25;111;16;;0,40;0,67;1,17;0,57;3,17
20_66;6;Père Lachaise;20;61;1239;490;39,55%;749;749;9;740;1;287;98;29;81;19;;0,45;0,71;1,41;0,50;3,36
20_67;6;Père Lachaise;20;66;1410;563;39,93%;845;847;7;840;2;414;86;26;92;13;;0,69;1,24;1,87;0,66;4,85
20_68;6;Père Lachaise;20;61;1593;691;43,38%;902;902;8;894;5;475;71;33;76;11;;0,84;1,44;2,33;0,62;8,72
20_69;6;Père Lachaise;20;58;1626;710;43,67%;916;916;13;903;6;480;77;16;87;16;;0,69;1,28;1,72;0,74;5,16
20_70;6;Belleville;20;87;1752;672;38,36%;1080;1080;8;1072;5;503;84;45;116;16;;0,62;1,02;1,94;0,53;4,53
20_71;6;Belleville;20;112;1783;707;39,65%;1075;1076;10;1066;12;580;81;20;105;12;;0,66;1,30;1,57;0,83;5,98
20_72;6;Belleville;20;66;1763;785;44,53%;978;978;12;966;6;539;75;32;101;13;;1,08;1,93;2,84;0,68;6,52
20_73;6;Belleville;20;0;1747;657;37,61%;1090;1090;4;1086;7;541;102;30;88;7;;0,62;1,05;1,66;0,64;7,02
20_74;6;Belleville;20;110;1775;634;35,72%;1141;1141;9;1132;1;596;94;31;75;16;;0,67;1,15;1,85;0,62;10,40
20_75;6;Belleville;20;59;1871;979;52,32%;892;892;13;879;8;531;57;30;94;12;;1,37;2,72;3,30;0,82;7,42
20_76;6;Belleville;20;92;2136;1009;47,24%;1127;1127;9;1118;5;640;86;28;96;16;;0,90;1,70;2,16;0,79;9,70
