id_bv;num_circ;nom_quartier;num_arrond;nb_procu;nb_inscr;nb_abscent;taux_ab;nb_emarg;nb_votant;nb_bl;nb_nul;nb_exprim;NB_ExtGauche;NB_Gauche;NB_Centre;NB_Droite;NB_ExtDroite;NB_Divers
01_01;1;Saint-Germain-l'Auxerrois;1;129;1080;299;27,69%;781;781;7;1;773;3;279;324;70;45;1
01_02;1;Saint-Germain-l'Auxerrois;1;137;1211;307;25,35%;904;904;5;4;895;0;312;414;73;30;5
01_03;1;Saint-Germain-l'Auxerrois;1;140;1211;337;27,83%;874;874;3;5;866;8;315;346;65;46;2
01_04;1;Halles;1;133;1295;383;29,58%;912;912;7;5;900;18;416;315;45;26;0
01_05;1;Halles;1;145;1077;254;23,58%;823;823;3;2;818;1;320;356;56;40;3
01_06;1;Halles;1;147;1267;345;27,23%;921;922;14;2;906;5;334;364;63;42;5
01_07;1;Palais-Royal;1;131;1109;287;25,88%;822;822;11;5;806;2;257;376;75;42;0
01_08;1;Palais-Royal;1;97;973;285;29,29%;688;688;12;4;672;2;171;311;86;49;3
01_09;1;Place-Vendôme;1;99;934;262;28,05%;672;672;3;5;664;3;145;327;77;46;1
01_10;1;Place-Vendôme;1;98;895;237;26,48%;660;658;5;2;651;1;142;353;71;41;2
02_11;1;Vivienne;2;120;1084;294;27,12%;790;790;3;1;786;1;250;356;84;46;2
02_12;1;Vivienne;2;121;1049;224;21,35%;822;825;4;2;819;5;293;373;60;50;1
02_13;1;Vivienne;2;91;883;257;29,11%;626;626;2;2;622;2;187;291;59;36;3
02_14;1;Mail;2;207;1553;408;26,27%;1145;1145;7;1;1137;5;481;453;77;44;1
02_15;1;Mail;2;169;1456;357;24,52%;1097;1099;13;1;1085;3;424;497;68;38;1
02_16;1;Mail;2;181;1471;342;23,25%;1129;1129;4;1;1124;3;390;546;88;50;1
02_17;1;Bonne-Nouvelle;2;159;1530;382;24,97%;1148;1148;10;3;1135;8;459;498;68;50;2
02_18;1;Bonne-Nouvelle;2;233;1782;502;28,17%;1279;1280;7;5;1268;6;583;520;62;45;1
02_19;1;Bonne-Nouvelle;2;227;1792;501;27,96%;1291;1291;13;4;1274;5;606;489;68;33;4
02_20;1;Bonne-Nouvelle;2;179;1394;321;23,03%;1073;1073;11;2;1060;5;516;413;46;34;6
03_21;5;Enfants-Rouges;3;171;1439;344;23,91%;1095;1095;7;7;1081;3;459;481;57;81;0
03_22;5;Enfants-Rouges;3;215;1580;356;22,53%;1226;1224;4;6;1214;7;595;477;59;76;0
03_23;5;Enfants-Rouges;3;210;1287;287;22,30%;999;1000;4;4;992;1;446;436;46;63;0
03_24;5;Enfants-Rouges;3;193;1428;323;22,62%;1105;1105;7;2;1096;3;452;501;56;84;0
03_25;5;Archives;3;198;1496;332;22,19%;1163;1164;3;2;1159;1;485;512;66;95;0
03_26;5;Enfants-Rouges;3;178;1312;298;22,71%;1014;1014;7;1;1006;7;409;450;48;92;0
03_27;5;Archives;3;203;1483;306;20,63%;1176;1177;6;2;1169;0;479;524;62;104;0
03_28;5;Archives;3;174;1355;292;21,55%;1063;1063;6;2;1055;2;399;485;70;99;0
03_29;5;Sainte-Avoye;3;154;1633;456;27,92%;1177;1177;10;6;1161;9;507;449;64;132;0
03_30;5;Sainte-Avoye;3;190;1702;440;25,85%;1261;1262;5;4;1253;3;602;472;64;112;0
03_31;5;Sainte-Avoye;3;197;1570;363;23,12%;1207;1207;10;6;1191;4;520;502;53;112;0
03_32;5;Arts-et-Métiers;3;157;1496;421;28,14%;1075;1075;8;1;1066;4;503;433;49;77;0
03_33;5;Arts-et-Métiers;3;218;1535;408;26,58%;1126;1127;2;4;1121;2;549;439;53;78;0
03_34;5;Arts-et-Métiers;3;235;1659;365;22,00%;1294;1294;11;5;1278;7;626;507;44;94;0
03_35;5;Arts-et-Métiers;3;186;1471;353;24,00%;1118;1118;8;5;1105;5;472;450;69;109;0
04_36;7;Saint-Gervais;4;232;1705;361;21,17%;1344;1344;5;3;1336;3;734;446;50;103;0
04_37;7;Saint-Gervais;4;240;1568;355;22,64%;1213;1213;9;4;1200;4;649;402;52;93;0
04_38;7;Saint-Gervais;4;221;1728;371;21,47%;1356;1357;11;6;1340;6;715;442;65;112;0
04_39;7;Saint-Gervais;4;211;1682;384;22,83%;1298;1298;7;3;1288;6;770;389;38;85;0
04_40;7;Saint-Gervais;4;217;1539;298;19,36%;1241;1241;7;2;1232;2;541;506;69;114;0
04_41;7;Arsenal;4;217;1549;279;18,01%;1270;1270;7;9;1254;3;598;489;61;103;0
04_42;7;Arsenal;4;181;1654;387;23,40%;1264;1267;14;6;1247;5;662;421;48;111;0
04_43;7;Arsenal;4;176;1514;366;24,17%;1148;1148;7;1;1140;3;618;381;59;79;0
04_44;7;Notre-Dame;4;270;1813;421;23,22%;1392;1392;7;3;1382;9;751;483;59;80;0
04_45;7;Notre-Dame;4;232;1801;409;22,71%;1392;1392;8;2;1382;2;761;437;70;112;0
04_46;7;Saint-Gervais;4;246;1814;405;22,33%;1409;1409;13;5;1391;9;715;491;68;108;0
04_47;7;Saint-Gervais;4;227;1843;445;24,15%;1398;1398;5;4;1389;3;837;387;50;112;0
04_48;7;Saint-Merri;4;229;1608;345;21,46%;1263;1263;11;3;1249;3;642;421;63;120;0
04_49;7;Saint-Gervais;4;145;1618;419;25,90%;1199;1199;14;5;1180;14;742;292;30;102;0
04_50;7;Saint-Gervais;4;205;1717;403;23,47%;1314;1314;9;4;1301;7;703;428;59;104;0
05_01;2;Sorbonne;5;200;1504;340;22,61%;1164;1164;7;1;1156;2;505;460;63;126;0
05_02;2;Sorbonne;5;206;1590;377;23,71%;1214;1213;7;2;1204;2;481;481;98;142;0
05_03;2;Sorbonne;5;221;1697;452;26,64%;1244;1245;9;4;1232;5;526;477;85;139;0
05_04;2;Sorbonne;5;184;1455;344;23,64%;1114;1111;4;3;1104;1;430;438;112;123;0
05_05;2;Val-de-Grâce;5;173;1293;286;22,12%;1006;1007;6;6;995;4;469;388;54;80;0
05_06;2;Val-de-Grâce;5;179;1406;322;22,90%;1084;1084;10;3;1071;9;496;402;71;93;0
05_07;2;Val-de-Grâce;5;177;1531;347;22,66%;1182;1184;5;4;1175;3;491;443;89;149;0
05_08;2;Val-de-Grâce;5;244;1568;316;20,15%;1251;1252;4;3;1245;1;470;582;90;102;0
05_09;2;Val-de-Grâce;5;230;1733;322;18,58%;1411;1411;8;4;1399;1;620;581;82;115;0
05_10;2;Val-de-Grâce;5;202;1543;319;20,67%;1222;1224;14;4;1206;3;502;516;85;100;0
05_11;2;Val-de-Grâce;5;211;1551;309;19,92%;1242;1242;10;1;1231;4;571;473;81;102;0
05_12;2;Val-de-Grâce;5;199;1526;321;21,04%;1203;1205;5;1;1199;5;607;397;82;108;0
05_13;2;Val-de-Grâce;5;200;1504;266;17,69%;1238;1238;10;4;1224;5;545;420;76;178;0
05_14;2;Jardin-des-Plantes;5;206;1590;579;36,42%;1011;1011;8;3;1000;5;481;344;49;121;0
05_15;2;Jardin-des-Plantes;5;221;1697;441;25,99%;1255;1256;11;0;1245;6;629;406;71;133;0
05_16;2;Jardin-des-Plantes;5;184;1455;259;17,80%;1196;1196;3;6;1187;4;635;372;86;90;0
05_17;2;Jardin-des-Plantes;5;173;1293;198;15,31%;1095;1095;8;8;1079;4;552;338;62;123;0
05_18;2;Jardin-des-Plantes;5;179;1406;432;30,73%;974;974;10;8;956;1;496;295;52;112;0
05_19;2;Jardin-des-Plantes;5;177;1531;450;29,39%;1081;1081;13;2;1066;9;494;371;68;124;0
05_20;2;Jardin-des-Plantes;5;244;1568;429;27,36%;1139;1139;4;2;1133;2;555;346;68;162;0
05_21;2;Saint-Victor;5;230;1733;504;29,08%;1229;1229;7;2;1220;5;612;422;76;105;0
05_22;2;Saint-Victor;5;202;1543;469;30,40%;1074;1074;5;5;1064;1;449;437;70;107;0
05_23;2;Saint-Victor;5;211;1551;427;27,53%;1124;1124;11;1;1112;5;463;423;74;147;0
05_24;2;Saint-Victor;5;199;1526;315;20,64%;1211;1211;8;5;1198;6;599;401;66;126;0
05_25;2;Saint-Victor;5;180;1628;377;23,16%;1251;1251;6;2;1243;3;595;460;73;112;0
06_01;2;Odéon;6;153;1318;344;26,10%;974;974;4;4;966;2;313;420;93;138;0
06_02;2;Odéon;6;190;1617;620;38,34%;997;997;6;2;989;3;254;470;129;133;0
06_03;2;Odéon;6;198;1520;506;33,29%;1013;1014;4;3;1007;6;335;473;79;114;0
06_04;2;Monnais;6;184;1435;662;46,13%;773;773;4;0;769;0;197;384;97;91;0
06_05;2;Monnais;6;146;1297;402;30,99%;895;895;5;1;889;4;253;466;86;80;0
06_06;2;Monnais;6;151;1391;589;42,34%;804;802;2;1;799;1;251;396;52;99;0
06_07;2;Odéon;6;112;1501;590;39,31%;910;911;2;4;905;1;328;393;86;97;0
06_08;2;Saint-Germain-des-Prés;6;216;1615;724;44,83%;890;891;4;1;886;6;313;372;77;118;0
06_09;2;Saint-Germain-des-Prés;6;205;1401;614;43,83%;787;787;6;1;780;0;217;399;74;90;0
06_10;2;Odéon;6;185;1458;801;54,94%;657;657;4;1;652;5;189;305;80;73;0
06_11;2;Odéon;6;207;1505;761;50,56%;744;744;1;0;743;0;125;438;68;112;0
06_12;11;Notre-Dame-des-Champs;6;180;1310;327;24,96%;983;983;11;2;970;1;296;432;120;121;0
06_13;11;Notre-Dame-des-Champs;6;75;1383;283;20,46%;1099;1100;11;5;1084;8;526;383;57;110;0
06_14;11;Notre-Dame-des-Champs;6;130;1479;315;21,30%;1164;1164;7;1;1156;4;536;433;60;123;0
06_15;11;Notre-Dame-des-Champs;6;115;1314;390;29,68%;922;924;10;7;907;3;488;230;44;141;1
06_16;11;Notre-Dame-des-Champs;6;145;1597;394;24,67%;1204;1203;12;3;1188;4;624;345;56;157;2
06_17;11;Notre-Dame-des-Champs;6;128;1230;264;21,46%;966;966;5;4;957;7;509;295;54;91;1
06_18;11;Notre-Dame-des-Champs;6;142;1480;360;24,32%;1120;1120;11;8;1101;13;581;304;69;133;1
06_19;11;Notre-Dame-des-Champs;6;140;1351;263;19,47%;1088;1088;10;2;1076;9;512;382;61;112;0
06_20;11;Notre-Dame-des-Champs;6;169;1462;334;22,85%;1128;1128;6;3;1119;6;560;332;73;148;0
06_21;11;Notre-Dame-des-Champs;6;214;1514;286;18,89%;1227;1228;12;3;1213;1;563;468;83;97;1
06_22;11;Notre-Dame-des-Champs;6;202;1536;344;22,40%;1192;1192;6;2;1184;8;589;397;80;106;4
07_01;2;Invalides;7;218;1617;581;35,93%;1036;1036;6;6;1024;3;174;553;125;169;0
07_02;2;Invalides;7;175;1281;303;23,65%;978;978;11;4;963;3;174;508;125;153;0
07_03;2;Invalides;7;178;1308;226;17,28%;1081;1082;4;6;1072;0;221;597;114;140;0
07_04;2;Saint-Thomas-d'Aquin;7;184;1373;427;31,10%;944;946;3;3;940;1;215;489;85;150;0
07_05;2;Saint-Thomas-d'Aquin;7;131;1029;-1;-0,10%;1030;1030;5;3;1022;1;172;606;127;116;0
07_06;2;Invalides;7;165;1112;55;4,95%;1057;1057;1;0;1056;0;230;571;143;112;0
07_07;2;Saint-Thomas-d'Aquin;7;134;1088;-112;-10,29%;1200;1200;6;4;1190;5;222;638;165;160;0
07_08;2;Saint-Thomas-d'Aquin;7;167;1229;123;10,01%;1106;1106;8;6;1092;6;198;592;129;167;0
07_09;12;École-Militaire;7;190;1249;273;21,86%;976;976;11;5;960;3;216;449;142;150;0
07_10;12;École-Militaire;7;179;1577;425;26,95%;1152;1152;5;3;1144;1;266;489;138;250;0
07_11;12;École-Militaire;7;147;1215;263;21,65%;952;952;7;4;941;1;120;455;182;183;0
07_12;12;École-Militaire;7;172;1267;301;23,76%;966;966;3;6;957;1;152;486;165;153;0
07_13;12;École-Militaire;7;156;1220;234;19,18%;986;986;7;3;976;2;139;456;191;188;0
07_14;12;École-Militaire;7;180;1388;333;23,99%;1055;1055;8;5;1042;1;218;494;144;185;0
07_15;2;Gros-Caillou;7;149;1219;81;6,64%;1137;1138;6;3;1129;3;232;609;128;157;0
07_16;2;Gros-Caillou;7;121;1043;46;4,41%;997;997;6;7;984;6;232;481;109;156;0
07_17;2;Gros-Caillou;7;123;908;-143;-15,75%;1051;1051;7;3;1041;4;252;506;89;190;0
07_18;2;Gros-Caillou;7;143;989;72;7,28%;917;917;8;0;909;1;194;418;116;180;0
07_19;2;Gros-Caillou;7;179;1376;420;30,52%;955;956;8;3;945;3;172;486;135;149;0
07_20;2;Gros-Caillou;7;159;1320;186;14,09%;1133;1134;6;1;1127;3;195;595;142;192;0
07_21;2;Gros-Caillou;7;188;1425;448;31,44%;977;977;7;2;968;2;169;512;119;166;0
07_22;2;Gros-Caillou;7;168;1293;415;32,10%;877;878;3;0;875;2;115;477;103;178;0
07_23;2;Gros-Caillou;7;185;1359;533;39,22%;826;826;2;3;821;0;83;468;129;141;0
07_24;2;Gros-Caillou;7;267;1385;452;32,64%;932;933;3;1;929;1;119;531;134;144;0
07_25;2;Gros-Caillou;7;211;1545;1545;100,00%;;;;;;;;;;;
08_01;1;Europe;8;223;1573;377;23,97%;1190;1196;6;3;1187;4;178;590;197;124;2
08_02;1;Europe;8;164;1394;367;26,33%;1025;1027;6;3;1018;0;162;515;174;103;2
08_03;1;Europe;8;204;1439;299;20,78%;1144;1140;8;1;1131;4;181;557;223;146;1
08_04;1;Europe;8;195;1427;354;24,81%;1072;1073;6;1;1066;0;120;570;210;104;0
08_05;1;Europe;8;211;1660;379;22,83%;1279;1281;8;3;1270;2;225;670;209;113;1
08_06;1;Europe;8;164;1438;295;20,51%;1143;1143;6;0;1137;4;304;515;153;96;1
08_07;1;Europe;8;192;1552;336;21,65%;1216;1216;13;2;1201;3;326;573;159;98;3
08_08;1;Europe;8;177;1490;310;20,81%;1179;1180;10;2;1168;6;362;510;147;95;2
08_09;1;Europe;8;183;1694;400;23,61%;1294;1294;7;4;1283;3;255;629;198;117;0
08_10;1;Madeleine;8;114;1083;325;30,01%;757;758;3;1;754;1;132;373;120;75;1
08_11;1;Madeleine;8;147;1139;291;25,55%;843;848;10;3;835;4;196;377;142;97;0
08_12;1;Madeleine;8;131;1323;414;31,29%;909;909;8;4;897;2;156;383;150;82;0
08_13;1;Faubourg-du-Roule;8;152;1498;461;30,77%;1039;1037;8;4;1025;4;171;532;148;90;4
08_14;1;Faubourg-du-Roule;8;152;1526;455;29,82%;1071;1071;6;0;1065;2;206;485;169;87;0
08_15;1;Faubourg-du-Roule;8;171;1585;443;27,95%;1141;1142;5;3;1134;4;151;581;190;112;2
08_16;1;Faubourg-du-Roule;8;164;1662;478;28,76%;1184;1184;11;2;1171;2;170;579;206;122;0
08_17;1;Champs-Élysées;8;59;900;358;39,78%;542;542;1;1;540;1;94;241;84;43;0
08_18;1;Champs-Élysées;8;82;921;326;35,40%;595;595;4;3;588;0;90;256;103;56;1
09_01;1;Faubourg-Montmartre;9;150;1322;354;26,78%;968;968;11;2;955;6;361;411;75;37;1
09_02;1;Faubourg-Montmartre;9;202;1491;341;22,87%;1150;1150;11;4;1135;5;527;455;58;44;1
09_03;1;Faubourg-Montmartre;9;184;1509;379;25,12%;1130;1130;10;2;1118;2;444;480;79;50;1
09_04;1;Faubourg-Montmartre;9;163;1482;339;22,87%;1143;1143;6;4;1133;6;454;484;80;61;1
09_05;1;Faubourg-Montmartre;9;213;1493;315;21,10%;1178;1178;12;7;1159;4;443;533;90;55;0
09_06;1;Faubourg-Montmartre;9;176;1422;336;23,63%;1086;1086;6;1;1079;6;355;519;89;46;2
09_07;1;Chaussée-d'Antin;9;146;1432;400;27,93%;1032;1032;6;3;1023;3;308;470;101;63;1
09_08;1;Saint-Georges;9;216;1561;318;20,37%;1243;1243;11;3;1229;2;373;638;115;73;3
09_09;1;Saint-Georges;9;156;1363;297;21,79%;1065;1066;12;0;1054;4;331;534;92;63;0
09_10;1;Saint-Georges;9;215;1526;304;19,92%;1222;1222;12;1;1209;2;403;592;106;74;1
09_11;1;Saint-Georges;9;193;1495;311;20,80%;1183;1184;11;9;1164;5;467;533;74;48;1
09_12;1;Saint-Georges;9;198;1457;309;21,21%;1148;1148;20;5;1123;5;469;481;83;53;0
09_13;1;Saint-Georges;9;202;1576;385;24,43%;1191;1191;5;4;1182;3;535;472;64;38;4
09_14;1;Saint-Georges;9;230;1636;362;22,13%;1274;1274;13;1;1260;5;452;616;93;60;1
09_15;1;Saint-Georges;9;215;1468;317;21,59%;1151;1151;9;2;1140;7;415;528;98;49;2
09_16;1;Saint-Georges;9;173;1405;281;20,00%;1123;1124;13;3;1108;2;396;514;105;59;0
09_17;1;Saint-Georges;9;189;1435;321;22,37%;1114;1114;9;4;1101;4;369;515;97;54;0
09_18;1;Rochechouart;9;168;1544;353;22,86%;1191;1191;7;5;1179;11;475;502;80;52;5
09_19;1;Rochechouart;9;202;1498;366;24,43%;1132;1132;11;6;1115;2;452;484;71;45;2
09_20;1;Rochechouart;9;204;1491;306;20,52%;1185;1185;5;2;1178;2;442;531;90;62;0
09_21;1;Rochechouart;9;202;1550;322;20,77%;1228;1228;5;5;1218;5;471;540;73;72;2
09_22;1;Rochechouart;9;204;1406;286;20,34%;1120;1120;9;1;1110;5;429;494;99;62;0
09_23;1;Rochechouart;9;209;1397;334;23,91%;1063;1063;11;2;1050;3;408;462;97;61;0
09_24;18;Rochechouart;9;191;1492;333;22,32%;1157;1159;18;5;1136;3;432;523;67;109;2
09_25;18;Rochechouart;9;240;1639;394;24,04%;1244;1245;12;5;1228;1;552;466;92;117;0
09_26;18;Rochechouart;9;214;1545;342;22,14%;1203;1203;6;1;1196;3;495;529;66;102;1
09_27;18;Rochechouart;9;218;1644;398;24,21%;1246;1246;7;3;1236;5;646;418;57;105;5
10_01;5;Porte-Saint-Martin;10;220;1648;392;23,79%;1255;1256;15;7;1234;1;744;363;41;85;0
10_02;5;Porte-Saint-Martin;10;221;1597;370;23,17%;1227;1227;8;7;1212;1;724;369;37;81;0
10_03;5;Porte-Saint-Martin;10;184;1585;357;22,52%;1228;1228;10;1;1217;3;724;344;53;93;0
10_04;5;Porte-Saint-Martin;10;141;1396;353;25,29%;1043;1043;5;7;1031;2;611;325;38;55;0
10_05;5;Porte-Saint-Martin;10;168;1385;322;23,25%;1062;1063;9;3;1051;5;567;363;32;84;0
10_06;5;Porte-Saint-Martin;10;233;1479;346;23,39%;1133;1133;13;4;1116;3;639;351;45;78;0
10_07;5;Porte-Saint-Martin;10;165;1318;332;25,19%;985;986;4;4;978;3;617;277;28;53;0
10_08;5;Porte-Saint-Martin;10;204;1620;391;24,14%;1230;1229;6;4;1219;5;717;348;48;101;0
10_09;5;Porte-Saint-Martin;10;202;1633;384;23,52%;1249;1249;13;4;1232;9;608;384;72;159;0
10_10;5;Porte-Saint-Martin;10;209;1515;327;21,58%;1188;1188;4;4;1180;16;704;337;40;83;0
10_11;5;Hôpital-Saint-Louis;10;188;1601;416;25,98%;1185;1185;11;5;1169;6;743;303;35;82;0
10_12;5;Hôpital-Saint-Louis;10;188;1626;434;26,69%;1190;1192;10;1;1181;4;845;251;19;62;0
10_13;5;Hôpital-Saint-Louis;10;150;1682;507;30,14%;1175;1175;7;1;1167;11;830;219;26;81;0
10_14;5;Hôpital-Saint-Louis;10;180;1690;447;26,45%;1243;1243;5;10;1228;8;866;256;26;72;0
10_15;5;Hôpital-Saint-Louis;10;167;1455;384;26,39%;1071;1071;6;3;1062;10;658;271;32;91;0
10_16;5;Hôpital-Saint-Louis;10;185;1444;364;25,21%;1079;1080;8;2;1070;6;700;257;27;80;0
10_17;5;Hôpital-Saint-Louis;10;85;1335;440;32,96%;895;895;11;4;880;8;432;230;53;157;0
10_18;5;Hôpital-Saint-Louis;10;123;1424;468;32,87%;956;956;4;5;947;3;561;265;36;82;0
10_19;5;Hôpital-Saint-Louis;10;117;1310;410;31,30%;900;900;12;4;884;12;498;242;32;100;0
10_20;5;Hôpital-Saint-Louis;10;160;1296;326;25,15%;970;970;9;2;959;6;626;232;39;56;0
10_21;5;Hôpital-Saint-Louis;10;152;1423;410;28,81%;1013;1013;9;5;999;8;630;232;44;85;0
10_22;5;Hôpital-Saint-Louis;10;184;1484;294;19,81%;1190;1190;6;1;1183;4;739;311;40;89;0
10_23;5;Hôpital-Saint-Louis;10;147;1297;306;23,59%;990;991;4;4;983;7;630;263;29;54;0
10_24;5;Saint-Vincent-de-Paul;10;153;1300;311;23,92%;989;989;5;0;984;3;601;260;46;74;0
10_25;5;Saint-Vincent-de-Paul;10;143;1349;344;25,50%;1005;1005;11;4;990;8;646;202;35;99;0
10_26;5;Saint-Vincent-de-Paul;10;172;1268;283;22,32%;985;985;8;4;973;5;610;237;30;91;0
10_27;5;Saint-Vincent-de-Paul;10;167;1499;429;28,62%;1066;1070;10;5;1055;6;702;241;37;69;0
10_28;5;Saint-Vincent-de-Paul;10;159;1376;325;23,62%;1051;1051;3;2;1046;4;600;283;59;100;0
10_29;5;Saint-Vincent-de-Paul;10;179;1491;335;22,47%;1156;1156;4;2;1150;4;571;435;58;82;0
10_30;5;Saint-Vincent-de-Paul;10;184;1473;348;23,63%;1125;1125;10;5;1110;6;617;347;60;80;0
10_31;5;Saint-Vincent-de-Paul;10;151;1230;293;23,82%;937;937;4;1;932;2;428;392;42;68;0
10_32;5;Saint-Vincent-de-Paul;10;160;1323;325;24,57%;998;998;10;4;984;6;639;257;25;57;0
10_33;5;Porte-Saint-Denis;10;193;1491;406;27,23%;1085;1085;7;3;1075;7;634;327;39;68;0
10_34;5;Porte-Saint-Denis;10;179;1512;369;24,40%;1143;1143;8;9;1126;5;533;391;48;149;0
10_35;5;Porte-Saint-Denis;10;166;1386;329;23,74%;1056;1057;5;10;1042;1;542;374;48;76;0
10_36;5;Porte-Saint-Denis;10;376;1437;275;19,14%;1162;1162;6;9;1147;3;671;357;56;60;0
10_37;5;Porte-Saint-Denis;10;145;1315;303;23,04%;1012;1012;8;3;1001;2;521;348;49;81;0
10_38;5;Porte-Saint-Denis;10;215;1625;341;20,98%;1284;1284;6;3;1275;4;684;472;38;77;0
10_39;5;Porte-Saint-Denis;10;219;1687;443;26,26%;1244;1244;8;9;1227;6;718;363;54;86;0
11_01;7;Roquette;11;228;1773;392;22,11%;1381;1381;9;2;1370;6;811;392;52;109;0
11_02;7;Roquette;11;252;1682;339;20,15%;1343;1343;6;7;1330;3;770;419;51;87;0
11_03;7;Roquette;11;195;1654;407;24,61%;1247;1247;4;6;1237;2;739;342;44;110;0
11_04;7;Roquette;11;0;1911;424;22,19%;1486;1487;3;4;1480;2;851;476;62;89;0
11_05;7;Roquette;11;213;1694;363;21,43%;1331;1331;9;4;1318;8;756;403;52;99;0
11_06;7;Sainte-Marguerite;11;259;1773;410;23,12%;1363;1363;4;3;1356;5;824;402;42;83;0
11_07;7;Sainte-Marguerite;11;239;1862;403;21,64%;1459;1459;13;6;1440;16;777;468;65;114;0
11_08;7;Sainte-Marguerite;11;220;1712;368;21,50%;1344;1344;6;1;1337;9;639;510;64;115;0
11_09;7;Roquette;11;217;1723;409;23,74%;1314;1314;8;2;1304;3;788;353;58;102;0
11_10;7;Roquette;11;162;1587;356;22,43%;1231;1231;8;10;1213;7;638;409;64;95;0
11_11;7;Roquette;11;185;1568;352;22,45%;1215;1216;8;5;1203;9;740;304;44;106;0
11_12;7;Roquette;11;111;1259;364;28,91%;895;895;8;5;882;7;372;283;69;151;0
11_13;7;Roquette;11;157;1160;287;24,74%;873;873;10;4;859;3;364;343;56;93;0
11_14;7;Roquette;11;185;1433;365;25,47%;1068;1068;6;3;1059;6;479;421;52;101;0
11_15;7;Roquette;11;145;1341;339;25,28%;1001;1002;11;3;988;7;481;325;67;108;0
11_16;7;Saint-Ambroise;11;213;1467;321;21,88%;1146;1146;6;2;1138;0;431;501;89;117;0
11_17;7;Saint-Ambroise;11;135;1064;256;24,06%;808;808;5;1;802;12;339;323;51;77;0
11_18;7;Saint-Ambroise;11;142;1240;274;22,10%;966;966;10;2;954;4;393;410;51;96;0
11_19;7;Saint-Ambroise;11;157;1262;332;26,31%;929;930;7;1;922;1;387;413;54;67;0
11_20;7;Folie-Méricourt;11;194;1673;391;23,37%;1281;1282;6;3;1273;8;510;560;83;112;0
11_21;7;Folie-Méricourt;11;153;1323;295;22,30%;1028;1028;6;1;1021;5;341;465;71;139;0
11_22;7;Folie-Méricourt;11;169;1737;459;26,42%;1278;1278;7;3;1268;1;549;428;105;185;0
11_23;7;Folie-Méricourt;11;144;1131;274;24,23%;857;857;6;1;850;5;276;377;83;109;0
11_24;7;Saint-Ambroise;11;131;986;245;24,85%;742;741;5;2;734;3;221;346;75;89;0
11_25;7;Saint-Ambroise;11;187;1651;428;25,92%;1223;1223;14;5;1204;2;580;418;65;139;0
11_26;7;Saint-Ambroise;11;142;1592;465;29,21%;1127;1127;11;4;1112;10;578;359;45;120;0
11_27;6;Folie-Méricourt;11;263;1744;314;18,00%;1428;1430;17;6;1407;15;784;423;47;90;0
11_28;6;Folie-Méricourt;11;215;1723;435;25,25%;1288;1288;12;4;1272;6;774;353;51;57;0
11_29;6;Folie-Méricourt;11;254;1892;453;23,94%;1439;1439;14;6;1419;7;890;339;49;103;0
11_30;6;Folie-Méricourt;11;233;1844;492;26,68%;1349;1352;11;8;1333;6;837;322;34;96;0
11_31;6;Folie-Méricourt;11;150;1944;635;32,66%;1309;1309;10;5;1294;15;906;222;34;95;0
11_32;6;Folie-Méricourt;11;220;1942;578;29,76%;1364;1364;13;3;1348;13;920;255;39;92;0
11_33;6;Saint-Ambroise;11;211;1922;465;24,19%;1456;1457;14;3;1440;13;825;402;59;111;0
11_34;6;Saint-Ambroise;11;197;1826;555;30,39%;1271;1271;12;7;1252;15;768;298;39;106;0
11_35;6;Saint-Ambroise;11;230;1697;401;23,63%;1294;1296;8;8;1280;8;663;419;57;111;0
11_36;6;Saint-Ambroise;11;236;1715;391;22,80%;1324;1324;13;4;1307;7;733;405;48;93;0
11_37;6;Saint-Ambroise;11;219;1586;365;23,01%;1221;1221;12;9;1200;11;613;395;72;85;0
11_38;6;Saint-Ambroise;11;199;1798;405;22,53%;1393;1393;14;4;1375;9;692;456;61;127;0
11_39;6;Roquette;11;175;1480;379;25,61%;1101;1101;13;9;1079;7;637;255;56;87;0
11_40;6;Roquette;11;141;1509;430;28,50%;1079;1079;22;6;1051;9;548;295;52;129;0
11_41;6;Roquette;11;161;1790;514;28,72%;1275;1276;13;10;1253;4;728;275;57;156;0
11_42;6;Roquette;11;160;1534;467;30,44%;1066;1067;14;4;1049;13;568;258;53;128;0
11_43;6;Roquette;11;171;1785;466;26,11%;1319;1319;17;8;1294;10;754;336;64;109;0
11_44;6;Sainte-Marguerite;11;221;1779;448;25,18%;1331;1331;12;6;1313;13;643;454;70;110;0
11_45;6;Sainte-Marguerite;11;177;1601;355;22,17%;1246;1246;13;9;1224;1;521;462;78;131;0
11_46;6;Sainte-Marguerite;11;131;1869;614;32,85%;1254;1255;15;7;1233;12;713;301;45;145;0
11_47;6;Sainte-Marguerite;11;154;1800;516;28,67%;1284;1284;16;6;1262;13;673;342;64;144;0
11_48;6;Sainte-Marguerite;11;201;1763;383;21,72%;1380;1380;12;3;1365;6;590;516;99;120;0
11_49;6;Sainte-Marguerite;11;198;1784;426;23,88%;1356;1358;9;14;1335;16;685;396;64;142;0
11_50;6;Sainte-Marguerite;11;222;1775;397;22,37%;1378;1378;13;12;1353;7;723;413;68;107;0
11_51;6;Sainte-Marguerite;11;202;1750;412;23,54%;1338;1338;12;10;1316;8;646;418;83;130;0
11_52;6;Sainte-Marguerite;11;212;1803;384;21,30%;1418;1419;13;2;1404;11;757;467;59;96;0
11_53;6;Sainte-Marguerite;11;255;1797;355;19,76%;1441;1442;23;6;1413;5;685;498;88;116;0
11_54;6;Sainte-Marguerite;11;138;1636;431;26,34%;1205;1205;10;6;1189;8;618;363;67;108;0
11_55;6;Sainte-Marguerite;11;162;1751;408;23,30%;1343;1343;15;8;1320;6;690;430;39;127;0
12_01;8;Picpus;12;128;1103;269;24,39%;834;834;8;3;823;3;447;254;43;76;0
12_02;8;Picpus;12;129;1310;337;25,73%;973;973;10;3;960;8;504;289;55;102;2
12_03;8;Picpus;12;164;1598;397;24,84%;1201;1201;13;3;1185;1;554;401;73;155;1
12_04;8;Picpus;12;149;1479;418;28,26%;1061;1061;11;4;1046;9;475;370;64;128;0
12_05;8;Picpus;12;143;1494;375;25,10%;1116;1119;10;3;1106;7;453;433;78;135;0
12_06;8;Picpus;12;118;1448;411;28,38%;1037;1037;8;4;1025;11;520;288;69;137;0
12_07;8;Picpus;12;178;1496;309;20,66%;1187;1187;7;7;1173;6;492;448;89;138;0
12_08;8;Picpus;12;126;1464;419;28,62%;1045;1045;7;3;1035;8;572;275;46;132;2
12_09;8;Picpus;12;78;1627;508;31,22%;1119;1119;19;4;1096;19;620;253;61;143;0
12_10;8;Picpus;12;161;1553;430;27,69%;1123;1123;4;8;1111;6;604;313;58;129;1
12_11;8;Picpus;12;143;1298;347;26,73%;951;951;8;7;936;4;471;260;47;154;0
12_12;8;Picpus;12;238;1957;426;21,77%;1531;1531;5;5;1521;4;835;449;69;164;0
12_13;8;Picpus;12;175;1482;310;20,92%;1172;1172;10;3;1159;9;620;367;62;100;1
12_14;8;Picpus;12;120;1397;364;26,06%;1033;1033;11;4;1018;7;441;361;58;150;1
12_15;8;Picpus;12;157;1629;455;27,93%;1174;1174;5;4;1165;10;627;348;43;137;0
12_16;8;Picpus;12;161;1362;303;22,25%;1059;1059;10;5;1044;3;472;368;68;133;0
12_17;8;Picpus;12;134;1319;297;22,52%;1022;1022;9;4;1009;4;440;377;62;126;0
12_18;8;Picpus;12;177;1440;296;20,56%;1144;1144;9;2;1133;4;605;346;77;101;0
12_19;8;Picpus;12;139;1498;436;29,11%;1063;1062;11;6;1045;9;561;305;46;124;0
12_20;8;Picpus;12;147;1360;316;23,24%;1044;1044;8;3;1033;8;511;337;60;116;1
12_21;8;Picpus;12;145;1633;386;23,64%;1247;1247;11;4;1232;7;574;447;55;149;0
12_22;8;Picpus;12;107;1598;485;30,35%;1113;1113;16;3;1094;10;630;272;49;133;0
12_23;8;Picpus;12;110;1317;391;29,69%;926;926;10;3;913;9;448;324;44;88;0
12_24;8;Picpus;12;147;1420;373;26,27%;1045;1047;9;2;1036;1;577;283;58;116;1
12_25;8;Picpus;12;120;1590;415;26,10%;1175;1175;12;7;1156;11;572;363;55;154;1
12_26;8;Picpus;12;117;1426;373;26,16%;1053;1053;6;5;1042;5;483;354;50;150;0
12_27;8;Picpus;12;141;1429;367;25,68%;1062;1062;8;0;1054;13;557;331;57;96;0
12_28;8;Picpus;12;120;1539;488;31,71%;1051;1051;15;10;1026;14;504;277;61;170;0
12_29;8;Picpus;12;103;1186;356;30,02%;830;830;10;7;813;4;385;272;37;115;0
12_30;8;Bel-Air;12;162;1439;343;23,84%;1096;1096;11;2;1083;5;467;402;74;135;0
12_31;8;Bel-Air;12;119;1422;355;24,96%;1067;1067;7;3;1057;5;525;346;64;117;0
12_32;8;Bel-Air;12;123;1446;337;23,31%;1109;1109;11;6;1092;5;495;398;71;123;0
12_33;8;Bel-Air;12;114;1525;402;26,36%;1123;1123;13;5;1105;15;538;352;54;144;2
12_34;8;Bel-Air;12;133;1540;344;22,34%;1196;1196;11;6;1179;4;519;429;60;167;0
12_35;8;Bel-Air;12;177;1452;296;20,39%;1156;1156;11;1;1144;4;459;456;87;138;0
12_36;8;Bel-Air;12;81;1410;417;29,57%;993;993;11;6;976;9;470;266;60;170;1
12_37;8;Bel-Air;12;94;1395;421;30,18%;974;974;10;3;961;10;515;247;48;141;0
12_38;8;Bel-Air;12;132;1584;406;25,63%;1178;1178;13;6;1159;11;572;359;54;163;0
12_39;8;Bel-Air;12;111;1231;314;25,51%;917;917;6;5;906;7;418;290;50;141;0
12_40;8;Bel-Air;12;133;1345;308;22,90%;1037;1037;7;5;1025;5;512;315;55;138;0
12_41;8;Bel-Air;12;170;1348;309;22,92%;1039;1039;7;4;1028;6;458;373;71;120;0
12_42;8;Bel-Air;12;137;1616;409;25,31%;1207;1207;4;3;1200;13;591;365;65;166;0
12_43;8;Bel-Air;12;55;940;301;32,02%;639;639;21;3;615;8;272;178;18;137;2
12_44;8;Bel-Air;12;97;1396;415;29,73%;981;981;11;10;960;11;506;275;31;136;1
12_45;8;Bel-Air;12;71;1356;464;34,22%;892;892;14;4;874;10;523;185;33;123;0
12_46;8;Bercy;12;136;1521;430;28,27%;1091;1091;12;6;1073;12;540;317;64;140;0
12_47;8;Bercy;12;98;1501;455;30,31%;1046;1046;24;6;1016;13;536;273;45;149;0
12_48;8;Bercy;12;109;1532;465;30,35%;1067;1067;14;6;1047;8;570;271;51;147;0
12_49;8;Picpus;12;157;1637;417;25,47%;1220;1220;10;1;1209;8;639;369;63;130;0
12_50;8;Quinze-Vingt;12;124;1614;454;28,13%;1160;1160;19;12;1129;12;635;300;42;140;0
12_51;7;Quinze-Vingt;12;150;1281;265;20,69%;1016;1016;7;1;1008;6;492;370;56;84;0
12_52;7;Quinze-Vingt;12;199;1682;428;25,45%;1254;1254;11;5;1238;4;596;459;70;109;0
12_53;7;Quinze-Vingt;12;133;1356;418;30,83%;938;938;8;5;925;7;411;312;44;151;0
12_54;7;Quinze-Vingt;12;220;1793;373;20,80%;1420;1420;13;4;1403;5;747;433;68;150;0
12_55;7;Quinze-Vingt;12;162;1198;253;21,12%;945;945;4;0;941;5;531;295;42;68;0
12_56;7;Quinze-Vingt;12;189;1550;373;24,06%;1177;1177;9;4;1164;10;704;327;38;85;0
12_57;7;Quinze-Vingt;12;163;1466;365;24,90%;1101;1101;5;1;1095;6;625;332;52;80;0
12_58;7;Quinze-Vingt;12;136;1292;311;24,07%;980;981;8;4;969;6;511;290;54;108;0
12_59;7;Quinze-Vingt;12;153;1392;376;27,01%;1016;1016;7;2;1007;10;603;269;43;82;0
12_60;7;Quinze-Vingt;12;215;1498;307;20,49%;1191;1191;9;4;1178;4;659;405;38;72;0
12_61;8;Bercy;12;125;1464;348;23,77%;1116;1116;13;6;1097;5;516;327;55;194;0
12_62;7;Quinze-Vingt;12;137;1445;429;29,69%;1016;1016;13;3;1000;3;555;262;50;130;0
12_64;8;Bel-Air;12;120;1294;266;20,56%;1028;1028;11;5;1012;3;477;341;65;126;0
13_01;9;Salpêtrière;13;227;1712;380;22,20%;1333;1332;16;3;1313;7;690;370;112;134;0
13_02;9;Salpêtrière;13;117;1461;414;28,34%;1047;1047;11;6;1030;17;556;250;87;120;0
13_03;9;Salpêtrière;13;128;1627;430;26,43%;1197;1197;15;4;1178;17;602;303;115;141;0
13_04;9;Salpêtrière;13;111;1325;397;29,96%;927;928;14;4;910;18;487;208;61;136;0
13_05;9;Salpêtrière;13;152;1540;376;24,42%;1164;1164;12;2;1150;11;599;322;91;127;0
13_06;9;Salpêtrière;13;129;1195;291;24,35%;904;904;7;5;892;4;465;251;72;100;0
13_07;9;Salpêtrière;13;132;1694;508;29,99%;1186;1186;10;4;1172;8;656;284;78;146;0
13_08;9;Gare;13;129;1499;408;27,22%;1091;1091;12;5;1074;16;625;218;73;142;0
13_09;9;Gare;13;72;1233;389;31,55%;844;844;9;1;834;14;469;152;71;128;0
13_10;9;Gare;13;76;1314;395;30,06%;919;919;13;3;903;11;465;183;91;153;0
13_11;9;Gare;13;88;1512;515;34,06%;997;997;19;8;970;17;487;227;96;143;0
13_12;9;Gare;13;63;1455;452;31,07%;1003;1003;9;4;990;10;539;187;90;164;0
13_13;9;Gare;13;177;1705;409;23,99%;1296;1296;15;8;1273;9;694;330;108;132;0
13_14;9;Gare;13;90;1453;462;31,80%;991;991;17;13;961;14;487;196;90;174;0
13_15;9;Gare;13;76;1769;641;36,24%;1128;1128;8;9;1111;20;538;282;94;177;0
13_16;9;Gare;13;105;1987;612;30,80%;1373;1375;15;9;1351;18;761;296;97;179;0
13_17;9;Gare;13;107;1674;500;29,87%;1174;1174;17;5;1152;12;584;306;106;144;0
13_18;9;Gare;13;82;1514;496;32,76%;1018;1018;11;4;1003;22;576;173;75;157;0
13_19;9;Gare;13;71;1863;663;35,59%;1200;1200;16;9;1175;13;579;286;130;167;0
13_20;9;Gare;13;62;1887;729;38,63%;1156;1158;17;9;1132;12;525;259;147;189;0
13_21;9;Gare;13;64;1637;612;37,39%;1023;1025;7;3;1015;17;410;257;113;218;0
13_22;9;Gare;13;55;1706;733;42,97%;973;973;16;7;950;24;479;159;88;200;0
13_23;9;Gare;13;128;1499;419;27,95%;1080;1080;18;6;1056;23;611;213;70;139;0
13_24;9;Gare;13;88;1464;471;32,17%;993;993;14;9;970;12;556;199;74;129;0
13_25;9;Gare;13;84;1714;655;38,21%;1059;1059;13;11;1035;26;603;198;60;148;0
13_26;9;Gare;13;136;1784;512;28,70%;1272;1272;14;2;1256;11;715;277;79;174;0
13_27;9;Gare;13;144;1876;513;27,35%;1363;1363;10;9;1344;16;783;299;81;165;0
13_28;9;Gare;13;138;1768;466;26,36%;1302;1302;17;5;1280;17;691;323;100;149;0
13_29;9;Gare;13;40;1291;463;35,86%;828;828;17;10;801;17;411;149;69;155;0
13_30;9;Gare;13;131;1724;457;26,51%;1267;1267;14;5;1248;17;702;279;88;162;0
13_31;9;Gare;13;114;1327;333;25,09%;994;994;5;4;985;13;513;270;78;111;0
13_32;9;Gare;13;126;1726;532;30,82%;1194;1194;18;6;1170;22;693;209;67;179;0
13_33;9;Gare;13;32;772;285;36,92%;487;487;8;6;473;12;275;86;38;62;0
13_34;9;Gare;13;145;1596;358;22,43%;1238;1238;10;3;1225;12;610;369;89;145;0
13_35;10;Maison-Blanche;13;123;1302;372;28,57%;930;930;6;4;920;1;511;251;49;92;16
13_36;10;Maison-Blanche;13;147;1454;366;25,17%;1088;1088;9;4;1075;4;517;337;73;140;4
13_37;10;Maison-Blanche;13;89;1861;624;33,53%;1236;1237;17;7;1213;12;698;235;66;188;14
13_38;10;Maison-Blanche;13;95;1449;463;31,95%;986;986;9;12;965;5;438;308;74;133;7
13_39;10;Maison-Blanche;13;115;1899;623;32,81%;1276;1276;11;8;1257;5;723;296;67;148;18
13_40;10;Maison-Blanche;13;167;1600;344;21,50%;1256;1256;3;8;1245;4;648;405;66;96;26
13_41;10;Maison-Blanche;13;156;1803;510;28,29%;1292;1293;10;12;1271;6;762;302;59;130;12
13_42;10;Maison-Blanche;13;59;1597;572;35,82%;1022;1025;14;9;1002;10;586;177;48;166;15
13_43;10;Maison-Blanche;13;151;1735;432;24,90%;1302;1303;10;13;1280;7;779;278;63;133;20
13_44;10;Maison-Blanche;13;65;1591;580;36,46%;1011;1011;13;7;991;12;586;195;52;138;8
13_45;10;Maison-Blanche;13;89;1602;547;34,14%;1055;1055;15;6;1034;8;587;233;51;138;17
13_46;10;Maison-Blanche;13;92;1647;578;35,09%;1067;1069;16;5;1048;9;435;290;62;238;14
13_47;10;Maison-Blanche;13;165;1827;409;22,39%;1416;1418;11;10;1397;6;776;365;82;149;19
13_48;10;Maison-Blanche;13;140;1749;467;26,70%;1282;1282;16;7;1259;5;704;326;66;132;26
13_49;10;Maison-Blanche;13;198;1743;361;20,71%;1382;1382;12;5;1365;5;761;406;64;106;23
13_50;10;Maison-Blanche;13;192;1725;353;20,46%;1372;1372;6;3;1363;7;763;394;70;107;22
13_51;10;Maison-Blanche;13;148;1676;420;25,06%;1256;1256;10;3;1243;7;685;305;93;135;18
13_52;10;Maison-Blanche;13;133;1379;293;21,25%;1086;1086;8;5;1073;9;545;336;60;114;9
13_53;10;Maison-Blanche;13;86;1343;412;30,68%;930;931;2;4;925;8;545;214;44;105;9
13_54;10;Maison-Blanche;13;167;1726;393;22,77%;1333;1333;11;10;1312;11;748;326;60;143;24
13_55;10;Maison-Blanche;13;85;1285;355;27,63%;930;930;8;3;919;8;486;219;53;137;16
13_56;10;Maison-Blanche;13;71;1680;391;23,27%;1286;1289;12;8;1269;8;692;334;71;149;15
13_57;10;Maison-Blanche;13;171;1587;400;25,20%;1186;1187;11;6;1170;10;675;290;65;116;14
13_58;10;Maison-Blanche;13;198;1628;402;24,69%;1225;1226;9;1;1216;6;678;351;52;107;22
13_59;10;Maison-Blanche;13;185;1827;467;25,56%;1361;1360;18;6;1336;9;693;363;102;144;25
13_60;9;Croulebarbe;13;138;1625;440;27,08%;1185;1185;17;8;1160;16;697;268;71;108;0
13_61;9;Croulebarbe;13;74;1183;320;27,05%;863;863;4;7;852;7;430;232;71;112;0
13_62;9;Croulebarbe;13;62;1227;333;27,14%;893;894;5;7;882;12;553;179;54;84;0
13_63;9;Croulebarbe;13;97;1342;357;26,60%;984;985;10;4;971;14;575;185;81;116;0
13_64;9;Croulebarbe;13;128;1599;413;25,83%;1186;1186;11;3;1172;7;666;303;85;111;0
13_65;9;Croulebarbe;13;198;1608;330;20,52%;1283;1278;15;4;1259;15;655;351;130;108;0
13_66;9;Croulebarbe;13;171;1635;360;22,02%;1275;1275;10;7;1258;19;607;411;86;135;0
13_67;9;Croulebarbe;13;138;1325;266;20,08%;1056;1059;8;3;1048;10;482;362;104;90;0
13_68;9;Gare;13;119;1375;368;26,76%;1007;1007;13;4;990;9;486;303;79;113;0
13_69;10;Maison-Blanche;13;142;1441;331;22,97%;1110;1110;13;2;1095;5;602;302;65;109;12
13_70;9;Gare;13;244;1766;361;20,44%;1404;1405;11;3;1391;8;696;479;106;102;0
13_71;9;Gare;13;211;1794;398;22,19%;1397;1396;10;6;1380;12;692;441;113;122;0
13_72;9;Gare;13;192;1550;364;23,48%;1186;1186;12;7;1167;9;609;344;96;109;0
14_01;11;Petit-Montrouge;14;173;1392;295;21,19%;1096;1097;8;1;1088;3;529;381;87;88;0
14_02;11;Petit-Montrouge;14;220;1446;286;19,78%;1160;1160;5;3;1152;6;554;444;58;90;0
14_03;11;Petit-Montrouge;14;149;1499;305;20,35%;1194;1194;16;2;1176;5;568;402;72;129;0
14_04;11;Petit-Montrouge;14;195;1441;270;18,74%;1171;1171;5;2;1164;3;527;426;82;126;0
14_05;11;Petit-Montrouge;14;201;1567;319;20,36%;1248;1248;12;4;1232;4;621;393;85;129;0
14_06;11;Petit-Montrouge;14;98;1424;404;28,37%;1020;1020;11;6;1003;9;506;257;80;151;0
14_07;11;Petit-Montrouge;14;157;1425;300;21,05%;1125;1125;15;5;1105;5;475;434;74;117;0
14_08;11;Petit-Montrouge;14;149;1574;390;24,78%;1184;1184;9;1;1174;8;512;413;74;167;0
14_09;11;Petit-Montrouge;14;179;1518;334;22,00%;1184;1184;7;2;1175;3;558;419;85;110;0
14_10;11;Petit-Montrouge;14;231;1542;350;22,70%;1192;1192;3;1;1188;5;485;506;83;109;0
14_11;11;Petit-Montrouge;14;221;1656;327;19,75%;1329;1329;6;8;1315;1;727;435;59;92;1
14_12;11;Petit-Montrouge;14;162;1606;347;21,61%;1258;1259;11;1;1247;6;552;465;69;155;0
14_13;11;Petit-Montrouge;14;178;1599;397;24,83%;1202;1202;10;2;1190;9;660;332;58;131;0
14_14;11;Plaisance;14;131;1494;382;25,57%;1110;1112;18;6;1088;3;557;307;84;136;1
14_15;11;Plaisance;14;175;1489;331;22,23%;1158;1158;10;5;1143;2;585;386;68;102;0
14_16;11;Plaisance;14;168;1629;423;25,97%;1207;1206;9;5;1192;8;655;314;67;145;3
14_17;11;Plaisance;14;159;1727;489;28,31%;1235;1238;10;4;1224;9;733;304;62;116;0
14_18;11;Plaisance;14;117;1388;401;28,89%;986;987;18;5;964;9;546;222;56;131;0
14_19;11;Plaisance;14;60;1467;513;34,97%;955;954;13;3;938;8;538;162;55;173;2
14_20;11;Plaisance;14;139;1516;412;27,18%;1104;1104;11;5;1088;4;646;251;57;130;0
14_21;11;Plaisance;14;139;1534;404;26,34%;1128;1130;14;5;1111;6;646;285;46;127;1
14_22;11;Plaisance;14;201;1610;395;24,53%;1215;1215;9;4;1202;7;651;375;59;110;0
14_23;11;Plaisance;14;102;1526;320;20,97%;1206;1206;5;2;1199;1;647;365;64;122;0
14_24;11;Plaisance;14;162;1171;250;21,35%;921;921;3;3;915;0;229;457;115;114;0
14_25;11;Plaisance;14;170;1354;286;21,12%;1067;1068;10;1;1057;1;263;531;115;147;0
14_26;11;Montparnasse;14;169;1263;295;23,36%;968;968;7;2;959;0;294;424;90;151;0
14_27;11;Montparnasse;14;176;1260;295;23,41%;965;965;5;2;958;0;265;483;120;90;0
14_28;11;Petit-Montrouge;14;223;1564;398;25,45%;1163;1166;12;1;1153;1;337;547;110;157;1
14_29;11;Petit-Montrouge;14;201;1529;326;21,32%;1203;1203;8;1;1194;3;381;539;115;155;1
14_30;11;Montparnasse;14;153;1051;212;20,17%;840;839;6;3;830;1;233;365;93;136;2
14_31;11;Montparnasse;14;157;1030;193;18,74%;837;837;6;3;828;7;216;422;73;110;0
14_32;11;Montparnasse;14;149;1191;267;22,42%;924;924;8;3;913;1;252;422;85;153;0
14_33;11;Montparnasse;14;151;1179;267;22,65%;912;912;8;3;901;2;279;448;70;102;0
14_34;11;Parc-de-Montsouris;14;187;1330;263;19,77%;1067;1067;7;1;1059;2;303;530;95;129;0
14_35;11;Parc-de-Montsouris;14;146;1312;325;24,77%;986;987;12;6;969;3;433;357;75;100;1
14_36;11;Parc-de-Montsouris;14;97;1098;243;22,13%;853;855;3;2;850;1;313;344;99;93;0
14_37;11;Parc-de-Montsouris;14;155;1402;342;24,39%;1060;1060;1;3;1056;1;399;434;82;139;1
14_38;11;Parc-de-Montsouris;14;201;1476;294;19,92%;1182;1182;7;2;1173;6;477;516;70;104;0
14_39;11;Parc-de-Montsouris;14;163;1383;300;21,69%;1083;1083;5;3;1075;2;481;394;58;139;1
14_40;10;Parc-de-Montsouris;14;138;1547;382;24,69%;1165;1165;7;4;1154;6;597;362;65;117;7
14_41;10;Parc-de-Montsouris;14;242;1784;463;25,95%;1320;1321;4;3;1314;3;639;461;83;115;13
14_42;10;Petit-Montrouge;14;129;1196;320;26,76%;876;876;5;2;869;3;444;234;56;120;12
14_43;10;Petit-Montrouge;14;155;1516;370;24,41%;1146;1146;13;9;1124;3;535;343;95;131;17
14_44;10;Petit-Montrouge;14;98;1334;401;30,06%;933;933;11;4;918;10;535;169;42;152;10
14_45;10;Petit-Montrouge;14;64;1220;404;33,11%;816;816;9;4;803;5;515;127;30;120;6
14_46;10;Plaisance;14;111;1344;400;29,76%;944;944;5;1;938;5;503;212;63;147;8
14_47;10;Plaisance;14;147;1404;314;22,36%;1090;1090;7;4;1079;2;523;359;81;101;13
14_48;10;Plaisance;14;48;1419;423;29,81%;995;996;11;5;980;5;481;256;80;150;8
14_49;10;Plaisance;14;132;1539;480;31,19%;1059;1059;12;5;1042;7;554;277;62;132;10
14_50;10;Plaisance;14;133;1674;408;24,37%;1266;1266;9;4;1253;6;623;389;90;140;5
14_51;10;Plaisance;14;205;1531;357;23,32%;1174;1174;8;5;1161;3;513;414;96;115;20
14_52;10;Plaisance;14;82;1411;420;29,77%;991;991;8;4;979;7;480;280;55;152;5
14_53;10;Plaisance;14;64;1531;527;34,42%;1004;1004;6;3;995;14;521;203;63;186;8
14_54;10;Plaisance;14;72;1482;559;37,72%;923;923;7;5;911;9;446;217;60;164;15
14_55;10;Plaisance;14;115;1524;452;29,66%;1071;1072;14;6;1052;11;506;277;79;169;10
14_56;10;Plaisance;14;107;1810;586;32,38%;1224;1224;10;4;1210;9;586;302;89;211;13
14_57;10;Plaisance;14;63;1461;533;36,48%;928;928;16;9;903;9;439;172;58;213;12
14_58;10;Petit-Montrouge;14;37;1523;659;43,27%;863;864;9;6;849;14;477;135;41;176;6
15_01;12;Saint-Lambert;15;113;1219;296;24,28%;923;923;11;0;912;4;282;360;120;146;0
15_02;12;Saint-Lambert;15;172;1344;280;20,83%;1064;1064;4;3;1057;5;312;411;158;171;0
15_03;12;Necker;15;176;1706;443;25,97%;1263;1263;11;6;1246;1;392;489;176;188;0
15_04;12;Saint-Lambert;15;163;1383;330;23,86%;1053;1053;6;1;1046;3;363;361;152;167;0
15_05;12;Necker;15;139;1613;455;28,21%;1158;1158;8;2;1148;1;516;336;108;187;0
15_06;12;Grenelle;15;126;1313;327;24,90%;984;986;5;5;976;12;363;324;101;176;0
15_07;12;Grenelle;15;165;1718;462;26,89%;1256;1256;8;5;1243;1;445;444;164;189;0
15_08;12;Grenelle;15;199;1491;309;20,72%;1179;1182;14;0;1168;2;258;574;167;167;0
15_09;12;Grenelle;15;221;1595;386;24,20%;1209;1209;9;3;1197;2;256;536;195;208;0
15_10;12;Grenelle;15;211;1601;369;23,05%;1231;1232;10;2;1220;4;358;500;167;191;0
15_11;12;Grenelle;15;148;1587;424;26,72%;1163;1163;10;3;1150;1;403;442;129;175;0
15_12;12;Grenelle;15;131;1471;428;29,10%;1043;1043;13;10;1020;5;463;295;111;146;0
15_13;12;Grenelle;15;164;1487;357;24,01%;1130;1130;5;2;1123;5;338;456;150;174;0
15_14;12;Grenelle;15;190;1554;366;23,55%;1188;1188;10;8;1170;1;349;484;146;190;0
15_15;12;Grenelle;15;183;1500;341;22,73%;1158;1159;4;5;1150;6;353;454;171;166;0
15_16;12;Grenelle;15;184;1557;338;21,71%;1219;1219;9;2;1208;3;330;515;188;172;0
15_17;12;Grenelle;15;200;1549;297;19,17%;1252;1252;6;3;1243;1;356;516;167;203;0
15_18;12;Grenelle;15;211;1581;340;21,51%;1238;1241;8;2;1231;6;397;478;165;185;0
15_19;12;Grenelle;15;171;1609;374;23,24%;1233;1235;11;6;1218;5;430;474;139;170;0
15_20;12;Grenelle;15;224;1689;433;25,64%;1255;1256;11;9;1236;1;437;490;140;168;0
15_21;12;Grenelle;15;171;1635;347;21,22%;1291;1288;6;0;1282;2;451;475;160;194;0
15_22;12;Grenelle;15;167;1567;335;21,38%;1231;1232;8;4;1220;4;404;485;162;165;0
15_23;12;Necker;15;116;1588;447;28,15%;1143;1141;8;8;1125;9;518;289;127;182;0
15_24;12;Necker;15;84;1518;564;37,15%;953;954;14;6;934;3;515;176;83;157;0
15_25;12;Necker;15;104;1526;442;28,96%;1083;1084;10;5;1069;9;454;307;113;186;0
15_26;12;Necker;15;183;1577;396;25,11%;1181;1181;10;3;1168;3;454;367;173;171;0
15_27;12;Necker;15;105;1057;310;29,33%;747;747;8;7;732;5;268;255;103;101;0
15_28;12;Necker;15;174;1770;455;25,71%;1314;1315;1;5;1309;1;419;538;178;173;0
15_29;12;Necker;15;206;1577;415;26,32%;1162;1162;11;1;1150;3;368;476;154;149;0
15_30;12;Necker;15;188;1364;285;20,89%;1079;1079;10;1;1068;4;352;449;140;123;0
15_31;12;Necker;15;173;1573;390;24,79%;1184;1183;7;7;1169;6;364;462;162;175;0
15_32;12;Necker;15;166;1633;493;30,19%;1140;1140;7;3;1130;5;359;469;106;191;0
15_33;12;Necker;15;181;1607;425;26,45%;1182;1182;5;4;1173;10;313;513;147;190;0
15_34;12;Necker;15;180;1716;382;22,26%;1334;1334;7;3;1324;1;369;576;177;201;0
15_35;12;Necker;15;198;1671;412;24,66%;1259;1259;11;2;1246;1;419;528;128;170;0
15_36;12;Necker;15;175;1785;505;28,29%;1280;1280;9;3;1268;1;394;523;157;193;0
15_37;12;Necker;15;121;1508;471;31,23%;1036;1037;9;3;1025;0;268;382;161;214;0
15_38;12;Necker;15;217;1769;403;22,78%;1366;1366;8;2;1356;3;365;523;236;229;0
15_39;12;Necker;15;180;1575;399;25,33%;1176;1176;8;1;1167;4;315;327;199;322;0
15_40;12;Necker;15;157;1433;306;21,35%;1127;1127;4;6;1117;1;290;398;168;260;0
15_41;12;Necker;15;128;1256;311;24,76%;944;945;12;2;931;1;233;368;165;164;0
15_42;12;Necker;15;167;1403;340;24,23%;1063;1063;9;3;1051;0;238;469;189;155;0
15_43;12;Saint-Lambert;15;184;1468;321;21,87%;1147;1147;6;3;1138;0;219;536;206;177;0
15_44;12;Saint-Lambert;15;201;1456;317;21,77%;1139;1139;4;1;1134;2;302;486;176;168;0
15_45;13;Saint-Lambert;15;133;1657;458;27,64%;1199;1199;16;2;1181;1;533;412;60;167;8
15_46;13;Saint-Lambert;15;138;1465;363;24,78%;1102;1102;5;5;1092;3;397;460;69;160;3
15_47;13;Saint-Lambert;15;148;1646;480;29,16%;1166;1166;15;6;1145;5;573;367;48;148;4
15_48;13;Saint-Lambert;15;58;1581;582;36,81%;999;999;11;8;980;13;522;217;29;193;6
15_49;13;Saint-Lambert;15;83;1657;580;35,00%;1077;1077;11;14;1052;15;525;263;38;202;9
15_50;13;Saint-Lambert;15;100;1444;463;32,06%;981;981;11;6;964;7;418;338;49;148;4
15_51;13;Saint-Lambert;15;146;1696;453;26,71%;1243;1243;19;4;1220;9;492;439;98;176;6
15_52;13;Saint-Lambert;15;77;1557;524;33,65%;1034;1033;11;6;1016;9;481;271;49;199;7
15_53;13;Saint-Lambert;15;160;1559;456;29,25%;1103;1103;10;3;1090;4;483;384;56;159;4
15_54;13;Saint-Lambert;15;157;1546;405;26,20%;1141;1141;17;4;1120;4;448;433;62;171;2
15_55;13;Saint-Lambert;15;173;1582;386;24,40%;1199;1196;10;2;1184;5;476;436;69;197;1
15_56;13;Saint-Lambert;15;150;1799;475;26,40%;1324;1324;13;8;1303;5;517;527;71;174;9
15_57;13;Saint-Lambert;15;160;1567;368;23,48%;1197;1199;2;3;1194;3;414;567;72;135;3
15_58;13;Saint-Lambert;15;185;1564;379;24,23%;1185;1185;10;7;1168;6;445;479;74;153;11
15_59;13;Saint-Lambert;15;120;1430;390;27,27%;1040;1040;11;3;1026;3;326;437;66;191;3
15_60;13;Saint-Lambert;15;183;1654;379;22,91%;1273;1275;9;3;1263;3;454;517;104;183;2
15_61;13;Saint-Lambert;15;152;1513;355;23,46%;1158;1158;7;5;1146;7;438;459;81;158;3
15_62;13;Saint-Lambert;15;183;1560;394;25,26%;1166;1166;6;7;1153;1;420;489;87;155;1
15_63;13;Saint-Lambert;15;161;1379;310;22,48%;1069;1069;5;5;1059;2;333;476;87;156;5
15_64;13;Saint-Lambert;15;136;1401;364;25,98%;1036;1037;7;2;1028;5;329;429;66;193;6
15_65;13;Saint-Lambert;15;141;1355;293;21,62%;1062;1062;15;6;1041;1;377;391;72;194;6
15_66;13;Saint-Lambert;15;155;1604;429;26,75%;1175;1175;14;4;1157;0;405;480;68;196;8
15_67;13;Saint-Lambert;15;146;1626;471;28,97%;1155;1155;8;8;1139;1;469;427;53;184;5
15_68;13;Saint-Lambert;15;297;1738;445;25,60%;1292;1293;7;4;1282;2;465;549;84;174;8
15_69;13;Saint-Lambert;15;154;1798;541;30,09%;1256;1257;9;5;1243;2;599;381;53;203;5
15_70;13;Saint-Lambert;15;152;1580;403;25,51%;1177;1177;11;2;1164;4;462;452;78;164;4
15_71;13;Saint-Lambert;15;175;1709;435;25,45%;1274;1274;10;9;1255;5;445;517;85;200;3
15_72;13;Saint-Lambert;15;112;1509;455;30,15%;1053;1054;17;2;1035;6;387;384;67;191;0
15_73;13;Saint-Lambert;15;124;1314;322;24,51%;992;992;5;3;984;4;306;444;68;158;4
15_74;13;Javel;15;161;1391;319;22,93%;1071;1072;13;7;1052;0;336;480;97;134;5
15_75;13;Javel;15;175;1512;352;23,28%;1159;1160;12;3;1145;4;346;516;82;192;5
15_76;13;Javel;15;137;1615;449;27,80%;1166;1166;5;0;1161;5;390;493;71;197;5
15_77;13;Javel;15;130;1440;394;27,36%;1045;1046;5;3;1038;3;335;454;65;177;4
15_78;13;Javel;15;54;1243;506;40,71%;736;737;6;4;727;6;415;161;13;128;4
15_79;13;Javel;15;132;1500;424;28,27%;1074;1076;16;6;1054;4;453;360;62;172;3
15_80;13;Javel;15;75;1081;288;26,64%;792;793;5;2;786;1;370;277;20;112;6
15_81;13;Javel;15;121;1284;324;25,23%;960;960;9;6;945;3;368;378;60;132;4
15_82;13;Javel;15;105;1597;466;29,18%;1131;1131;13;3;1115;2;478;368;60;204;3
15_83;13;Javel;15;174;1489;378;25,39%;1111;1111;9;4;1098;3;370;511;63;147;4
15_84;13;Javel;15;104;1461;423;28,95%;1038;1038;11;7;1020;9;428;361;59;159;4
15_85;13;Javel;15;174;1543;384;24,89%;1159;1159;6;1;1152;2;329;571;102;144;4
15_86;13;Javel;15;155;1476;387;26,22%;1089;1089;9;4;1076;3;366;455;72;175;5
15_87;13;Javel;15;170;1797;465;25,88%;1332;1332;8;5;1319;5;556;468;73;216;1
15_88;13;Javel;15;116;1328;345;25,98%;983;983;11;8;964;4;350;402;64;141;3
15_89;13;Javel;15;145;1475;373;25,29%;1102;1102;14;3;1085;2;397;428;76;177;5
15_90;13;Saint-Lambert;15;146;1526;404;26,47%;1122;1122;10;6;1106;5;349;479;80;188;5
15_91;13;Saint-Lambert;15;157;1469;358;24,37%;1111;1111;10;3;1098;5;313;517;80;177;6
15_92;13;Javel;15;103;1556;441;28,34%;1115;1115;5;3;1107;4;407;419;73;197;7
15_93;13;Javel;15;133;1557;416;26,72%;1141;1141;12;2;1127;6;428;463;85;140;5
15_94;13;Javel;15;113;1520;491;32,30%;1029;1029;11;6;1012;10;436;347;50;167;2
15_95;13;Javel;15;106;1401;413;29,48%;988;988;13;1;974;5;374;365;49;177;4
16_01;14;Muette;16;161;1290;323;25,04%;966;967;4;3;960;1;99;552;254;248;0
16_02;14;Muette;16;129;1292;349;27,01%;943;943;4;2;937;0;110;574;271;238;0
16_03;14;Muette;16;193;1840;541;29,40%;1298;1299;4;2;1293;1;86;516;225;213;0
16_04;14;Muette;16;166;1683;533;31,67%;1151;1150;7;4;1139;0;82;700;246;259;0
16_05;14;Muette;16;179;1557;399;25,63%;1158;1158;2;2;1154;2;88;420;165;157;0
16_06;14;Muette;16;187;1602;402;25,09%;1198;1200;3;4;1193;2;84;506;200;198;0
16_07;14;Muette;16;133;1532;484;31,59%;1048;1048;6;1;1041;1;109;554;213;207;0
16_08;14;Porte Dauphine;16;234;1761;471;26,75%;1287;1290;2;1;1287;1;78;507;189;185;0
16_09;14;Porte Dauphine;16;154;1131;294;25,99%;837;837;5;0;832;2;96;475;176;188;0
16_10;14;Muette;16;157;1319;325;24,64%;995;994;1;3;990;2;120;512;207;200;0
16_11;14;Muette;16;163;1500;404;26,93%;1094;1096;9;3;1084;2;83;519;211;177;0
16_12;14;Muette;16;148;1511;464;30,71%;1047;1047;5;1;1041;0;106;506;210;201;0
16_13;14;Muette;16;156;1317;318;24,15%;999;999;6;1;992;1;143;550;199;197;0
16_14;14;Muette;16;151;1384;352;25,43%;1032;1032;9;0;1023;0;96;468;190;195;0
16_15;14;Muette;16;152;1477;378;25,59%;1099;1099;6;3;1090;0;97;554;203;234;0
16_16;14;Muette;16;137;1318;356;27,01%;962;962;12;1;949;2;118;548;190;201;0
16_17;14;Muette;16;164;1466;367;25,03%;1099;1099;7;4;1088;3;87;597;213;171;0
16_18;14;Muette;16;173;1374;309;22,49%;1065;1065;5;1;1059;1;91;568;217;211;0
16_19;14;Muette;16;173;1427;352;24,67%;1075;1075;3;1;1071;2;125;491;193;190;0
16_20;14;Muette;16;179;1502;407;27,10%;1095;1095;4;3;1088;2;101;605;223;208;0
16_21;14;Auteuil;16;152;1398;393;28,11%;998;1005;3;1;1001;3;213;543;178;225;0
16_22;14;Auteuil;16;191;1561;418;26,78%;1143;1143;2;2;1139;1;154;599;226;257;0
16_23;14;Auteuil;16;156;1200;263;21,92%;937;937;6;2;929;1;117;514;233;227;0
16_24;14;Auteuil;16;121;1491;440;29,51%;1051;1051;14;3;1034;1;171;549;195;282;0
16_25;14;Auteuil;16;178;1573;398;25,30%;1175;1175;10;3;1162;5;161;499;190;218;0
16_26;14;Auteuil;16;193;1697;447;26,34%;1250;1250;7;6;1237;0;118;584;267;201;0
16_27;14;Auteuil;16;187;1461;363;24,85%;1097;1098;5;1;1092;3;94;510;252;216;0
16_28;14;Auteuil;16;147;1737;526;30,28%;1211;1211;9;4;1198;0;118;492;202;171;0
16_29;14;Auteuil;16;125;1495;412;27,56%;1083;1083;9;1;1073;3;100;499;193;198;0
16_30;14;Auteuil;16;171;1533;354;23,09%;1179;1179;4;5;1170;0;186;457;180;203;0
16_31;14;Auteuil;16;165;1424;347;24,37%;1077;1077;0;2;1075;2;112;550;196;200;0
16_32;14;Auteuil;16;126;1311;319;24,33%;992;992;7;2;983;3;225;486;182;221;0
16_33;14;Auteuil;16;145;1349;347;25,72%;1002;1002;5;4;993;3;187;550;217;202;0
16_34;14;Auteuil;16;137;1415;380;26,86%;1032;1035;7;2;1026;1;113;577;208;229;0
16_35;14;Muette;16;157;1428;363;25,42%;1065;1065;4;1;1060;0;89;488;172;180;0
16_36;14;Muette;16;162;1543;414;26,83%;1129;1129;10;2;1117;6;207;452;148;221;0
16_37;14;Auteuil;16;164;1526;355;23,26%;1171;1171;8;4;1159;0;118;538;184;216;0
16_38;14;Auteuil;16;157;1526;384;25,16%;1142;1142;12;2;1128;1;193;599;218;193;0
16_39;14;Auteuil;16;188;1398;333;23,82%;1065;1065;7;2;1056;1;192;538;167;195;0
16_40;14;Auteuil;16;175;1614;401;24,85%;1211;1213;7;2;1204;7;255;351;122;204;0
16_41;14;Auteuil;16;169;1614;504;31,23%;1110;1110;10;7;1093;4;232;462;167;213;0
16_42;14;Auteuil;16;92;1462;507;34,68%;954;955;10;6;939;4;129;391;172;159;0
16_43;14;Auteuil;16;143;1591;494;31,05%;1097;1097;4;15;1078;3;189;414;161;201;0
16_44;14;Auteuil;16;141;1159;299;25,80%;859;860;5;0;855;9;290;229;79;207;0
16_45;14;Auteuil;16;108;1315;336;25,55%;979;979;8;3;968;4;235;385;120;187;0
16_46;14;Auteuil;16;84;1281;447;34,89%;834;834;15;5;814;6;306;239;73;168;0
16_47;14;Auteuil;16;105;1390;453;32,59%;937;937;5;1;931;6;291;464;142;219;0
16_48;14;Auteuil;16;76;1212;411;33,91%;801;801;7;2;792;1;161;469;213;192;0
16_49;14;Auteuil;16;102;1609;471;29,27%;1157;1138;10;6;1122;3;220;537;215;242;0
16_50;14;Auteuil;16;146;1457;403;27,66%;1054;1054;15;3;1036;10;159;573;233;267;0
16_51;14;Porte Dauphine;16;145;1665;439;26,37%;1226;1226;7;2;1217;1;197;593;247;255;0
16_52;14;Porte Dauphine;16;159;1690;440;26,04%;1250;1250;4;4;1242;6;162;498;242;231;0
16_53;4;Porte Dauphine;16;139;1493;456;30,54%;1037;1037;4;6;1027;3;125;386;257;255;1
16_54;4;Porte Dauphine;16;135;1472;484;32,88%;988;988;3;2;983;1;93;428;242;215;4
16_55;4;Porte Dauphine;16;156;1737;504;29,02%;1241;1233;9;2;1222;5;148;472;320;276;1
16_56;4;Porte Dauphine;16;117;1520;456;30,00%;1064;1064;5;9;1050;1;80;450;283;231;5
16_57;4;Porte Dauphine;16;130;1552;447;28,80%;1106;1105;4;12;1089;6;148;366;293;271;5
16_58;4;Porte Dauphine;16;147;1645;528;32,10%;1117;1117;8;1;1108;2;101;438;314;249;4
16_59;4;Porte Dauphine;16;159;1539;411;26,71%;1128;1128;7;2;1119;1;69;496;297;255;1
16_60;4;Porte Dauphine;16;141;1526;420;27,52%;1106;1106;6;2;1098;0;104;420;309;260;5
16_61;4;Chaillot;16;152;1457;428;29,38%;1029;1029;6;3;1020;3;133;408;220;255;1
16_62;4;Chaillot;16;157;1532;450;29,37%;1082;1082;12;1;1069;1;145;481;215;225;2
16_63;4;Chaillot;16;120;1527;462;30,26%;1068;1065;8;5;1052;3;128;437;229;255;0
16_64;4;Chaillot;16;137;1309;433;33,08%;876;876;5;3;868;1;127;330;208;200;2
16_65;4;Chaillot;16;124;1431;461;32,22%;969;970;4;1;965;1;127;411;207;217;2
16_66;4;Chaillot;16;106;1258;426;33,86%;830;832;4;3;825;1;116;321;201;185;1
16_67;4;Chaillot;16;123;1375;448;32,58%;925;927;5;8;914;3;90;404;207;208;2
16_68;4;Chaillot;16;135;1434;497;34,66%;933;937;5;1;931;1;159;343;189;238;1
17_01;3;Batignolles;17;215;1494;344;23,03%;1150;1150;7;6;1137;4;408;509;114;102;0
17_02;3;Batignolles;17;196;1460;309;21,16%;1151;1151;5;2;1144;3;389;546;123;83;0
17_03;3;Batignolles;17;219;1522;344;22,60%;1178;1178;7;4;1167;6;464;483;115;99;0
17_04;3;Batignolles;17;201;1558;353;22,66%;1205;1205;11;5;1189;8;537;454;109;81;0
17_05;3;Batignolles;17;191;1488;294;19,76%;1196;1194;11;1;1182;5;400;531;144;102;0
17_06;3;Batignolles;17;200;1437;331;23,03%;1106;1106;4;3;1099;5;344;530;116;104;0
17_07;3;Batignolles;17;169;1446;301;20,82%;1145;1145;7;5;1133;1;425;492;119;96;0
17_08;3;Epinettes;17;175;1491;355;23,81%;1136;1136;14;5;1117;2;365;525;113;112;0
17_09;3;Epinettes;17;172;1460;305;20,89%;1154;1155;5;0;1150;5;359;508;159;119;0
17_10;3;Batignolles;17;193;1489;305;20,48%;1184;1184;12;0;1172;1;338;560;158;115;0
17_11;3;Batignolles;17;0;1626;401;24,66%;1225;1225;6;2;1217;3;406;539;152;117;0
17_12;3;Batignolles;17;194;1605;373;23,24%;1232;1232;12;2;1218;5;357;562;154;140;0
17_13;3;Batignolles;17;149;1468;386;26,29%;1081;1082;7;3;1072;7;313;469;147;136;0
17_14;3;Batignolles;17;61;1479;519;35,09%;959;960;11;5;944;20;496;208;87;133;0
17_15;3;Batignolles;17;76;1630;559;34,29%;1071;1071;18;6;1047;14;487;294;106;146;0
17_16;3;Batignolles;17;122;1636;351;21,45%;1285;1285;12;3;1270;6;617;409;141;97;0
17_17;3;Batignolles;17;203;1547;302;19,52%;1246;1245;10;3;1232;2;405;581;145;99;0
17_18;3;Epinettes;17;110;1593;267;16,76%;1326;1326;7;2;1317;2;490;585;146;94;0
17_19;3;Epinettes;17;101;1641;571;34,80%;1068;1070;8;6;1056;11;561;270;80;134;0
17_20;3;Epinettes;17;56;1245;506;40,64%;739;739;11;3;725;15;441;150;46;73;0
17_21;3;Epinettes;17;55;1375;539;39,20%;836;836;6;12;818;16;452;149;55;146;0
17_22;3;Epinettes;17;154;1533;392;25,57%;1139;1141;10;7;1124;8;537;352;105;122;0
17_23;3;Epinettes;17;107;1183;352;29,75%;831;831;5;3;823;6;439;226;54;98;0
17_24;3;Epinettes;17;42;1474;587;39,82%;887;887;11;12;864;13;553;148;34;116;0
17_25;3;Epinettes;17;109;1160;259;22,33%;901;901;6;3;892;8;457;274;67;86;0
17_26;3;Epinettes;17;82;1186;366;30,86%;820;820;9;4;807;12;465;180;55;95;0
17_27;3;Epinettes;17;185;1655;475;28,70%;1180;1180;8;4;1168;6;608;366;90;98;0
17_28;3;Epinettes;17;91;1442;499;34,60%;943;943;11;13;919;15;508;219;58;119;0
17_29;3;Epinettes;17;172;1621;413;25,48%;1208;1208;13;4;1191;5;500;473;83;130;0
17_30;3;Epinettes;17;192;1680;426;25,36%;1254;1254;12;4;1238;9;628;421;73;107;0
17_31;3;Epinettes;17;133;1288;303;23,52%;985;985;7;2;976;4;484;338;71;79;0
17_32;3;Epinettes;17;170;1553;383;24,66%;1170;1170;12;1;1157;7;556;392;95;107;0
17_33;3;Epinettes;17;151;1276;294;23,04%;982;982;12;2;968;4;441;369;76;78;0
17_34;3;Epinettes;17;217;1682;413;24,55%;1269;1269;8;1;1260;1;626;422;105;106;0
17_35;3;Epinettes;17;173;1468;338;23,02%;1130;1130;8;4;1118;7;549;386;96;80;0
17_36;4;Plaine-de-Monceaux;17;88;1602;567;35,39%;1035;1035;10;4;1021;10;561;131;171;146;2
17_37;4;Plaine-de-Monceaux;17;147;1419;310;21,85%;1111;1109;0;0;1109;2;159;371;404;168;5
17_38;4;Plaine-de-Monceaux;17;83;1442;428;29,68%;1014;1014;8;11;995;8;366;184;252;177;8
17_39;4;Plaine-de-Monceaux;17;45;1456;531;36,47%;910;925;12;9;904;10;448;83;180;177;6
17_40;4;Plaine-de-Monceaux;17;136;1538;391;25,42%;1147;1147;10;3;1134;3;271;301;340;212;7
17_41;4;Ternes;17;212;1594;374;23,46%;1220;1220;6;0;1214;2;155;459;381;213;4
17_42;4;Ternes;17;186;1533;342;22,31%;1191;1191;10;3;1178;0;167;497;368;143;3
17_43;4;Plaine-de-Monceaux;17;168;1553;369;23,76%;1184;1184;6;3;1175;0;151;529;348;146;1
17_44;4;Plaine-de-Monceaux;17;198;1600;368;23,00%;1232;1232;7;3;1222;0;204;527;313;177;1
17_45;4;Plaine-de-Monceaux;17;230;1682;381;22,65%;1301;1301;7;3;1291;0;257;579;288;164;3
17_46;4;Plaine-de-Monceaux;17;189;1565;348;22,24%;1216;1217;7;5;1205;5;319;452;283;144;2
17_47;4;Plaine-de-Monceaux;17;210;1487;331;22,26%;1156;1156;2;1;1153;2;176;471;326;173;5
17_48;4;Plaine-de-Monceaux;17;177;1464;336;22,95%;1128;1128;7;2;1119;1;172;515;286;144;1
17_49;4;Plaine-de-Monceaux;17;190;1433;268;18,70%;1164;1165;4;0;1161;1;193;481;319;163;4
17_50;4;Plaine-de-Monceaux;17;205;1559;313;20,08%;1246;1246;3;0;1243;1;158;548;368;167;1
17_51;4;Plaine-de-Monceaux;17;235;1506;317;21,05%;1189;1189;3;2;1184;0;189;457;388;147;3
17_52;4;Plaine-de-Monceaux;17;172;1529;331;21,65%;1198;1198;7;1;1190;2;222;452;332;177;5
17_53;4;Ternes;17;168;1684;426;25,30%;1258;1258;7;4;1247;3;182;449;381;227;5
17_54;4;Ternes;17;169;1637;378;23,09%;1257;1259;2;3;1254;1;213;448;372;219;1
17_55;4;Ternes;17;206;1652;394;23,85%;1258;1258;9;1;1248;1;229;522;340;155;1
17_56;4;Ternes;17;189;1603;442;27,57%;1161;1161;7;3;1151;3;256;426;312;149;5
17_57;4;Ternes;17;102;1548;505;32,62%;1041;1043;11;2;1030;2;374;187;245;215;7
17_58;4;Ternes;17;91;1416;425;30,01%;994;991;10;1;980;1;331;203;241;201;3
17_59;4;Ternes;17;91;1532;486;31,72%;1046;1046;8;3;1035;4;231;294;296;204;6
17_60;4;Ternes;17;145;1476;408;27,64%;1068;1068;4;2;1062;0;192;404;317;146;3
17_61;4;Ternes;17;193;1492;320;21,45%;1172;1172;9;4;1159;1;184;433;374;163;4
17_62;4;Ternes;17;164;1485;346;23,30%;1139;1139;7;4;1128;2;228;413;317;165;3
17_63;4;Ternes;17;148;1516;442;29,16%;1074;1074;6;3;1065;2;203;406;269;183;2
17_64;4;Ternes;17;193;1528;411;26,90%;1117;1117;10;3;1104;2;208;439;284;167;4
17_65;4;Ternes;17;175;1405;291;20,71%;1114;1114;3;2;1109;1;180;468;297;160;3
17_66;4;Ternes;17;171;1809;530;29,30%;1279;1279;9;6;1264;1;281;452;333;190;7
17_67;4;Ternes;17;168;1652;413;25,00%;1239;1239;7;2;1230;1;205;505;331;185;3
17_68;3;Batignolles;17;102;1602;334;20,85%;1268;1268;12;2;1254;7;534;493;114;106;0
17_69;3;Epinettes;17;75;1019;285;27,97%;734;734;9;6;719;7;383;208;53;68;0
18_01;18;Clignancourt;18;197;1568;351;22,39%;1217;1217;11;3;1203;3;602;468;43;82;5
18_02;18;Clignancourt;18;207;1596;354;22,18%;1242;1242;6;4;1232;1;590;513;44;84;0
18_03;18;Clignancourt;18;186;1550;391;25,23%;1159;1159;8;1;1150;2;472;483;76;117;0
18_04;18;Clignancourt;18;218;1866;410;21,97%;1456;1456;9;11;1436;5;747;501;56;125;2
18_05;18;Clignancourt;18;196;1274;247;19,39%;1026;1027;8;1;1018;3;480;397;56;82;0
18_06;18;Clignancourt;18;165;1435;354;24,67%;1081;1081;4;4;1073;7;570;364;39;89;4
18_07;18;Clignancourt;18;157;1419;344;24,24%;1074;1075;9;4;1062;10;631;312;33;74;2
18_08;18;Clignancourt;18;160;1482;357;24,09%;1126;1125;8;2;1115;11;649;338;43;69;5
18_09;18;Clignancourt;18;215;1612;353;21,90%;1259;1259;10;7;1242;1;684;418;53;84;2
18_10;18;Clignancourt;18;242;1696;425;25,06%;1271;1271;10;7;1254;4;817;326;32;75;0
18_11;18;Clignancourt;18;165;1608;404;25,12%;1204;1204;9;6;1189;5;718;335;43;87;1
18_12;18;Clignancourt;18;115;1674;596;35,60%;1078;1078;11;9;1058;5;649;234;33;136;1
18_13;18;Clignancourt;18;70;1292;483;37,38%;809;809;10;3;796;6;578;126;23;61;2
18_14;18;Clignancourt;18;153;1879;602;32,04%;1277;1277;11;7;1259;8;871;260;34;82;4
18_15;18;Clignancourt;18;145;1451;404;27,84%;1047;1047;10;3;1034;7;690;220;23;90;4
18_16;18;Clignancourt;18;135;1684;469;27,85%;1215;1215;13;8;1194;8;764;292;33;96;1
18_17;18;Clignancourt;18;229;1865;533;28,58%;1332;1332;12;7;1313;7;926;254;42;84;0
18_18;18;Clignancourt;18;267;1906;405;21,25%;1501;1501;10;9;1482;6;977;390;46;61;2
18_19;18;Clignancourt;18;252;1853;419;22,61%;1434;1434;12;4;1418;7;830;416;52;112;1
18_20;18;Clignancourt;18;226;1813;439;24,21%;1374;1374;6;7;1361;12;835;371;56;85;2
18_21;18;Clignancourt;18;228;1667;377;22,62%;1291;1290;12;6;1272;3;731;381;57;98;2
18_22;18;Clignancourt;18;188;1444;364;25,21%;1081;1080;6;2;1072;5;536;397;53;78;3
18_23;18;Clignancourt;18;202;1577;398;25,24%;1179;1179;5;2;1172;5;576;455;45;91;0
18_24;18;Clignancourt;18;212;1638;362;22,10%;1276;1276;6;5;1265;3;631;480;62;89;0
18_25;18;Grandes Carrières;18;226;1499;279;18,61%;1220;1220;5;1;1214;4;439;618;45;108;0
18_26;18;Grandes Carrières;18;182;1475;366;24,81%;1109;1109;6;2;1101;5;593;389;46;68;0
18_27;18;Grandes Carrières;18;181;1465;356;24,30%;1109;1109;8;4;1097;2;573;398;42;80;2
18_28;18;Grandes Carrières;18;259;1812;390;21,52%;1422;1422;13;4;1405;8;644;579;69;105;0
18_29;18;Grandes Carrières;18;210;1642;359;21,86%;1283;1283;4;9;1270;5;568;549;71;77;0
18_30;18;Grandes Carrières;18;230;1758;384;21,84%;1374;1374;15;5;1354;0;660;500;87;106;1
18_31;18;Grandes Carrières;18;238;1845;397;21,52%;1447;1448;10;1;1437;6;722;498;72;137;2
18_32;18;Grandes Carrières;18;249;1789;414;23,14%;1373;1375;15;8;1352;7;653;486;67;136;3
18_33;18;Grandes Carrières;18;173;1643;430;26,17%;1212;1213;11;6;1196;3;575;466;32;119;1
18_34;18;Grandes Carrières;18;193;1697;448;26,40%;1249;1249;8;7;1234;3;564;474;67;125;1
18_35;18;Grandes Carrières;18;181;1542;314;20,36%;1228;1228;13;1;1214;6;478;566;56;107;1
18_36;18;Grandes Carrières;18;213;1510;320;21,19%;1190;1190;5;4;1181;2;599;444;53;82;1
18_37;18;Grandes Carrières;18;192;1610;384;23,85%;1225;1226;10;5;1211;2;579;465;62;103;0
18_38;3;Grandes Carrières;18;219;1684;368;21,85%;1317;1316;11;4;1301;6;716;412;46;121;0
18_39;3;Grandes Carrières;18;195;1747;439;25,13%;1308;1308;8;7;1293;5;734;383;54;117;0
18_40;3;Grandes Carrières;18;166;1592;382;23,99%;1210;1210;8;2;1200;4;615;412;50;119;0
18_41;3;Grandes Carrières;18;157;1647;501;30,42%;1146;1146;16;8;1122;12;606;325;44;135;0
18_42;3;Grandes Carrières;18;113;1701;566;33,27%;1134;1135;9;13;1113;13;682;264;41;113;0
18_43;3;Grandes Carrières;18;128;1727;531;30,75%;1196;1196;10;10;1176;14;652;319;43;148;0
18_44;3;Grandes Carrières;18;27;1314;611;46,50%;703;703;12;16;675;15;419;107;19;115;0
18_45;3;Grandes Carrières;18;85;1614;595;36,86%;1019;1019;11;9;999;15;659;204;31;90;0
18_46;3;Grandes Carrières;18;125;1448;379;26,17%;1069;1069;3;6;1060;14;580;339;33;94;0
18_47;3;Grandes Carrières;18;180;1319;267;20,24%;1053;1052;13;3;1036;5;583;355;27;66;0
18_48;3;Grandes Carrières;18;154;1377;363;26,36%;1013;1014;10;7;997;10;700;187;27;73;0
18_49;18;Grandes Carrières;18;24;1194;485;40,62%;709;709;14;12;683;6;489;98;9;79;2
18_50;18;Grandes Carrières;18;18;1178;542;46,01%;635;636;7;13;616;15;403;99;13;85;1
18_51;17;Goutte d'Or;18;129;1404;402;28,63%;1002;1002;12;2;988;4;472;321;75;116;0
18_52;17;Goutte d'Or;18;85;1371;491;35,81%;880;880;5;5;870;12;546;170;54;88;0
18_53;17;Goutte d'Or;18;82;2138;864;40,41%;1274;1274;24;8;1242;16;897;153;42;134;0
18_54;17;Goutte d'Or;18;198;1852;519;28,02%;1334;1333;15;10;1308;13;892;259;38;106;0
18_55;17;Goutte d'Or;18;122;1528;490;32,07%;1038;1038;15;8;1015;12;703;185;35;80;0
18_56;17;Goutte d'Or;18;100;1384;426;30,78%;958;958;10;8;940;17;656;147;39;81;0
18_57;17;Goutte d'Or;18;182;1660;489;29,46%;1171;1171;11;6;1154;11;893;148;39;63;0
18_58;17;Goutte d'Or;18;122;1966;810;41,20%;1155;1156;7;8;1141;12;884;152;32;61;0
18_59;17;Chapelle;18;199;1903;635;33,37%;1267;1268;7;8;1253;12;973;180;27;61;0
18_60;17;Chapelle;18;148;1754;532;30,33%;1221;1222;18;6;1198;16;894;177;42;69;0
18_61;17;Chapelle;18;133;1392;393;28,23%;999;999;12;6;981;11;708;164;33;65;0
18_62;17;Chapelle;18;127;1782;639;35,86%;1143;1143;15;7;1121;12;804;180;29;96;0
18_63;17;Chapelle;18;233;1763;490;27,79%;1272;1273;10;3;1260;11;879;238;36;96;0
18_64;17;Chapelle;18;196;1813;531;29,29%;1283;1282;13;5;1264;11;844;259;37;113;0
18_65;17;Chapelle;18;128;1706;584;34,23%;1122;1122;8;10;1104;13;764;183;57;87;0
18_66;18;Clignancourt;18;183;1492;307;20,58%;1185;1185;11;5;1169;2;634;410;34;87;2
18_67;3;Grandes Carrières;18;157;1496;380;25,40%;1112;1116;9;2;1105;10;698;291;26;80;0
18_68;17;Goutte d'Or;18;95;1904;702;36,87%;1202;1202;11;9;1182;6;782;199;54;141;0
19_01;16;Combat;19;150;1603;502;31,32%;1101;1101;15;7;1079;7;634;288;59;91;0
19_02;16;Combat;19;112;1609;482;29,96%;1127;1127;18;4;1105;6;731;242;35;91;0
19_03;16;Combat;19;74;1105;335;30,32%;770;770;12;4;754;6;428;197;44;79;0
19_04;16;Combat;19;131;1389;434;31,25%;954;955;8;5;942;6;578;220;46;92;0
19_05;16;Combat;19;145;1397;376;26,91%;1019;1021;4;4;1013;2;529;307;83;92;0
19_06;16;Combat;19;153;1421;397;27,94%;1024;1024;6;3;1015;6;574;292;50;93;0
19_07;17;Combat;19;72;1830;753;41,15%;1077;1077;14;13;1050;8;746;135;33;128;0
19_08;17;Combat;19;25;1774;839;47,29%;915;935;19;13;903;16;540;165;37;145;0
19_09;16;Combat;19;147;1745;497;28,48%;1249;1248;13;4;1231;8;794;285;53;91;0
19_10;16;Combat;19;191;1684;411;24,41%;1271;1273;14;5;1254;10;778;336;41;89;0
19_11;16;Combat;19;141;1660;426;25,66%;1234;1234;13;8;1213;10;794;278;60;71;0
19_12;16;Combat;19;215;1753;418;23,84%;1335;1335;11;3;1321;8;905;288;41;79;0
19_13;16;Combat;19;204;1755;445;25,36%;1311;1310;10;6;1294;7;813;310;45;119;0
19_14;16;Combat;19;176;1831;593;32,39%;1238;1238;9;15;1214;8;826;233;49;98;0
19_15;16;Combat;19;175;1470;291;19,80%;1178;1179;7;5;1167;6;750;281;53;76;1
19_16;16;Combat;19;168;1788;422;23,60%;1366;1366;11;6;1349;5;807;360;63;114;0
19_17;16;Combat;19;127;1536;392;25,52%;1144;1144;7;4;1133;17;613;299;79;125;0
19_18;16;Amérique;19;30;804;303;37,69%;501;501;6;3;492;8;322;83;22;57;0
19_19;16;Amérique;19;40;1291;541;41,91%;751;750;9;4;737;8;496;96;27;110;0
19_20;16;Amérique;19;46;1536;642;41,80%;884;894;12;4;878;14;558;138;43;125;0
19_21;16;Amérique;19;226;1855;527;28,41%;1327;1328;11;3;1314;4;862;258;57;133;0
19_22;16;Amérique;19;69;1588;655;41,25%;933;933;10;3;920;14;594;163;41;108;0
19_23;16;Amérique;19;118;1654;579;35,01%;1074;1075;17;2;1056;1;648;227;57;123;0
19_24;16;Amérique;19;75;1621;564;34,79%;1057;1057;11;8;1038;14;555;223;85;161;0
19_25;16;Amérique;19;150;1648;467;28,34%;1179;1181;5;3;1173;10;641;329;75;118;0
19_26;16;Amérique;19;119;1489;451;30,29%;1038;1038;16;4;1018;9;584;258;58;109;0
19_27;16;Amérique;19;159;1983;607;30,61%;1376;1376;13;12;1351;11;902;259;52;127;0
19_28;16;Amérique;19;171;1707;412;24,14%;1295;1295;15;7;1273;13;770;319;61;110;0
19_29;16;Amérique;19;123;1609;476;29,58%;1133;1133;8;8;1117;10;692;243;60;112;0
19_30;16;Amérique;19;172;1657;408;24,62%;1249;1249;7;8;1234;4;721;365;61;83;0
19_31;16;Amérique;19;155;1566;413;26,37%;1153;1153;10;6;1137;6;760;236;50;85;0
19_32;16;Amérique;19;208;1607;334;20,78%;1272;1273;17;3;1253;4;838;266;62;83;0
19_33;16;Amérique;19;77;1496;516;34,49%;980;980;12;12;956;8;584;188;63;113;0
19_34;16;Amérique;19;111;1318;348;26,40%;970;970;10;8;952;8;563;214;54;113;0
19_35;16;Amérique;19;66;1169;403;34,47%;766;766;10;9;747;5;512;118;28;84;0
19_36;16;Amérique;19;0;1406;452;32,15%;954;954;12;4;938;10;560;180;46;142;0
19_37;16;Amérique;19;63;1386;470;33,91%;916;916;9;8;899;12;538;149;58;142;0
19_38;16;Amérique;19;106;1449;458;31,61%;991;991;5;8;978;7;673;163;45;90;0
19_39;16;Amérique;19;105;1507;444;29,46%;1062;1063;10;10;1043;8;647;222;48;118;0
19_40;16;Amérique;19;78;1515;538;35,51%;977;977;13;10;954;11;612;154;60;117;0
19_41;16;Flandre;19;177;2038;616;30,23%;1422;1422;12;6;1404;17;802;342;87;156;0
19_42;16;Flandre;19;126;1860;578;31,08%;1281;1282;16;7;1259;14;708;292;80;165;0
19_43;16;Flandre;19;57;1567;583;37,20%;984;984;11;4;969;6;601;167;58;137;0
19_44;16;Flandre;19;47;1228;497;40,47%;731;731;10;6;715;12;479;85;34;105;0
19_45;16;Flandre;19;58;1436;630;43,87%;806;806;12;2;792;6;500;129;39;118;0
19_46;16;Amérique;19;51;1595;670;42,01%;925;925;8;12;905;8;501;197;48;151;0
19_47;16;Amérique;19;99;1693;608;35,91%;1085;1085;8;4;1073;11;710;193;43;116;0
19_48;16;Flandre;19;181;1964;587;29,89%;1373;1377;7;6;1364;7;909;267;50;131;0
19_49;16;Flandre;19;134;1699;563;33,14%;1136;1136;13;8;1115;9;738;198;50;120;0
19_50;16;Flandre;19;84;1430;437;30,56%;993;993;7;8;978;6;735;125;34;78;0
19_51;17;Vilette;19;104;1666;657;39,44%;1009;1009;14;7;988;12;560;192;63;161;0
19_52;17;Vilette;19;139;1666;556;33,37%;1110;1110;13;4;1093;8;665;254;45;121;0
19_53;17;Vilette;19;79;1489;557;37,41%;932;932;11;8;913;12;505;221;44;131;0
19_54;17;Vilette;19;136;1669;504;30,20%;1165;1165;11;10;1144;11;677;268;71;117;0
19_55;17;Vilette;19;52;1594;644;40,40%;949;950;10;6;934;8;613;141;41;131;0
19_56;17;Vilette;19;74;1424;510;35,81%;914;914;15;6;893;9;551;168;38;127;0
19_57;17;Vilette;19;37;1408;625;44,39%;783;783;9;8;766;12;504;116;33;101;0
19_58;17;Vilette;19;173;1632;411;25,18%;1221;1221;17;4;1200;12;790;271;43;84;0
19_59;17;Vilette;19;174;1649;479;29,05%;1170;1170;13;7;1150;11;674;309;50;106;0
19_60;17;Vilette;19;146;1699;551;32,43%;1148;1148;8;8;1132;6;726;238;54;108;0
19_61;17;Vilette;19;161;1629;480;29,47%;1149;1149;18;8;1123;14;732;233;51;93;0
19_62;17;Vilette;19;123;1638;543;33,15%;1095;1095;9;5;1081;8;708;198;65;102;0
19_63;17;Vilette;19;101;1498;468;31,24%;1028;1030;18;12;1000;10;519;260;64;147;0
19_64;17;Vilette;19;119;1691;573;33,89%;1118;1118;11;6;1101;7;665;240;80;109;0
19_65;17;Vilette;19;142;1583;469;29,63%;1114;1114;8;5;1101;9;607;254;72;159;0
19_66;17;Vilette;19;126;1654;523;31,62%;1131;1131;9;13;1109;9;630;251;64;155;0
19_67;17;Vilette;19;21;1832;629;34,33%;1203;1203;17;10;1176;14;879;164;41;78;0
19_68;17;Vilette;19;81;1731;631;36,45%;1100;1100;14;4;1082;7;645;226;56;148;0
19_69;17;Vilette;19;83;1688;656;38,86%;1032;1032;11;9;1012;4;704;169;48;87;0
19_70;17;Vilette;19;93;1374;485;35,30%;889;889;4;6;879;3;585;168;38;85;0
19_71;16;Flandre;19;33;1300;505;38,85%;795;795;6;5;784;2;551;95;41;95;0
20_01;15;Père Lachaise;20;157;1411;347;24,59%;1064;1064;14;5;1045;5;649;225;70;96;0
20_02;15;Père Lachaise;20;124;1188;275;23,15%;912;913;6;4;903;3;498;237;74;91;0
20_03;15;Père Lachaise;20;138;1447;387;26,74%;1060;1060;15;7;1038;3;677;198;74;85;1
20_04;15;Père Lachaise;20;145;1435;347;24,18%;1088;1088;14;8;1066;14;691;218;68;75;0
20_05;15;Père Lachaise;20;160;1391;263;18,91%;1128;1128;8;3;1117;6;702;243;85;80;1
20_06;15;Père Lachaise;20;135;1421;354;24,91%;1067;1067;8;3;1056;7;657;238;67;84;3
20_07;15;Père Lachaise;20;141;1300;380;29,23%;920;920;10;5;905;8;555;199;68;75;0
20_08;15;Père Lachaise;20;156;1365;276;20,22%;1089;1089;6;6;1077;9;735;225;47;59;2
20_09;15;Belleville;20;145;1632;518;31,74%;1114;1114;10;3;1101;15;753;178;48;107;0
20_10;15;Belleville;20;86;1415;497;35,12%;918;918;10;10;898;8;633;106;35;116;0
20_11;15;Belleville;20;94;1701;566;33,27%;1134;1135;10;10;1115;5;842;137;42;89;0
20_12;15;Belleville;20;150;1358;331;24,37%;1027;1027;10;4;1013;11;713;162;56;70;1
20_13;15;Belleville;20;189;1565;361;23,07%;1203;1204;13;6;1185;3;878;194;46;64;0
20_14;15;Belleville;20;173;1571;356;22,66%;1214;1215;15;6;1194;10;868;194;70;52;0
20_15;15;Saint-Fargeau;20;29;1369;643;46,97%;726;726;10;4;712;11;450;93;37;119;2
20_16;15;Saint-Fargeau;20;60;1522;579;38,04%;943;943;8;4;931;7;615;123;46;139;1
20_17;15;Saint-Fargeau;20;36;1432;615;42,95%;817;817;22;6;789;11;487;96;49;144;2
20_18;15;Saint-Fargeau;20;63;1281;443;34,58%;838;838;12;6;820;13;549;102;45;111;0
20_19;15;Saint-Fargeau;20;75;1614;568;35,19%;1046;1046;8;8;1030;13;699;153;45;120;0
20_20;15;Saint-Fargeau;20;104;1498;508;33,91%;990;990;7;5;978;7;706;113;54;98;0
20_21;15;Saint-Fargeau;20;56;1400;547;39,07%;853;853;10;7;836;9;549;107;56;115;0
20_22;15;Saint-Fargeau;20;80;1553;551;35,48%;1002;1002;15;6;981;15;619;154;66;126;1
20_23;15;Saint-Fargeau;20;64;1548;577;37,27%;971;971;8;10;953;10;632;146;56;108;1
20_24;15;Saint-Fargeau;20;138;1558;451;28,95%;1107;1107;9;4;1094;8;727;169;65;123;2
20_25;15;Saint-Fargeau;20;207;1879;442;23,52%;1437;1437;14;6;1417;8;958;269;75;107;0
20_26;15;Saint-Fargeau;20;200;1984;522;26,31%;1461;1462;11;9;1442;2;1011;243;81;104;1
20_27;15;Saint-Fargeau;20;148;1916;541;28,24%;1374;1375;10;2;1363;0;925;248;93;97;0
20_28;15;Saint-Fargeau;20;172;1656;433;26,15%;1223;1223;7;6;1210;5;798;232;79;94;2
20_29;15;Saint-Fargeau;20;127;1659;471;28,39%;1188;1188;20;4;1164;8;807;166;77;106;0
20_30;15;Saint-Fargeau;20;209;1854;437;23,57%;1415;1417;14;4;1399;6;910;271;88;123;1
20_31;15;Saint-Fargeau;20;226;1941;474;24,42%;1467;1467;21;6;1440;7;975;279;74;101;4
20_32;15;Saint-Fargeau;20;170;1716;400;23,31%;1316;1316;10;3;1303;8;755;330;103;107;0
20_33;15;Charonne;20;192;1782;414;23,23%;1368;1368;18;4;1346;7;733;336;109;161;0
20_34;15;Charonne;20;118;1508;424;28,12%;1084;1084;10;6;1068;9;688;188;81;101;1
20_35;15;Charonne;20;171;1595;333;20,88%;1257;1262;9;5;1248;6;760;254;103;125;0
20_36;15;Charonne;20;111;1590;487;30,63%;1100;1103;16;7;1080;17;684;183;68;128;0
20_37;15;Charonne;20;61;1477;582;39,40%;894;895;12;8;875;7;548;127;61;132;0
20_38;15;Charonne;20;142;1505;399;26,51%;1105;1106;16;8;1082;3;640;231;94;114;0
20_39;15;Charonne;20;121;1680;564;33,57%;1116;1116;15;4;1097;14;761;148;69;105;0
20_40;15;Charonne;20;75;1645;630;38,30%;1015;1015;12;13;990;7;585;160;71;167;0
20_41;15;Charonne;20;124;1623;507;31,24%;1116;1116;13;8;1095;3;672;198;104;118;0
20_42;15;Charonne;20;153;1627;405;24,89%;1221;1222;19;6;1197;3;632;304;110;148;0
20_43;15;Charonne;20;159;1476;344;23,31%;1132;1132;6;4;1122;8;612;278;93;130;1
20_44;15;Charonne;20;173;1566;373;23,82%;1193;1193;13;7;1173;5;817;197;68;86;0
20_45;15;Charonne;20;121;1412;443;31,37%;968;969;8;5;956;11;648;143;60;94;0
20_46;15;Charonne;20;112;1396;378;27,08%;1018;1018;7;6;1005;4;596;228;99;78;0
20_47;15;Charonne;20;87;1478;462;31,26%;1016;1016;18;10;988;7;556;190;91;144;0
20_48;15;Charonne;20;114;1608;457;28,42%;1151;1151;13;8;1130;8;647;221;113;139;2
20_49;15;Charonne;20;28;1876;792;42,22%;1082;1084;8;10;1066;16;787;105;36;121;1
20_50;15;Charonne;20;104;1651;584;35,37%;1067;1067;16;7;1044;6;693;162;62;120;1
20_51;15;Charonne;20;131;1523;465;30,53%;1058;1058;11;8;1039;7;639;190;71;132;0
20_52;8;Charonne;20;24;1187;936;78,85%;251;251;9;3;239;11;151;29;4;44;0
20_53;8;Charonne;20;99;1316;317;24,09%;998;999;7;5;987;12;581;240;36;118;0
20_54;8;Charonne;20;143;1500;335;22,33%;1160;1165;14;7;1144;14;654;313;56;107;0
20_55;8;Charonne;20;68;1649;608;36,87%;1041;1041;21;9;1011;20;701;166;27;96;1
20_56;8;Charonne;20;54;1444;585;40,51%;859;859;10;8;841;13;503;148;32;144;1
20_57;8;Charonne;20;63;1374;531;38,65%;843;843;9;3;831;7;477;203;35;109;0
20_58;6;Père Lachaise;20;173;1727;429;24,84%;1297;1298;16;8;1274;9;808;280;37;107;0
20_59;6;Père Lachaise;20;233;1784;410;22,98%;1371;1374;14;10;1350;10;855;289;59;114;0
20_60;6;Père Lachaise;20;145;1362;295;21,66%;1067;1067;18;8;1041;8;587;264;52;95;0
20_61;6;Père Lachaise;20;172;1476;401;27,17%;1073;1075;10;6;1059;5;679;243;31;73;0
20_62;6;Père Lachaise;20;97;1498;461;30,77%;1037;1037;20;9;1008;16;661;178;25;114;0
20_63;6;Père Lachaise;20;60;1519;576;37,92%;942;943;18;9;916;13;654;124;29;88;0
20_64;6;Père Lachaise;20;108;1228;324;26,38%;904;904;9;5;890;15;578;168;34;83;0
20_65;6;Père Lachaise;20;107;1301;303;23,29%;998;998;4;6;988;13;572;265;25;88;0
20_66;6;Père Lachaise;20;209;1230;307;24,96%;922;923;15;4;904;8;517;237;34;90;0
20_67;6;Père Lachaise;20;155;1410;384;27,23%;1026;1026;12;9;1005;9;657;207;28;81;0
20_68;6;Père Lachaise;20;135;1574;447;28,40%;1127;1127;6;12;1109;17;821;151;37;64;0
20_69;6;Père Lachaise;20;171;1599;434;27,14%;1165;1165;11;6;1148;13;822;197;17;83;0
20_70;6;Belleville;20;172;1739;476;27,37%;1263;1263;13;9;1241;17;844;215;31;109;0
20_71;6;Belleville;20;229;1752;451;25,74%;1301;1301;15;10;1276;16;927;200;27;91;0
20_72;6;Belleville;20;196;1746;516;29,55%;1229;1230;14;7;1209;12;881;174;40;79;0
20_73;6;Belleville;20;194;1712;406;23,71%;1306;1306;11;6;1289;12;891;250;29;75;0
20_74;6;Belleville;20;233;1760;413;23,47%;1348;1347;19;8;1320;15;950;229;23;75;0
20_75;6;Belleville;20;100;1864;652;34,98%;1212;1212;15;21;1176;17;875;163;30;85;0
20_76;6;Belleville;20;193;2117;684;32,31%;1428;1433;10;9;1414;10;1066;205;33;82;0
