id_bv;nb_nature
01_01;1
01_02;4
01_04;6
01_05;2
01_06;6
01_08;4
01_10;2
02_11;3
02_12;1
02_13;4
02_14;4
02_15;3
02_16;2
02_17;6
02_18;6
02_19;6
02_20;2
03_21;3
03_23;2
03_24;4
03_25;1
03_26;3
03_27;4
03_28;3
03_29;2
03_30;6
03_31;4
03_32;3
03_33;4
03_34;2
03_35;3
04_37;2
04_38;3
04_39;5
04_40;1
04_41;1
04_42;2
04_43;4
04_44;2
04_45;2
04_46;5
04_47;1
04_48;3
04_49;4
05_01;1
05_02;3
05_03;2
05_04;1
05_05;2
05_06;2
05_07;1
05_08;2
05_09;8
05_10;2
05_11;4
05_13;3
05_14;1
05_15;6
05_16;6
05_17;3
05_18;4
05_19;4
05_20;3
05_21;6
05_22;3
05_23;1
05_24;4
05_25;2
06_01;5
06_02;2
06_04;6
06_05;1
06_06;2
06_07;3
06_11;3
06_12;3
06_14;2
06_15;4
06_16;4
06_17;1
06_20;2
06_21;3
06_22;4
07_01;1
07_03;4
07_04;2
07_05;1
07_06;1
07_07;1
07_08;6
07_09;2
07_10;3
07_12;3
07_13;1
07_14;6
07_15;5
07_16;8
07_18;1
07_19;5
07_20;3
07_21;4
07_22;4
07_24;2
07_25;1
08_02;3
08_06;2
08_07;2
08_09;3
08_10;2
08_11;2
08_12;2
08_13;6
08_14;4
08_15;1
08_16;2
08_17;5
08_18;4
09_01;1
09_02;5
09_03;2
09_04;6
09_05;3
09_06;5
09_07;6
09_08;2
09_10;5
09_13;3
09_14;3
09_15;3
09_16;2
09_17;1
09_18;1
09_19;3
09_20;2
09_21;3
09_22;2
09_24;1
09_25;1
09_27;5
10_01;3
10_03;2
10_04;1
10_05;2
10_06;4
10_07;2
10_08;2
10_09;3
10_10;1
10_11;3
10_12;7
10_13;2
10_14;5
10_15;2
10_16;1
10_17;1
10_18;4
10_19;4
10_20;1
10_21;2
10_22;5
10_23;5
10_24;1
10_25;6
10_26;7
10_27;5
10_28;1
10_29;1
10_30;3
10_31;6
10_32;3
10_33;3
10_35;3
10_36;2
10_37;2
10_38;3
10_39;1
11_01;3
11_02;3
11_03;3
11_04;3
11_05;8
11_06;1
11_07;3
11_08;1
11_09;5
11_10;1
11_11;1
11_12;5
11_13;2
11_14;10
11_15;4
11_16;1
11_17;1
11_18;8
11_19;6
11_20;3
11_21;2
11_22;4
11_23;3
11_24;2
11_25;4
11_26;3
11_27;1
11_28;4
11_29;3
11_30;6
11_31;3
11_32;2
11_33;7
11_34;5
11_35;7
11_36;4
11_37;1
11_38;4
11_40;3
11_41;1
11_42;5
11_43;2
11_44;6
11_45;9
11_46;3
11_47;4
11_48;3
11_49;5
11_50;8
11_51;5
11_52;5
11_53;2
11_54;3
11_55;4
12_01;2
12_02;6
12_03;5
12_04;1
12_05;5
12_06;2
12_07;2
12_08;3
12_09;9
12_10;6
12_11;1
12_12;2
12_13;2
12_14;2
12_15;5
12_17;4
12_19;5
12_20;6
12_21;3
12_22;4
12_23;3
12_24;5
12_25;4
12_26;5
12_27;3
12_28;2
12_29;1
12_30;5
12_31;4
12_32;2
12_33;4
12_34;5
12_35;1
12_36;3
12_38;5
12_39;6
12_41;5
12_42;4
12_43;1
12_44;2
12_45;3
12_46;1
12_47;2
12_48;2
12_49;2
12_50;4
12_51;4
12_52;4
12_53;7
12_54;1
12_55;6
12_56;3
12_57;6
12_58;2
12_59;4
12_60;1
12_61;1
12_62;2
12_63;4
12_64;4
13_01;5
13_02;2
13_03;3
13_04;2
13_05;6
13_06;5
13_07;4
13_08;2
13_09;1
13_10;4
13_11;5
13_12;1
13_13;10
13_14;6
13_15;4
13_16;6
13_17;1
13_18;3
13_19;8
13_20;3
13_21;3
13_22;6
13_23;2
13_24;8
13_25;9
13_26;3
13_27;14
13_28;2
13_29;1
13_30;1
13_31;1
13_32;7
13_33;5
13_34;1
13_35;4
13_36;3
13_37;8
13_38;5
13_39;8
13_40;4
13_41;8
13_42;3
13_43;3
13_44;5
13_45;10
13_46;7
13_47;10
13_48;8
13_49;7
13_50;3
13_52;3
13_53;5
13_54;5
13_55;2
13_56;4
13_57;3
13_58;8
13_59;1
13_60;4
13_61;4
13_62;1
13_63;3
13_64;7
13_65;4
13_66;2
13_67;1
13_68;5
13_69;2
13_71;17
13_72;5
14_01;6
14_02;5
14_03;3
14_04;5
14_05;4
14_06;6
14_07;1
14_08;5
14_09;4
14_10;1
14_11;6
14_12;3
14_13;7
14_14;8
14_15;2
14_16;1
14_17;3
14_18;1
14_20;4
14_21;3
14_22;5
14_23;5
14_24;7
14_25;3
14_26;4
14_27;3
14_29;4
14_30;3
14_31;10
14_32;3
14_33;5
14_34;3
14_35;8
14_36;4
14_37;5
14_38;3
14_39;6
14_40;9
14_41;23
14_42;3
14_43;4
14_44;2
14_45;1
14_46;4
14_47;1
14_48;6
14_49;6
14_50;2
14_51;2
14_52;4
14_53;4
14_54;2
14_55;1
14_56;3
14_57;2
14_58;8
15_01;4
15_02;7
15_03;3
15_04;9
15_05;10
15_06;9
15_07;5
15_08;2
15_09;5
15_10;9
15_11;5
15_12;6
15_13;9
15_14;1
15_15;3
15_16;13
15_17;4
15_18;3
15_19;3
15_20;3
15_21;1
15_22;6
15_23;3
15_24;2
15_25;7
15_26;3
15_27;5
15_28;3
15_29;6
15_30;4
15_31;2
15_32;6
15_33;3
15_34;4
15_35;3
15_36;4
15_37;6
15_38;8
15_39;4
15_40;2
15_41;2
15_42;5
15_43;8
15_44;9
15_45;9
15_46;2
15_47;9
15_48;2
15_49;10
15_50;6
15_51;7
15_52;4
15_53;7
15_54;5
15_55;7
15_56;5
15_57;4
15_58;5
15_59;7
15_60;2
15_61;4
15_62;7
15_63;5
15_64;4
15_65;8
15_66;1
15_67;7
15_68;5
15_69;7
15_70;2
15_71;9
15_72;5
15_73;4
15_74;5
15_75;6
15_76;6
15_77;6
15_79;4
15_80;1
15_81;4
15_82;1
15_83;5
15_84;10
15_85;7
15_86;4
15_87;7
15_88;3
15_89;5
15_90;5
15_91;7
15_92;6
15_93;8
15_94;4
15_95;4
16_01;1
16_02;4
16_03;3
16_04;2
16_05;7
16_06;4
16_07;4
16_08;3
16_09;5
16_10;6
16_12;8
16_13;4
16_14;3
16_15;7
16_16;4
16_17;1
16_18;4
16_19;4
16_20;1
16_21;2
16_22;5
16_23;2
16_24;6
16_25;3
16_26;5
16_27;3
16_28;1
16_29;4
16_30;7
16_31;2
16_32;3
16_33;3
16_34;4
16_35;4
16_36;3
16_37;1
16_38;4
16_39;5
16_40;2
16_41;7
16_42;2
16_43;4
16_44;3
16_45;5
16_46;5
16_47;7
16_48;4
16_49;5
16_50;6
16_51;7
16_52;6
16_53;4
16_55;8
16_56;3
16_57;6
16_58;1
16_59;2
16_60;1
16_61;6
16_62;6
16_63;3
16_64;2
16_65;4
16_66;4
16_67;2
16_68;10
17_01;3
17_02;2
17_03;5
17_04;5
17_05;4
17_06;6
17_08;4
17_09;2
17_10;3
17_11;5
17_12;1
17_13;2
17_14;1
17_15;5
17_16;3
17_17;5
17_18;2
17_19;3
17_20;4
17_21;1
17_22;3
17_23;4
17_24;2
17_25;2
17_26;8
17_27;6
17_28;6
17_29;4
17_30;3
17_31;4
17_32;4
17_33;3
17_34;6
17_35;6
17_37;4
17_38;1
17_39;4
17_40;4
17_42;1
17_43;3
17_44;3
17_45;1
17_46;2
17_48;2
17_49;2
17_50;2
17_51;2
17_52;4
17_53;7
17_54;1
17_55;3
17_56;7
17_57;2
17_58;5
17_59;6
17_60;2
17_61;6
17_62;1
17_63;8
17_64;10
17_65;9
17_66;12
17_67;4
17_68;8
17_69;2
18_02;5
18_03;1
18_04;3
18_05;3
18_06;1
18_07;4
18_08;2
18_09;1
18_10;6
18_11;5
18_12;4
18_13;6
18_14;5
18_15;2
18_16;5
18_17;4
18_18;3
18_19;3
18_20;2
18_21;2
18_22;2
18_23;3
18_25;1
18_26;3
18_28;6
18_30;5
18_31;4
18_32;1
18_33;3
18_34;2
18_35;1
18_36;4
18_37;5
18_38;2
18_39;1
18_40;2
18_41;3
18_42;7
18_43;5
18_44;3
18_45;3
18_46;5
18_47;1
18_48;5
18_49;1
18_50;5
18_51;6
18_52;7
18_53;8
18_54;5
18_55;8
18_56;5
18_57;8
18_58;9
18_59;5
18_60;6
18_61;10
18_62;3
18_63;5
18_64;11
18_65;6
18_66;3
18_67;2
18_68;2
19_01;2
19_02;7
19_03;4
19_04;6
19_06;2
19_08;3
19_09;6
19_10;4
19_11;3
19_12;6
19_13;6
19_14;4
19_15;1
19_16;2
19_17;3
19_18;2
19_19;3
19_20;3
19_21;5
19_22;2
19_23;4
19_24;3
19_25;1
19_27;6
19_28;1
19_29;1
19_30;3
19_31;1
19_32;4
19_33;5
19_34;5
19_35;5
19_36;8
19_37;2
19_38;3
19_39;5
19_40;4
19_41;1
19_42;5
19_43;4
19_44;1
19_45;9
19_46;6
19_47;6
19_48;3
19_49;4
19_50;12
19_51;6
19_52;3
19_53;2
19_54;5
19_55;5
19_56;10
19_57;7
19_58;4
19_59;2
19_60;3
19_61;5
19_62;1
19_63;7
19_64;1
19_65;6
19_66;4
19_68;11
19_69;3
19_70;3
19_71;1
20_01;3
20_02;1
20_03;2
20_04;6
20_05;3
20_06;1
20_07;3
20_08;2
20_09;3
20_10;1
20_11;3
20_12;1
20_14;5
20_15;2
20_16;4
20_17;4
20_18;2
20_19;4
20_20;2
20_21;3
20_22;4
20_23;2
20_25;10
20_26;4
20_27;4
20_28;1
20_29;7
20_30;8
20_31;3
20_33;3
20_34;3
20_35;4
20_36;3
20_37;2
20_38;1
20_39;1
20_40;7
20_41;4
20_42;1
20_43;3
20_44;5
20_45;2
20_46;3
20_47;4
20_48;6
20_49;4
20_50;3
20_51;3
20_52;3
20_53;1
20_54;2
20_55;1
20_56;3
20_57;4
20_58;5
20_59;2
20_60;2
20_61;2
20_62;9
20_63;3
20_64;3
20_65;3
20_66;2
20_67;2
20_68;4
20_69;1
20_70;3
20_71;7
20_72;1
20_73;2
20_74;1
20_75;2
20_76;1
