id_bv;v_D_EUR; p_D_EUR ;v_D_LEG; p_D_EUR ; ecart_D ;nb_LR;nb_RN;nb_Rec;nb_autreDroite;nb_extDroite;partie_dominant
01_01;188; 0,2942 ; 166 ; 0,2147 ;-22;72;60;42;2;12;Les Républicains
01_02;154; 0,2245 ; 164 ; 0,1832 ;10;54;54;37;2;7;Les Républicains
01_03;183; 0,2447 ; 195 ; 0,2252 ;12;58;71;37;0;17;Rassemblement National
01_04;175; 0,2391 ; 151 ; 0,1678 ;-24;51;69;34;1;20;Rassemblement National
01_05;153; 0,2376 ; 138 ; 0,1687 ;-15;44;53;41;3;12;Rassemblement National
01_06;230; 0,2934 ; 198 ; 0,2185 ;-32;92;85;42;2;9;Les Républicains
01_07;217; 0,3010 ; 171 ; 0,2122 ;-46;89;66;43;4;15;Les Républicains
01_08;202; 0,3640 ; 185 ; 0,2753 ;-17;97;51;44;1;9;Les Républicains
01_09;226; 0,3897 ; 188 ; 0,2831 ;-38;109;44;64;2;7;Les Républicains
01_10;198; 0,3729 ; 153 ; 0,2350 ;-45;93;46;53;2;4;Les Républicains
02_11;191; 0,3008 ; 177 ; 0,2252 ;-14;85;57;38;4;7;Les Républicains
02_12;186; 0,2768 ; 147 ; 0,1795 ;-39;73;55;47;0;11;Les Républicains
02_13;184; 0,3498 ; 139 ; 0,2235 ;-45;67;59;54;1;3;Les Républicains
02_14;195; 0,2186 ; 197 ; 0,1733 ;2;70;67;50;0;8;Les Républicains
02_15;190; 0,2130 ; 160 ; 0,1475 ;-30;81;66;31;1;11;Les Républicains
02_16;209; 0,2238 ; 184 ; 0,1637 ;-25;93;54;52;2;8;Les Républicains
02_17;192; 0,2085 ; 168 ; 0,1480 ;-24;81;52;48;2;9;Les Républicains
02_18;160; 0,1589 ; 158 ; 0,1246 ;-2;54;60;37;3;6;Rassemblement National
02_19;148; 0,1447 ; 170 ; 0,1334 ;22;49;53;35;1;10;Rassemblement National
02_20;135; 0,1524 ; 120 ; 0,1132 ;-15;62;44;22;2;5;Les Républicains
03_21;183; 0,2116 ; 138 ; 0,1277 ;-45;76;56;37;5;9;Les Républicains
03_22;161; 0,1646 ; 135 ; 0,1112 ;-26;75;47;26;4;9;Les Républicains
03_23;154; 0,1899 ; 109 ; 0,1099 ;-45;70;40;36;1;7;Les Républicains
03_24;164; 0,1822 ; 140 ; 0,1277 ;-24;66;53;35;3;7;Les Républicains
03_25;174; 0,2145 ; 161 ; 0,1389 ;-13;70;45;52;2;5;Les Républicains
03_26;205; 0,2167 ; 140 ; 0,1392 ;-65;85;67;47;1;5;Les Républicains
03_27;248; 0,2528 ; 166 ; 0,1420 ;-82;106;53;73;2;14;Les Républicains
03_28;218; 0,2428 ; 169 ; 0,1602 ;-49;100;56;50;2;10;Les Républicains
03_29;230; 0,2374 ; 196 ; 0,1688 ;-34;77;86;50;0;17;Rassemblement National
03_30;216; 0,2180 ; 176 ; 0,1405 ;-40;86;55;53;3;19;Les Républicains
03_31;205; 0,2083 ; 165 ; 0,1385 ;-40;77;66;49;3;10;Les Républicains
03_32;124; 0,1480 ; 126 ; 0,1182 ;2;50;50;16;2;6;Les Républicains
03_33;139; 0,1541 ; 131 ; 0,1169 ;-8;50;46;32;2;9;Les Républicains
03_34;174; 0,1608 ; 138 ; 0,1080 ;-36;56;47;58;3;10;Reconquête
03_35;213; 0,2336 ; 178 ; 0,1611 ;-35;103;55;38;1;16;Les Républicains
04_36;249; 0,3406 ; 220 ; 0,2494 ;-29;83;96;55;1;14;Rassemblement National
04_37;184; 0,2434 ; 149 ; 0,1735 ;-35;56;76;38;2;12;Rassemblement National
04_38;194; 0,2175 ; 153 ; 0,1445 ;-41;74;57;49;1;13;Les Républicains
04_39;207; 0,2388 ; 175 ; 0,1771 ;-32;66;80;42;3;16;Rassemblement National
04_40;237; 0,2423 ; 206 ; 0,1810 ;-31;103;74;48;2;10;Les Républicains
04_41;263; 0,2451 ; 195 ; 0,1532 ;-68;123;66;59;3;12;Les Républicains
04_42;240; 0,2878 ; 210 ; 0,2057 ;-30;90;75;55;3;17;Les Républicains
04_43;312; 0,2946 ; 290 ; 0,2287 ;-22;109;114;76;7;6;Rassemblement National
04_44;224; 0,3077 ; 192 ; 0,2259 ;-32;92;47;65;6;14;Les Républicains
04_45;174; 0,2919 ; 164 ; 0,2234 ;-10;85;46;28;0;15;Les Républicains
04_46;166; 0,2496 ; 128 ; 0,1596 ;-38;59;44;52;0;11;Les Républicains
04_47;199; 0,2392 ; 147 ; 0,1541 ;-52;67;70;47;0;15;Rassemblement National
04_48;224; 0,2267 ; 204 ; 0,1694 ;-20;65;85;49;8;17;Rassemblement National
04_49;182; 0,2324 ; 121 ; 0,1312 ;-61;81;51;44;1;5;Les Républicains
05_01;226; 0,2357 ; 189 ; 0,1635 ;-37;86;69;52;10;9;Les Républicains
05_02;294; 0,2819 ; 240 ; 0,1993 ;-54;123;89;59;2;21;Les Républicains
05_03;276; 0,2738 ; 224 ; 0,1818 ;-52;120;89;50;4;13;Les Républicains
05_04;277; 0,2985 ; 235 ; 0,2129 ;-42;128;65;61;1;22;Les Républicains
05_05;195; 0,2341 ; 134 ; 0,1347 ;-61;94;46;42;1;12;Les Républicains
05_06;216; 0,2361 ; 164 ; 0,1531 ;-52;105;55;35;7;14;Les Républicains
05_07;280; 0,2786 ; 238 ; 0,2026 ;-42;114;75;71;5;15;Les Républicains
05_08;258; 0,2400 ; 192 ; 0,1542 ;-66;134;58;55;3;8;Les Républicains
05_09;274; 0,2222 ; 197 ; 0,1408 ;-77;143;59;51;7;14;Les Républicains
05_10;218; 0,2096 ; 185 ; 0,1534 ;-33;104;54;41;5;14;Les Républicains
05_11;224; 0,2141 ; 183 ; 0,1487 ;-41;119;55;35;4;11;Les Républicains
05_12;225; 0,2159 ; 190 ; 0,1585 ;-35;98;65;41;4;17;Les Républicains
05_13;264; 0,2672 ; 254 ; 0,2075 ;-10;92;100;57;2;13;Rassemblement National
05_14;199; 0,2355 ; 170 ; 0,1700 ;-29;72;89;27;2;9;Rassemblement National
05_15;236; 0,2237 ; 204 ; 0,1639 ;-32;87;70;57;6;16;Les Républicains
05_16;211; 0,2047 ; 176 ; 0,1483 ;-35;89;53;47;4;18;Les Républicains
05_17;236; 0,2471 ; 185 ; 0,1715 ;-51;91;69;47;5;24;Les Républicains
05_18;199; 0,2366 ; 164 ; 0,1715 ;-35;58;80;40;10;11;Rassemblement National
05_19;249; 0,2715 ; 192 ; 0,1801 ;-57;100;69;55;6;19;Les Républicains
05_20;245; 0,2579 ; 230 ; 0,2030 ;-15;78;99;51;6;11;Rassemblement National
05_21;215; 0,2067 ; 181 ; 0,1484 ;-34;89;74;43;3;6;Les Républicains
05_22;236; 0,2513 ; 177 ; 0,1664 ;-59;104;72;49;4;7;Les Républicains
05_23;254; 0,2665 ; 221 ; 0,1987 ;-33;90;94;59;5;6;Rassemblement National
05_24;196; 0,2000 ; 192 ; 0,1603 ;-4;64;71;42;2;17;Rassemblement National
05_25;233; 0,2240 ; 185 ; 0,1488 ;-48;97;69;52;3;12;Les Républicains
06_01;272; 0,3358 ; 231 ; 0,2391 ;-41;108;76;66;0;22;Les Républicains
06_02;319; 0,3789 ; 262 ; 0,2649 ;-57;143;60;98;4;14;Les Républicains
06_03;237; 0,2838 ; 193 ; 0,1917 ;-44;120;53;55;4;5;Les Républicains
06_04;209; 0,3083 ; 151 ; 0,1890 ;-58;91;45;54;5;14;Les Républicains
06_05;229; 0,2940 ; 183 ; 0,2022 ;-46;110;56;46;1;16;Les Républicains
06_06;201; 0,2765 ; 195 ; 0,2201 ;-6;81;46;66;2;6;Les Républicains
06_07;216; 0,3370 ; 188 ; 0,2445 ;-28;98;55;46;8;9;Les Républicains
06_08;201; 0,3211 ; 164 ; 0,2103 ;-37;105;55;33;2;6;Les Républicains
06_09;187; 0,3425 ; 153 ; 0,2347 ;-34;85;43;47;4;8;Les Républicains
06_10;227; 0,2956 ; 166 ; 0,1867 ;-61;118;50;50;0;9;Les Républicains
06_11;300; 0,3614 ; 241 ; 0,2485 ;-59;134;83;64;4;15;Les Républicains
06_12;295; 0,3715 ; 229 ; 0,2503 ;-66;162;65;51;2;15;Les Républicains
06_13;336; 0,3705 ; 262 ; 0,2479 ;-74;178;65;76;6;11;Les Républicains
06_14;280; 0,3590 ; 241 ; 0,2513 ;-39;126;67;74;2;11;Les Républicains
06_15;260; 0,3178 ; 210 ; 0,2192 ;-50;148;48;52;1;11;Les Républicains
06_16;324; 0,3316 ; 267 ; 0,2316 ;-57;152;67;87;6;12;Les Républicains
06_17;341; 0,3403 ; 270 ; 0,2261 ;-71;158;80;87;3;13;Les Républicains
06_18;271; 0,3780 ; 229 ; 0,2759 ;-42;140;62;56;2;11;Les Républicains
06_19;233; 0,3236 ; 183 ; 0,2210 ;-50;102;58;55;7;11;Les Républicains
06_20;291; 0,3584 ; 238 ; 0,2607 ;-53;121;80;69;3;18;Les Républicains
06_21;234; 0,2985 ; 172 ; 0,1909 ;-62;113;58;47;4;12;Les Républicains
06_22;291; 0,3248 ; 224 ; 0,2115 ;-67;159;51;65;4;12;Les Républicains
07_01;256; 0,4116 ; 180 ; 0,2423 ;-76;131;63;56;1;5;Les Républicains
07_02;394; 0,4608 ; 294 ; 0,2871 ;-100;194;82;95;6;17;Les Républicains
07_03;367; 0,4565 ; 278 ; 0,2887 ;-89;176;72;111;2;6;Les Républicains
07_04;310; 0,4000 ; 235 ; 0,2500 ;-75;134;88;71;3;14;Les Républicains
07_05;365; 0,4239 ; 243 ; 0,2378 ;-122;220;60;72;2;11;Les Républicains
07_06;361; 0,3932 ; 254 ; 0,2369 ;-107;186;73;92;0;10;Les Républicains
07_07;339; 0,3800 ; 255 ; 0,2415 ;-84;183;54;88;4;10;Les Républicains
07_08;432; 0,4146 ; 325 ; 0,2731 ;-107;235;84;100;1;12;Les Républicains
07_09;327; 0,4017 ; 292 ; 0,3042 ;-35;176;64;77;3;7;Les Républicains
07_10;389; 0,3945 ; 388 ; 0,3392 ;-1;155;104;103;4;23;Les Républicains
07_11;433; 0,5082 ; 365 ; 0,3879 ;-68;242;76;101;2;12;Les Républicains
07_12;367; 0,4520 ; 318 ; 0,3323 ;-49;219;61;79;2;6;Les Républicains
07_13;362; 0,4399 ; 379 ; 0,3883 ;17;207;61;87;1;6;Les Républicains
07_14;376; 0,4220 ; 329 ; 0,3157 ;-47;193;88;78;1;16;Les Républicains
07_15;397; 0,4179 ; 296 ; 0,2711 ;-101;186;105;86;8;12;Les Républicains
07_16;397; 0,4206 ; 285 ; 0,2524 ;-112;208;97;80;1;11;Les Républicains
07_17;313; 0,3908 ; 265 ; 0,2693 ;-48;130;93;75;1;14;Les Républicains
07_18;344; 0,3995 ; 279 ; 0,2680 ;-65;136;99;89;1;19;Les Républicains
07_19;359; 0,4585 ; 296 ; 0,3256 ;-63;155;97;89;6;12;Les Républicains
07_20;365; 0,4790 ; 284 ; 0,3005 ;-81;197;80;75;3;10;Les Républicains
07_21;470; 0,4786 ; 334 ; 0,2964 ;-136;232;113;113;5;7;Les Républicains
07_22;386; 0,4886 ; 285 ; 0,2944 ;-101;178;100;89;4;15;Les Républicains
07_23;369; 0,4887 ; 281 ; 0,3211 ;-88;176;75;104;1;13;Les Républicains
07_24;361; 0,5372 ; 270 ; 0,3289 ;-91;193;66;94;2;6;Les Républicains
07_25;376; 0,4980 ; 278 ; 0,2992 ;-98;208;83;77;2;6;Les Républicains
08_01;465; 0,4764 ; 413 ; 0,3479 ;-52;206;111;141;3;4;Les Républicains
08_02;419; 0,5042 ; 339 ; 0,3330 ;-80;208;94;107;3;7;Les Républicains
08_03;456; 0,4555 ; 388 ; 0,3431 ;-68;239;79;122;3;13;Les Républicains
08_04;427; 0,4869 ; 376 ; 0,3527 ;-51;218;86;119;1;3;Les Républicains
08_05;458; 0,4137 ; 372 ; 0,2929 ;-86;270;95;82;1;10;Les Républicains
08_06;372; 0,3761 ; 313 ; 0,2753 ;-59;177;85;88;6;16;Les Républicains
08_07;353; 0,3474 ; 296 ; 0,2465 ;-57;186;84;67;7;9;Les Républicains
08_08;295; 0,3076 ; 288 ; 0,2466 ;-7;153;57;68;4;13;Les Républicains
08_09;454; 0,4046 ; 396 ; 0,3087 ;-58;232;108;98;5;11;Les Républicains
08_10;264; 0,4513 ; 247 ; 0,3276 ;-17;129;67;61;1;6;Les Républicains
08_11;275; 0,3940 ; 258 ; 0,3090 ;-17;123;60;79;3;10;Les Républicains
08_12;346; 0,4657 ; 356 ; 0,3969 ;10;131;118;90;2;5;Les Républicains
08_13;367; 0,4400 ; 314 ; 0,3063 ;-53;157;99;99;0;12;Les Républicains
08_14;419; 0,4959 ; 372 ; 0,3493 ;-47;179;104;126;2;8;Les Républicains
08_15;458; 0,5011 ; 396 ; 0,3492 ;-62;222;102;118;4;12;Les Républicains
08_16;526; 0,5127 ; 420 ; 0,3587 ;-106;259;106;142;4;15;Les Républicains
08_17;216; 0,5035 ; 204 ; 0,3778 ;-12;83;66;63;1;3;Les Républicains
08_18;262; 0,5634 ; 241 ; 0,4099 ;-21;110;65;74;3;10;Les Républicains
09_01;204; 0,2560 ; 176 ; 0,1843 ;-28;84;63;44;2;11;Les Républicains
09_02;172; 0,1822 ; 147 ; 0,1295 ;-25;68;59;36;3;6;Les Républicains
09_03;261; 0,2794 ; 191 ; 0,1708 ;-70;103;89;56;4;9;Les Républicains
09_04;201; 0,2127 ; 188 ; 0,1659 ;-13;89;55;49;4;4;Les Républicains
09_05;201; 0,2118 ; 179 ; 0,1544 ;-22;93;45;52;3;8;Les Républicains
09_06;230; 0,2635 ; 197 ; 0,1826 ;-33;102;59;59;1;9;Les Républicains
09_07;264; 0,3280 ; 241 ; 0,2356 ;-23;108;66;75;4;11;Les Républicains
09_08;257; 0,2462 ; 213 ; 0,1733 ;-44;135;52;53;6;11;Les Républicains
09_09;245; 0,2704 ; 185 ; 0,1755 ;-60;120;60;51;1;13;Les Républicains
09_10;267; 0,2582 ; 211 ; 0,1745 ;-56;134;76;52;1;4;Les Républicains
09_11;205; 0,2056 ; 158 ; 0,1357 ;-47;95;65;30;3;12;Les Républicains
09_12;203; 0,2106 ; 168 ; 0,1496 ;-35;97;65;38;0;3;Les Républicains
09_13;192; 0,1996 ; 168 ; 0,1421 ;-24;70;80;36;1;5;Rassemblement National
09_14;256; 0,2349 ; 186 ; 0,1476 ;-70;127;58;53;4;14;Les Républicains
09_15;223; 0,2304 ; 188 ; 0,1649 ;-35;112;61;38;4;8;Les Républicains
09_16;215; 0,2297 ; 196 ; 0,1769 ;-19;107;57;41;1;9;Les Républicains
09_17;268; 0,2916 ; 213 ; 0,1935 ;-55;126;60;70;3;9;Les Républicains
09_18;213; 0,2115 ; 186 ; 0,1578 ;-27;76;75;47;2;13;Les Républicains
09_19;202; 0,2138 ; 175 ; 0,1570 ;-27;68;67;45;3;19;Les Républicains
09_20;276; 0,2766 ; 203 ; 0,1723 ;-73;119;91;57;1;8;Les Républicains
09_21;268; 0,2707 ; 200 ; 0,1642 ;-68;122;78;58;3;7;Les Républicains
09_22;220; 0,2407 ; 182 ; 0,1640 ;-38;100;49;52;6;13;Les Républicains
09_23;212; 0,2451 ; 177 ; 0,1686 ;-35;104;60;31;1;16;Les Républicains
09_24;199; 0,2045 ; 176 ; 0,1549 ;-23;89;61;35;3;11;Les Républicains
09_25;187; 0,1851 ; 209 ; 0,1702 ;22;74;53;49;0;11;Les Républicains
09_26;238; 0,2345 ; 168 ; 0,1405 ;-70;99;79;41;4;15;Les Républicains
09_27;175; 0,1659 ; 162 ; 0,1311 ;-13;54;58;41;4;18;Rassemblement National
10_01;163; 0,1532 ; 126 ; 0,1021 ;-37;66;44;41;0;12;Les Républicains
10_02;148; 0,1423 ; 118 ; 0,0974 ;-30;50;62;27;2;7;Rassemblement National
10_03;154; 0,1514 ; 146 ; 0,1200 ;-8;61;46;37;1;9;Les Républicains
10_04;102; 0,1206 ; 93 ; 0,0902 ;-9;31;40;22;4;5;Rassemblement National
10_05;140; 0,1620 ; 116 ; 0,1104 ;-24;47;41;42;4;6;Les Républicains
10_06;171; 0,1808 ; 123 ; 0,1102 ;-48;68;56;34;1;12;Les Républicains
10_07;109; 0,1396 ; 81 ; 0,0828 ;-28;45;38;19;1;6;Les Républicains
10_08;155; 0,1524 ; 149 ; 0,1222 ;-6;38;68;35;3;11;Rassemblement National
10_09;224; 0,2240 ; 231 ; 0,1875 ;7;78;79;46;9;12;Rassemblement National
10_10;128; 0,1257 ; 123 ; 0,1042 ;-5;29;50;38;4;7;Rassemblement National
10_11;136; 0,1398 ; 117 ; 0,1001 ;-19;34;56;30;6;10;Rassemblement National
10_12;89; 0,0912 ; 81 ; 0,0686 ;-8;27;36;15;2;9;Rassemblement National
10_13;107; 0,1178 ; 107 ; 0,0917 ;0;26;50;20;2;9;Rassemblement National
10_14;96; 0,0950 ; 98 ; 0,0798 ;2;26;33;22;2;13;Rassemblement National
10_15;135; 0,1519 ; 123 ; 0,1158 ;-12;22;62;36;3;12;Rassemblement National
10_16;127; 0,1435 ; 107 ; 0,1000 ;-20;41;39;32;2;13;Les Républicains
10_17;256; 0,3668 ; 210 ; 0,2386 ;-46;64;103;71;4;14;Rassemblement National
10_18;144; 0,1941 ; 118 ; 0,1246 ;-26;46;60;26;1;11;Rassemblement National
10_19;148; 0,2005 ; 132 ; 0,1493 ;-16;36;67;37;2;6;Rassemblement National
10_20;118; 0,1481 ; 95 ; 0,0991 ;-23;40;43;23;2;10;Rassemblement National
10_21;138; 0,1806 ; 129 ; 0,1291 ;-9;39;49;34;3;13;Rassemblement National
10_22;135; 0,1387 ; 129 ; 0,1090 ;-6;42;54;27;4;8;Rassemblement National
10_23;109; 0,1302 ; 83 ; 0,0844 ;-26;41;34;24;3;7;Les Républicains
10_24;135; 0,1713 ; 120 ; 0,1220 ;-15;49;50;27;2;7;Rassemblement National
10_25;134; 0,1624 ; 134 ; 0,1354 ;0;23;64;34;3;10;Rassemblement National
10_26;109; 0,1333 ; 121 ; 0,1244 ;12;31;54;18;0;6;Rassemblement National
10_27;103; 0,1198 ; 106 ; 0,1005 ;3;33;39;19;0;12;Rassemblement National
10_28;176; 0,1962 ; 159 ; 0,1520 ;-17;62;60;41;6;7;Les Républicains
10_29;170; 0,1714 ; 140 ; 0,1217 ;-30;66;48;45;3;8;Les Républicains
10_30;151; 0,1629 ; 140 ; 0,1261 ;-11;57;44;35;4;11;Les Républicains
10_31;137; 0,1832 ; 110 ; 0,1180 ;-27;54;48;26;3;6;Les Républicains
10_32;114; 0,1420 ; 82 ; 0,0833 ;-32;30;46;24;1;13;Rassemblement National
10_33;136; 0,1478 ; 107 ; 0,0995 ;-29;51;44;35;2;4;Les Républicains
10_34;204; 0,2287 ; 197 ; 0,1750 ;-7;69;85;42;4;4;Rassemblement National
10_35;171; 0,1979 ; 124 ; 0,1190 ;-47;73;51;30;3;14;Les Républicains
10_36;105; 0,1135 ; 116 ; 0,1011 ;11;38;30;30;4;3;Les Républicains
10_37;141; 0,1749 ; 130 ; 0,1299 ;-11;60;46;18;2;15;Les Républicains
10_38;144; 0,1378 ; 115 ; 0,0902 ;-29;63;37;31;1;12;Les Républicains
10_39;141; 0,1397 ; 140 ; 0,1141 ;-1;46;48;27;2;18;Rassemblement National
11_01;174; 0,1547 ; 162 ; 0,1166 ;-12;52;68;43;1;10;Rassemblement National
11_02;219; 0,2074 ; 183 ; 0,1465 ;-36;91;77;37;4;10;Les Républicains
11_03;153; 0,1607 ; 132 ; 0,1119 ;-21;45;58;34;5;11;Rassemblement National
11_04;193; 0,1797 ; 163 ; 0,1253 ;-30;87;57;34;5;10;Les Républicains
11_05;189; 0,1686 ; 161 ; 0,1175 ;-28;59;82;35;3;10;Rassemblement National
11_06;202; 0,1800 ; 160 ; 0,1227 ;-42;62;82;39;4;15;Rassemblement National
11_07;157; 0,1602 ; 159 ; 0,1311 ;2;66;41;38;6;6;Les Républicains
11_08;161; 0,1640 ; 150 ; 0,1247 ;-11;59;57;36;2;7;Les Républicains
11_09;174; 0,1563 ; 138 ; 0,1038 ;-36;62;58;41;1;12;Les Républicains
11_10;195; 0,1912 ; 154 ; 0,1245 ;-41;55;80;49;2;9;Rassemblement National
11_11;174; 0,1461 ; 151 ; 0,1020 ;-23;65;66;35;1;7;Rassemblement National
11_12;164; 0,1481 ; 151 ; 0,1146 ;-13;66;49;37;1;11;Les Républicains
11_13;131; 0,1187 ; 125 ; 0,0922 ;-6;31;62;31;1;6;Rassemblement National
11_14;192; 0,1585 ; 179 ; 0,1243 ;-13;67;69;39;4;13;Rassemblement National
11_15;242; 0,2114 ; 179 ; 0,1339 ;-63;93;74;55;5;15;Les Républicains
11_16;235; 0,2196 ; 183 ; 0,1485 ;-52;104;66;52;2;11;Les Républicains
11_17;210; 0,2027 ; 164 ; 0,1308 ;-46;97;60;36;3;14;Les Républicains
11_18;200; 0,1957 ; 159 ; 0,1275 ;-41;75;70;45;1;9;Les Républicains
11_19;176; 0,1866 ; 138 ; 0,1211 ;-38;78;48;38;3;9;Les Républicains
11_20;195; 0,1755 ; 153 ; 0,1145 ;-42;75;73;33;5;9;Les Républicains
11_21;160; 0,1558 ; 145 ; 0,1208 ;-15;57;51;40;1;11;Les Républicains
11_22;190; 0,1683 ; 177 ; 0,1321 ;-13;72;63;38;2;15;Les Républicains
11_23;146; 0,1385 ; 123 ; 0,0955 ;-23;52;54;29;3;8;Rassemblement National
11_24;171; 0,1497 ; 139 ; 0,1006 ;-32;73;56;33;2;7;Les Républicains
11_25;205; 0,1775 ; 182 ; 0,1317 ;-23;82;73;33;3;14;Les Républicains
11_26;233; 0,1978 ; 176 ; 0,1265 ;-57;107;67;48;2;9;Les Républicains
11_27;145; 0,1203 ; 137 ; 0,0974 ;-8;47;55;29;4;10;Rassemblement National
11_28;132; 0,1230 ; 108 ; 0,0849 ;-24;58;41;20;2;11;Les Républicains
11_29;138; 0,1235 ; 152 ; 0,1071 ;14;33;66;29;3;7;Rassemblement National
11_30;137; 0,1239 ; 130 ; 0,0975 ;-7;36;58;30;1;12;Rassemblement National
11_31;124; 0,1270 ; 129 ; 0,0997 ;5;30;52;29;3;10;Rassemblement National
11_32;128; 0,1130 ; 131 ; 0,0972 ;3;31;49;24;10;14;Rassemblement National
11_33;189; 0,1574 ; 170 ; 0,1181 ;-19;68;64;40;4;13;Les Républicains
11_34;143; 0,1452 ; 145 ; 0,1158 ;2;44;60;26;3;10;Rassemblement National
11_35;197; 0,1836 ; 168 ; 0,1313 ;-29;68;65;49;4;11;Les Républicains
11_36;154; 0,1431 ; 141 ; 0,1079 ;-13;49;61;33;1;10;Rassemblement National
11_37;186; 0,1809 ; 157 ; 0,1308 ;-29;74;65;36;4;7;Les Républicains
11_38;192; 0,1714 ; 188 ; 0,1367 ;-4;65;84;35;1;7;Rassemblement National
11_39;161; 0,1731 ; 143 ; 0,1325 ;-18;49;67;31;1;13;Rassemblement National
11_40;175; 0,1984 ; 181 ; 0,1722 ;6;57;81;28;1;8;Rassemblement National
11_41;191; 0,1925 ; 213 ; 0,1700 ;22;40;84;45;2;20;Rassemblement National
11_42;189; 0,2203 ; 181 ; 0,1725 ;-8;52;88;31;5;13;Rassemblement National
11_43;191; 0,1831 ; 173 ; 0,1337 ;-18;71;73;32;6;9;Rassemblement National
11_44;210; 0,1887 ; 180 ; 0,1371 ;-30;90;71;36;7;6;Les Républicains
11_45;241; 0,2313 ; 209 ; 0,1708 ;-32;96;70;59;4;12;Les Républicains
11_46;230; 0,2273 ; 190 ; 0,1541 ;-40;71;89;51;0;19;Rassemblement National
11_47;208; 0,1990 ; 208 ; 0,1648 ;0;67;80;48;2;11;Rassemblement National
11_48;263; 0,2218 ; 219 ; 0,1604 ;-44;114;82;51;5;11;Les Républicains
11_49;231; 0,2021 ; 206 ; 0,1543 ;-25;76;84;55;2;14;Rassemblement National
11_50;203; 0,1690 ; 175 ; 0,1293 ;-28;78;68;38;8;11;Les Républicains
11_51;225; 0,1963 ; 213 ; 0,1619 ;-12;80;74;58;1;12;Les Républicains
11_52;191; 0,1621 ; 155 ; 0,1104 ;-36;69;65;36;8;13;Les Républicains
11_53;250; 0,2031 ; 204 ; 0,1444 ;-46;111;81;47;4;7;Les Républicains
11_54;202; 0,2038 ; 175 ; 0,1472 ;-27;63;69;55;3;12;Rassemblement National
11_55;187; 0,1716 ; 166 ; 0,1258 ;-21;60;60;45;1;21;Les Républicains
12_01;147; 0,2079 ; 119 ; 0,1446 ;-28;53;51;27;4;12;Les Républicains
12_02;178; 0,2211 ; 157 ; 0,1635 ;-21;66;68;31;4;9;Rassemblement National
12_03;269; 0,2739 ; 228 ; 0,1924 ;-41;92;95;61;7;14;Rassemblement National
12_04;230; 0,2671 ; 192 ; 0,1836 ;-38;88;77;48;4;13;Les Républicains
12_05;279; 0,2859 ; 213 ; 0,1926 ;-66;101;99;64;7;8;Les Républicains
12_06;221; 0,2656 ; 206 ; 0,2010 ;-15;78;80;48;5;10;Rassemblement National
12_07;280; 0,2748 ; 227 ; 0,1935 ;-53;130;89;46;2;13;Les Républicains
12_08;216; 0,2503 ; 178 ; 0,1720 ;-38;72;83;41;7;13;Rassemblement National
12_09;226; 0,2619 ; 204 ; 0,1861 ;-22;43;107;55;3;18;Rassemblement National
12_10;201; 0,2171 ; 187 ; 0,1683 ;-14;58;72;54;5;12;Rassemblement National
12_11;233; 0,2821 ; 201 ; 0,2147 ;-32;56;98;60;2;17;Rassemblement National
12_12;262; 0,2091 ; 233 ; 0,1532 ;-29;91;113;35;8;15;Rassemblement National
12_13;187; 0,1887 ; 162 ; 0,1398 ;-25;79;58;35;3;12;Les Républicains
12_14;255; 0,2928 ; 208 ; 0,2043 ;-47;76;106;48;7;18;Rassemblement National
12_15;202; 0,2129 ; 180 ; 0,1545 ;-22;69;69;49;2;13;Les Républicains
12_16;230; 0,2587 ; 201 ; 0,1925 ;-29;101;59;54;5;11;Les Républicains
12_17;254; 0,2923 ; 188 ; 0,1863 ;-66;87;79;72;3;13;Les Républicains
12_18;201; 0,2018 ; 178 ; 0,1571 ;-23;85;60;39;1;16;Les Républicains
12_19;195; 0,2203 ; 170 ; 0,1627 ;-25;54;76;46;5;14;Rassemblement National
12_20;215; 0,2392 ; 176 ; 0,1704 ;-39;73;72;47;10;13;Les Républicains
12_21;277; 0,2732 ; 204 ; 0,1656 ;-73;97;108;59;2;11;Rassemblement National
12_22;201; 0,2460 ; 182 ; 0,1664 ;-19;45;106;23;5;22;Rassemblement National
12_23;169; 0,2287 ; 132 ; 0,1446 ;-37;59;63;36;4;7;Rassemblement National
12_24;183; 0,2229 ; 174 ; 0,1680 ;-9;51;81;33;4;14;Rassemblement National
12_25;257; 0,2685 ; 209 ; 0,1808 ;-48;79;99;55;6;18;Rassemblement National
12_26;235; 0,2673 ; 200 ; 0,1919 ;-35;88;82;49;6;10;Les Républicains
12_27;192; 0,2225 ; 153 ; 0,1452 ;-39;75;75;18;4;20;Les Républicains
12_28;241; 0,2748 ; 231 ; 0,2251 ;-10;70;113;39;2;17;Rassemblement National
12_29;183; 0,2672 ; 152 ; 0,1870 ;-31;48;82;39;6;8;Rassemblement National
12_30;256; 0,2732 ; 209 ; 0,1930 ;-47;93;74;62;8;19;Les Républicains
12_31;209; 0,2312 ; 181 ; 0,1712 ;-28;80;70;46;3;10;Les Républicains
12_32;222; 0,2362 ; 194 ; 0,1777 ;-28;76;69;57;5;15;Les Républicains
12_33;236; 0,2489 ; 198 ; 0,1792 ;-38;77;85;51;6;17;Rassemblement National
12_34;266; 0,2642 ; 227 ; 0,1925 ;-39;93;106;52;2;13;Rassemblement National
12_35;281; 0,2862 ; 225 ; 0,1967 ;-56;138;87;44;4;8;Les Républicains
12_36;229; 0,2910 ; 230 ; 0,2357 ;1;51;106;52;10;10;Rassemblement National
12_37;200; 0,2653 ; 189 ; 0,1967 ;-11;58;88;37;4;13;Rassemblement National
12_38;248; 0,2594 ; 217 ; 0,1872 ;-31;66;114;49;6;13;Rassemblement National
12_39;214; 0,2823 ; 191 ; 0,2108 ;-23;65;86;46;7;10;Rassemblement National
12_40;208; 0,2340 ; 193 ; 0,1883 ;-15;72;82;36;4;14;Rassemblement National
12_41;218; 0,2458 ; 191 ; 0,1858 ;-27;94;77;40;2;5;Les Républicains
12_42;255; 0,2565 ; 231 ; 0,1925 ;-24;80;95;56;8;16;Rassemblement National
12_43;153; 0,3188 ; 155 ; 0,2520 ;2;20;90;25;5;13;Rassemblement National
12_44;204; 0,2437 ; 167 ; 0,1740 ;-37;66;84;42;3;9;Rassemblement National
12_45;177; 0,2727 ; 156 ; 0,1785 ;-21;39;101;24;3;10;Rassemblement National
12_46;239; 0,2763 ; 204 ; 0,1901 ;-35;74;96;54;3;12;Rassemblement National
12_47;229; 0,2932 ; 194 ; 0,1909 ;-35;58;104;41;1;25;Rassemblement National
12_48;210; 0,2491 ; 198 ; 0,1891 ;-12;61;94;46;1;8;Rassemblement National
12_49;222; 0,2153 ; 193 ; 0,1596 ;-29;68;87;42;10;15;Rassemblement National
12_50;183; 0,2031 ; 182 ; 0,1612 ;-1;45;79;41;3;15;Rassemblement National
12_51;190; 0,2199 ; 165 ; 0,1484 ;-25;65;64;46;2;13;Les Républicains
12_52;177; 0,2138 ; 140 ; 0,1389 ;-37;86;56;26;2;7;Les Républicains
12_53;238; 0,2208 ; 179 ; 0,1446 ;-59;106;64;54;3;11;Les Républicains
12_54;213; 0,2784 ; 195 ; 0,2108 ;-18;58;80;52;1;22;Rassemblement National
12_55;233; 0,2000 ; 218 ; 0,1554 ;-15;74;91;48;6;14;Rassemblement National
12_56;138; 0,1776 ; 110 ; 0,1169 ;-28;59;40;22;4;13;Les Républicains
12_57;118; 0,1236 ; 123 ; 0,1057 ;5;35;46;27;1;9;Rassemblement National
12_58;148; 0,1597 ; 132 ; 0,1205 ;-16;51;55;23;8;11;Rassemblement National
12_59;190; 0,2337 ; 162 ; 0,1672 ;-28;66;55;48;1;20;Les Républicains
12_60;139; 0,1661 ; 125 ; 0,1241 ;-14;46;56;27;0;10;Rassemblement National
12_61;278; 0,3152 ; 249 ; 0,2270 ;-29;74;124;56;4;20;Rassemblement National
12_62;152; 0,1484 ; 110 ; 0,0934 ;-42;63;45;31;3;10;Les Républicains
12_63;194; 0,2443 ; 180 ; 0,1800 ;-14;49;86;39;4;16;Rassemblement National
12_64;235; 0,2701 ; 191 ; 0,1887 ;-44;89;87;42;6;11;Les Républicains
13_01;235; 0,2078 ; 246 ; 0,1874 ;11;75;83;54;8;15;Rassemblement National
13_02;182; 0,2082 ; 207 ; 0,2010 ;25;65;68;35;2;12;Rassemblement National
13_03;219; 0,2317 ; 256 ; 0,2173 ;37;65;93;38;6;17;Rassemblement National
13_04;185; 0,2566 ; 197 ; 0,2165 ;12;34;94;34;5;18;Rassemblement National
13_05;229; 0,2351 ; 218 ; 0,1896 ;-11;71;87;45;10;16;Rassemblement National
13_06;169; 0,2167 ; 172 ; 0,1928 ;3;45;54;48;8;14;Rassemblement National
13_07;212; 0,2232 ; 224 ; 0,1911 ;12;59;98;33;3;19;Rassemblement National
13_08;214; 0,2316 ; 215 ; 0,2002 ;1;53;99;42;0;20;Rassemblement National
13_09;171; 0,2493 ; 199 ; 0,2386 ;28;33;83;33;6;16;Rassemblement National
13_10;191; 0,2671 ; 244 ; 0,2702 ;53;32;102;39;5;13;Rassemblement National
13_11;212; 0,2739 ; 239 ; 0,2464 ;27;46;109;38;2;17;Rassemblement National
13_12;203; 0,2671 ; 254 ; 0,2566 ;51;37;109;38;2;17;Rassemblement National
13_13;207; 0,1897 ; 240 ; 0,1885 ;33;62;69;46;1;29;Rassemblement National
13_14;243; 0,3123 ; 264 ; 0,2747 ;21;48;119;42;10;24;Rassemblement National
13_15;203; 0,2534 ; 271 ; 0,2439 ;68;50;99;41;1;12;Rassemblement National
13_16;248; 0,2346 ; 276 ; 0,2043 ;28;48;114;49;3;34;Rassemblement National
13_17;228; 0,2413 ; 250 ; 0,2170 ;22;62;106;42;7;11;Rassemblement National
13_18;217; 0,2713 ; 232 ; 0,2313 ;15;55;102;39;1;20;Rassemblement National
13_19;238; 0,2714 ; 297 ; 0,2528 ;59;56;116;42;3;21;Rassemblement National
13_20;235; 0,3068 ; 336 ; 0,2968 ;101;47;115;44;5;24;Rassemblement National
13_21;245; 0,3695 ; 331 ; 0,3261 ;86;58;113;44;5;25;Rassemblement National
13_22;232; 0,3213 ; 288 ; 0,3032 ;56;32;134;38;4;24;Rassemblement National
13_23;197; 0,2371 ; 209 ; 0,1979 ;12;41;95;36;8;17;Rassemblement National
13_24;154; 0,1990 ; 203 ; 0,2093 ;49;40;77;24;2;11;Rassemblement National
13_25;172; 0,2272 ; 208 ; 0,2010 ;36;26;104;24;5;13;Rassemblement National
13_26;239; 0,2345 ; 253 ; 0,2014 ;14;64;110;43;6;16;Rassemblement National
13_27;220; 0,2056 ; 246 ; 0,1830 ;26;47;98;47;8;20;Rassemblement National
13_28;241; 0,2179 ; 249 ; 0,1945 ;8;80;95;48;5;13;Rassemblement National
13_29;182; 0,2984 ; 224 ; 0,2797 ;42;24;96;39;6;17;Rassemblement National
13_30;227; 0,2208 ; 250 ; 0,2003 ;23;58;96;55;4;14;Rassemblement National
13_31;181; 0,2132 ; 189 ; 0,1919 ;8;55;77;28;5;16;Rassemblement National
13_32;231; 0,2463 ; 246 ; 0,2103 ;15;54;100;35;11;31;Rassemblement National
13_33;83; 0,2470 ; 100 ; 0,2114 ;17;22;41;11;4;5;Rassemblement National
13_34;225; 0,2212 ; 234 ; 0,1910 ;9;70;90;41;3;21;Rassemblement National
13_35;146; 0,2014 ; 141 ; 0,1533 ;-5;42;50;31;5;18;Rassemblement National
13_36;196; 0,2083 ; 213 ; 0,1981 ;17;62;87;34;5;8;Rassemblement National
13_37;222; 0,2475 ; 254 ; 0,2094 ;32;44;109;42;10;17;Rassemblement National
13_38;199; 0,2779 ; 207 ; 0,2145 ;8;75;73;37;2;12;Les Républicains
13_39;227; 0,2382 ; 215 ; 0,1710 ;-12;63;93;47;9;15;Rassemblement National
13_40;193; 0,1797 ; 162 ; 0,1301 ;-31;74;59;43;1;16;Les Républicains
13_41;186; 0,1808 ; 189 ; 0,1487 ;3;50;87;29;3;17;Rassemblement National
13_42;178; 0,2412 ; 214 ; 0,2136 ;36;19;108;31;2;18;Rassemblement National
13_43;217; 0,2099 ; 196 ; 0,1531 ;-21;61;84;46;6;20;Rassemblement National
13_44;174; 0,2217 ; 190 ; 0,1917 ;16;34;88;33;2;17;Rassemblement National
13_45;183; 0,2328 ; 189 ; 0,1828 ;6;46;85;35;8;9;Rassemblement National
13_46;285; 0,3589 ; 300 ; 0,2863 ;15;47;163;43;16;16;Rassemblement National
13_47;240; 0,1995 ; 231 ; 0,1654 ;-9;71;93;45;4;27;Rassemblement National
13_48;200; 0,1878 ; 198 ; 0,1573 ;-2;51;82;42;8;17;Rassemblement National
13_49;210; 0,1765 ; 170 ; 0,1245 ;-40;74;78;41;8;9;Rassemblement National
13_50;219; 0,1873 ; 177 ; 0,1299 ;-42;70;82;44;6;17;Rassemblement National
13_51;222; 0,2057 ; 228 ; 0,1834 ;6;70;94;44;6;8;Rassemblement National
13_52;193; 0,2080 ; 174 ; 0,1622 ;-19;61;68;43;4;17;Rassemblement National
13_53;183; 0,2389 ; 149 ; 0,1611 ;-34;55;82;28;2;16;Rassemblement National
13_54;213; 0,1877 ; 203 ; 0,1547 ;-10;75;88;26;6;18;Rassemblement National
13_55;197; 0,2623 ; 190 ; 0,2067 ;-7;52;90;38;9;8;Rassemblement National
13_56;223; 0,2053 ; 220 ; 0,1734 ;-3;71;100;36;2;14;Rassemblement National
13_57;183; 0,1791 ; 181 ; 0,1547 ;-2;51;67;46;2;17;Rassemblement National
13_58;168; 0,1614 ; 159 ; 0,1308 ;-9;60;55;36;2;15;Les Républicains
13_59;234; 0,2106 ; 246 ; 0,1841 ;12;90;68;58;2;16;Les Républicains
13_60;173; 0,1771 ; 174 ; 0,1485 ;1;60;70;24;6;13;Rassemblement National
13_61;202; 0,1858 ; 238 ; 0,1890 ;36;92;68;31;2;9;Les Républicains
13_62;232; 0,2051 ; 221 ; 0,1757 ;-11;78;93;45;5;11;Rassemblement National
13_63;194; 0,2038 ; 194 ; 0,1851 ;0;88;50;44;2;10;Les Républicains
13_64;165; 0,1948 ; 192 ; 0,1939 ;27;47;69;30;3;16;Rassemblement National
13_65;212; 0,1749 ; 208 ; 0,1495 ;-4;86;63;39;6;18;Les Républicains
13_66;236; 0,2003 ; 235 ; 0,1703 ;-1;100;63;54;2;17;Les Républicains
13_67;205; 0,1998 ; 205 ; 0,1757 ;0;73;68;48;1;15;Les Républicains
13_68;170; 0,1754 ; 179 ; 0,1543 ;9;47;61;44;4;14;Rassemblement National
13_69;172; 0,1928 ; 174 ; 0,1589 ;2;61;58;36;7;10;Les Républicains
13_70;169; 0,2414 ; 183 ; 0,2148 ;14;53;63;41;2;10;Rassemblement National
13_71;125; 0,1857 ; 138 ; 0,1565 ;13;30;67;20;1;7;Rassemblement National
13_72;170; 0,2155 ; 197 ; 0,2029 ;27;39;76;35;5;15;Rassemblement National
14_01;180; 0,1993 ; 173 ; 0,1608 ;-7;58;62;44;6;10;Rassemblement National
14_02;228; 0,2360 ; 221 ; 0,1975 ;-7;79;86;52;3;8;Rassemblement National
14_03;211; 0,2053 ; 180 ; 0,1484 ;-31;101;54;43;2;11;Les Républicains
14_04;200; 0,2105 ; 186 ; 0,1571 ;-14;89;58;40;3;10;Les Républicains
14_05;204; 0,2145 ; 175 ; 0,1608 ;-29;96;55;43;3;7;Les Républicains
14_06;201; 0,2081 ; 148 ; 0,1285 ;-53;89;55;46;2;9;Les Républicains
14_07;245; 0,2367 ; 201 ; 0,1709 ;-44;98;78;56;2;11;Les Républicains
14_08;248; 0,2470 ; 208 ; 0,1787 ;-40;113;67;52;1;15;Les Républicains
14_09;251; 0,2361 ; 214 ; 0,1737 ;-37;98;76;61;5;11;Les Républicains
14_10;234; 0,2796 ; 231 ; 0,2303 ;-3;62;103;47;6;16;Rassemblement National
14_11;245; 0,2492 ; 191 ; 0,1729 ;-54;109;73;45;7;11;Les Républicains
14_12;293; 0,2895 ; 241 ; 0,2053 ;-52;105;110;55;2;21;Rassemblement National
14_13;228; 0,2269 ; 195 ; 0,1660 ;-33;100;67;43;5;13;Les Républicains
14_14;277; 0,2591 ; 224 ; 0,1796 ;-53;116;70;70;7;14;Les Républicains
14_15;200; 0,2018 ; 189 ; 0,1588 ;-11;62;77;40;5;16;Rassemblement National
14_16;218; 0,2428 ; 220 ; 0,2022 ;2;80;92;33;2;11;Rassemblement National
14_17;209; 0,2193 ; 170 ; 0,1487 ;-39;96;64;35;3;11;Les Républicains
14_18;224; 0,2258 ; 212 ; 0,1779 ;-12;72;76;47;6;23;Rassemblement National
14_19;182; 0,1809 ; 178 ; 0,1454 ;-4;60;75;32;4;11;Rassemblement National
14_20;192; 0,2440 ; 187 ; 0,1940 ;-5;46;90;30;5;21;Rassemblement National
14_21;213; 0,2934 ; 228 ; 0,2431 ;15;43;109;31;1;29;Rassemblement National
14_22;203; 0,2312 ; 187 ; 0,1719 ;-16;56;87;29;6;25;Rassemblement National
14_23;214; 0,2227 ; 173 ; 0,1557 ;-41;62;81;45;3;23;Rassemblement National
14_24;201; 0,1933 ; 169 ; 0,1406 ;-32;83;70;37;4;7;Les Républicains
14_25;203; 0,2006 ; 186 ; 0,1551 ;-17;73;72;45;1;12;Les Républicains
14_26;227; 0,2693 ; 175 ; 0,1806 ;-52;98;72;44;0;13;Les Républicains
14_27;213; 0,2983 ; 192 ; 0,2259 ;-21;116;48;41;1;7;Les Républicains
14_28;246; 0,2370 ; 192 ; 0,1616 ;-54;114;76;41;3;12;Les Républicains
14_29;210; 0,1925 ; 151 ; 0,1148 ;-59;89;62;35;5;19;Les Républicains
14_30;240; 0,2721 ; 221 ; 0,2093 ;-19;100;72;46;5;17;Les Républicains
14_31;239; 0,2369 ; 174 ; 0,1483 ;-65;132;52;42;3;10;Les Républicains
14_32;230; 0,2500 ; 197 ; 0,1833 ;-33;75;89;48;4;14;Rassemblement National
14_33;284; 0,2804 ; 219 ; 0,1880 ;-65;123;79;59;6;17;Les Républicains
14_34;198; 0,2100 ; 167 ; 0,1541 ;-31;86;60;42;3;7;Les Républicains
14_35;219; 0,2244 ; 183 ; 0,1583 ;-36;91;68;43;4;13;Les Républicains
14_36;203; 0,2721 ; 185 ; 0,2040 ;-18;62;73;46;3;19;Rassemblement National
14_37;237; 0,2319 ; 213 ; 0,1793 ;-24;51;113;51;4;18;Rassemblement National
14_38;160; 0,2033 ; 145 ; 0,1515 ;-15;63;47;36;2;12;Les Républicains
14_39;225; 0,2396 ; 202 ; 0,1835 ;-23;93;74;42;3;13;Les Républicains
14_40;189; 0,1884 ; 182 ; 0,1577 ;-7;68;64;43;2;12;Les Républicains
14_41;217; 0,1971 ; 198 ; 0,1507 ;-19;100;53;45;3;16;Les Républicains
14_42;165; 0,2374 ; 176 ; 0,2025 ;11;50;74;29;2;10;Rassemblement National
14_43;236; 0,2443 ; 226 ; 0,2011 ;-10;89;76;47;6;18;Les Républicains
14_44;201; 0,2720 ; 194 ; 0,2113 ;-7;35;90;47;7;22;Rassemblement National
14_45;155; 0,2605 ; 150 ; 0,1868 ;-5;22;74;37;2;20;Rassemblement National
14_46;238; 0,2500 ; 182 ; 0,1687 ;-56;106;74;40;8;10;Les Républicains
14_47;218; 0,2639 ; 230 ; 0,2347 ;12;68;101;33;9;7;Rassemblement National
14_48;198; 0,2352 ; 194 ; 0,1862 ;-4;61;100;22;4;11;Rassemblement National
14_49;230; 0,2184 ; 230 ; 0,1836 ;0;70;94;38;9;19;Rassemblement National
14_50;226; 0,2285 ; 211 ; 0,1817 ;-15;96;73;42;3;12;Les Républicains
14_51;215; 0,2684 ; 207 ; 0,2114 ;-8;41;110;40;4;20;Rassemblement National
14_52;221; 0,2995 ; 249 ; 0,2503 ;28;52;113;34;4;18;Rassemblement National
14_53;220; 0,3005 ; 224 ; 0,2459 ;4;50;118;33;5;14;Rassemblement National
14_54;227; 0,2612 ; 248 ; 0,2357 ;21;56;112;37;5;17;Rassemblement National
14_55;292; 0,2941 ; 300 ; 0,2479 ;8;83;139;45;7;18;Rassemblement National
14_56;251; 0,3774 ; 271 ; 0,3001 ;20;40;139;46;3;23;Rassemblement National
14_57;174; 0,2995 ; 217 ; 0,2556 ;43;24;103;21;4;22;Rassemblement National
14_58;215; 0,2739 ; 210 ; 0,2239 ;-5;63;89;43;3;17;Rassemblement National
15_01;243; 0,3189 ; 266 ; 0,2917 ;23;103;70;53;3;14;Les Républicains
15_02;323; 0,3734 ; 329 ; 0,3113 ;6;166;81;68;1;7;Les Républicains
15_03;266; 0,3304 ; 277 ; 0,2838 ;11;92;99;57;4;14;Rassemblement National
15_04;345; 0,3314 ; 364 ; 0,2921 ;19;151;103;77;2;12;Les Républicains
15_05;349; 0,3487 ; 353 ; 0,2840 ;4;169;87;69;9;15;Les Républicains
15_06;349; 0,3299 ; 351 ; 0,2681 ;2;165;86;76;6;16;Les Républicains
15_07;331; 0,3412 ; 303 ; 0,2635 ;-28;157;90;69;4;11;Les Républicains
15_08;271; 0,2892 ; 263 ; 0,2463 ;-8;140;69;47;4;11;Les Républicains
15_09;312; 0,3240 ; 337 ; 0,2883 ;25;131;92;71;1;17;Les Républicains
15_10;318; 0,3475 ; 297 ; 0,2628 ;-21;127;98;74;3;16;Les Républicains
15_11;342; 0,3581 ; 337 ; 0,2873 ;-5;148;108;61;6;19;Les Républicains
15_12;376; 0,3316 ; 378 ; 0,2855 ;2;192;104;64;6;10;Les Républicains
15_13;322; 0,3160 ; 298 ; 0,2392 ;-24;149;91;58;9;15;Les Républicains
15_14;378; 0,3559 ; 350 ; 0,2760 ;-28;160;99;97;5;17;Les Républicains
15_15;379; 0,4278 ; 375 ; 0,3659 ;-4;161;96;104;2;16;Les Républicains
15_16;450; 0,4021 ; 465 ; 0,3429 ;15;213;123;87;4;23;Les Républicains
15_17;477; 0,4943 ; 521 ; 0,4464 ;44;196;129;136;3;13;Les Républicains
15_18;433; 0,4520 ; 428 ; 0,3832 ;-5;189;123;96;5;20;Les Républicains
15_19;309; 0,3926 ; 329 ; 0,3534 ;20;142;97;56;4;10;Les Républicains
15_20;354; 0,4092 ; 344 ; 0,3273 ;-10;200;73;68;0;13;Les Républicains
15_21;399; 0,4218 ; 383 ; 0,3366 ;-16;211;85;93;3;7;Les Républicains
15_22;343; 0,3676 ; 344 ; 0,3034 ;1;178;70;83;2;10;Les Républicains
15_23;390; 0,3846 ; 334 ; 0,2860 ;-56;216;70;90;3;11;Les Républicains
15_24;446; 0,4248 ; 403 ; 0,3367 ;-43;222;116;95;5;8;Les Républicains
15_25;358; 0,3324 ; 358 ; 0,2934 ;0;157;99;82;2;18;Les Républicains
15_26;277; 0,2916 ; 304 ; 0,2643 ;27;103;89;65;4;16;Les Républicains
15_27;257; 0,3115 ; 257 ; 0,2520 ;0;84;98;55;4;16;Rassemblement National
15_28;339; 0,3599 ; 324 ; 0,2885 ;-15;172;90;59;4;14;Les Républicains
15_29;354; 0,3467 ; 336 ; 0,2872 ;-18;147;107;82;1;17;Les Républicains
15_30;341; 0,3360 ; 337 ; 0,2930 ;-4;169;77;82;1;12;Les Républicains
15_31;383; 0,3693 ; 360 ; 0,2980 ;-23;194;68;103;4;14;Les Républicains
15_32;392; 0,3698 ; 370 ; 0,2977 ;-22;184;85;102;7;14;Les Républicains
15_33;355; 0,3381 ; 350 ; 0,2843 ;-5;173;87;83;2;10;Les Républicains
15_34;351; 0,3378 ; 309 ; 0,2537 ;-42;177;78;84;1;11;Les Républicains
15_35;285; 0,2882 ; 308 ; 0,2492 ;23;124;98;48;4;11;Les Républicains
15_36;352; 0,3305 ; 354 ; 0,2761 ;2;150;92;81;3;26;Les Républicains
15_37;301; 0,2977 ; 327 ; 0,2680 ;26;121;88;76;3;13;Les Républicains
15_38;289; 0,3165 ; 309 ; 0,2747 ;20;109;109;43;3;25;Les Républicains
15_39;225; 0,3116 ; 240 ; 0,2570 ;15;57;103;44;1;20;Rassemblement National
15_40;301; 0,3550 ; 299 ; 0,2797 ;-2;93;116;61;3;28;Rassemblement National
15_41;323; 0,3316 ; 344 ; 0,2945 ;21;143;99;65;6;10;Les Républicains
15_42;215; 0,3370 ; 204 ; 0,2787 ;-11;96;77;31;0;11;Les Républicains
15_43;325; 0,3556 ; 319 ; 0,3050 ;-6;149;91;55;1;29;Les Républicains
15_44;278; 0,2825 ; 295 ; 0,2570 ;17;95;97;64;1;21;Rassemblement National
15_45;264; 0,2667 ; 227 ; 0,1922 ;-37;87;100;58;2;17;Rassemblement National
15_46;285; 0,3078 ; 229 ; 0,2097 ;-56;118;86;59;3;19;Les Républicains
15_47;230; 0,2369 ; 196 ; 0,1712 ;-34;86;77;43;6;18;Les Républicains
15_48;249; 0,3483 ; 222 ; 0,2265 ;-27;51;150;36;1;11;Rassemblement National
15_49;241; 0,3154 ; 240 ; 0,2281 ;-1;53;125;38;3;22;Rassemblement National
15_50;249; 0,3128 ; 197 ; 0,2044 ;-52;86;86;49;0;28;Les Républicains
15_51;318; 0,3174 ; 274 ; 0,2246 ;-44;127;111;60;6;14;Les Républicains
15_52;281; 0,3452 ; 248 ; 0,2441 ;-33;71;142;42;7;19;Rassemblement National
15_53;238; 0,2668 ; 215 ; 0,1972 ;-23;88;83;58;1;8;Les Républicains
15_54;289; 0,3052 ; 233 ; 0,2080 ;-56;116;98;59;4;12;Les Républicains
15_55;304; 0,3150 ; 266 ; 0,2247 ;-38;111;108;70;3;12;Les Républicains
15_56;317; 0,2952 ; 245 ; 0,1880 ;-72;115;105;71;6;20;Les Républicains
15_57;304; 0,2995 ; 207 ; 0,1734 ;-97;163;72;55;3;11;Les Républicains
15_58;257; 0,2631 ; 227 ; 0,1943 ;-30;122;79;43;3;10;Les Républicains
15_59;333; 0,3733 ; 257 ; 0,2505 ;-76;117;125;72;2;17;Rassemblement National
15_60;397; 0,3642 ; 287 ; 0,2272 ;-110;194;95;93;4;11;Les Républicains
15_61;300; 0,3125 ; 239 ; 0,2086 ;-61;146;97;42;3;12;Les Républicains
15_62;322; 0,3185 ; 242 ; 0,2099 ;-80;152;85;74;1;10;Les Républicains
15_63;287; 0,3157 ; 243 ; 0,2295 ;-44;141;77;56;1;12;Les Républicains
15_64;303; 0,3573 ; 259 ; 0,2519 ;-44;124;98;66;7;8;Les Républicains
15_65;307; 0,3549 ; 266 ; 0,2555 ;-41;111;88;90;3;15;Les Républicains
15_66;329; 0,3522 ; 264 ; 0,2282 ;-65;135;120;58;6;10;Les Républicains
15_67;298; 0,3177 ; 237 ; 0,2081 ;-61;110;100;73;4;11;Les Républicains
15_68;323; 0,2915 ; 258 ; 0,2012 ;-65;128;94;71;8;22;Les Républicains
15_69;307; 0,3162 ; 256 ; 0,2060 ;-51;108;121;51;7;20;Rassemblement National
15_70;305; 0,3065 ; 242 ; 0,2079 ;-63;115;94;68;3;25;Les Républicains
15_71;331; 0,3239 ; 285 ; 0,2271 ;-46;138;92;74;6;21;Les Républicains
15_72;322; 0,3833 ; 258 ; 0,2493 ;-64;125;124;59;5;9;Les Républicains
15_73;310; 0,3713 ; 226 ; 0,2297 ;-84;125;96;64;7;18;Les Républicains
15_74;352; 0,3663 ; 268 ; 0,2308 ;-84;148;117;72;3;12;Les Républicains
15_75;304; 0,3478 ; 242 ; 0,2331 ;-62;116;98;67;6;17;Les Républicains
15_76;165; 0,2952 ; 141 ; 0,1939 ;-24;23;93;26;3;20;Rassemblement National
15_77;276; 0,3126 ; 234 ; 0,2220 ;-42;102;96;54;4;20;Les Républicains
15_78;176; 0,2862 ; 132 ; 0,1679 ;-44;59;77;24;2;14;Rassemblement National
15_79;246; 0,3207 ; 192 ; 0,2032 ;-54;105;83;44;3;11;Les Républicains
15_80;312; 0,3369 ; 264 ; 0,2368 ;-48;89;128;71;4;20;Rassemblement National
15_81;295; 0,3112 ; 210 ; 0,1913 ;-85;135;81;63;9;7;Les Républicains
15_82;279; 0,3470 ; 218 ; 0,2137 ;-61;108;89;61;0;21;Les Républicains
15_83;309; 0,3182 ; 246 ; 0,2135 ;-63;152;94;50;4;9;Les Républicains
15_84;280; 0,3306 ; 247 ; 0,2296 ;-33;109;100;57;3;11;Les Républicains
15_85;313; 0,2947 ; 289 ; 0,2191 ;-24;99;112;75;2;25;Rassemblement National
15_86;273; 0,3396 ; 205 ; 0,2127 ;-68;110;86;67;2;8;Les Républicains
15_87;303; 0,3326 ; 253 ; 0,2332 ;-50;122;91;72;4;14;Les Républicains
15_88;349; 0,3678 ; 268 ; 0,2423 ;-81;152;102;79;5;11;Les Républicains
15_89;341; 0,3605 ; 257 ; 0,2341 ;-84;169;100;60;3;9;Les Républicains
15_90;299; 0,3379 ; 231 ; 0,2196 ;-68;141;65;77;4;12;Les Républicains
15_91;345; 0,3464 ; 274 ; 0,2393 ;-71;127;117;76;4;21;Les Républicains
15_92;327; 0,3543 ; 270 ; 0,2439 ;-57;113;136;57;3;18;Rassemblement National
15_93;292; 0,3160 ; 225 ; 0,1996 ;-67;136;85;50;2;19;Les Républicains
15_94;246; 0,3118 ; 217 ; 0,2144 ;-29;75;97;54;8;12;Rassemblement National
15_95;273; 0,3491 ; 226 ; 0,2320 ;-47;100;102;51;2;18;Rassemblement National
16_01;573; 0,5950 ; 502 ; 0,4350 ;-71;277;106;178;3;9;Les Républicains
16_02;623; 0,6108 ; 509 ; 0,4267 ;-114;316;112;171;5;19;Les Républicains
16_03;500; 0,5889 ; 438 ; 0,4207 ;-62;239;111;143;0;7;Les Républicains
16_04;603; 0,5809 ; 505 ; 0,3924 ;-98;312;95;190;2;4;Les Républicains
16_05;353; 0,5332 ; 322 ; 0,3870 ;-31;200;69;78;0;6;Les Républicains
16_06;497; 0,5713 ; 398 ; 0,4020 ;-99;260;84;143;2;8;Les Républicains
16_07;475; 0,5392 ; 420 ; 0,3875 ;-55;251;89;128;0;7;Les Républicains
16_08;448; 0,5430 ; 374 ; 0,3896 ;-74;250;78;104;0;16;Les Républicains
16_09;430; 0,5382 ; 364 ; 0,3885 ;-66;215;84;120;0;11;Les Républicains
16_10;474; 0,5261 ; 407 ; 0,3910 ;-67;249;107;105;4;9;Les Républicains
16_11;454; 0,5411 ; 388 ; 0,3911 ;-66;219;80;139;4;12;Les Républicains
16_12;460; 0,5263 ; 411 ; 0,4018 ;-49;242;109;95;6;8;Les Républicains
16_13;458; 0,4898 ; 396 ; 0,3633 ;-62;232;93;123;4;6;Les Républicains
16_14;452; 0,5714 ; 385 ; 0,4057 ;-67;226;85;127;7;7;Les Républicains
16_15;535; 0,5590 ; 437 ; 0,4017 ;-98;263;114;147;2;9;Les Républicains
16_16;411; 0,4507 ; 391 ; 0,3692 ;-20;212;84;104;3;8;Les Républicains
16_17;500; 0,5447 ; 384 ; 0,3585 ;-116;292;91;106;3;8;Les Républicains
16_18;514; 0,5422 ; 428 ; 0,3934 ;-86;272;94;134;1;13;Les Républicains
16_19;449; 0,5239 ; 383 ; 0,3826 ;-66;230;94;110;3;12;Les Républicains
16_20;517; 0,5319 ; 431 ; 0,3784 ;-86;266;102;136;1;12;Les Républicains
16_21;487; 0,4944 ; 403 ; 0,3468 ;-84;236;113;121;5;12;Les Républicains
16_22;559; 0,5385 ; 483 ; 0,3905 ;-76;297;96;146;4;16;Les Républicains
16_23;567; 0,5857 ; 460 ; 0,4212 ;-107;313;96;147;4;7;Les Républicains
16_24;516; 0,5260 ; 477 ; 0,3982 ;-39;233;158;106;5;14;Les Républicains
16_25;445; 0,4858 ; 408 ; 0,3802 ;-37;188;146;99;3;9;Les Républicains
16_26;518; 0,5390 ; 468 ; 0,4000 ;-50;275;119;112;3;9;Les Républicains
16_27;503; 0,5368 ; 468 ; 0,4353 ;-35;273;84;135;2;9;Les Républicains
16_28;416; 0,4906 ; 373 ; 0,3795 ;-43;229;77;101;2;7;Les Républicains
16_29;458; 0,5313 ; 391 ; 0,3938 ;-67;230;81;124;1;22;Les Républicains
16_30;394; 0,4679 ; 383 ; 0,3733 ;-11;194;99;90;2;9;Les Républicains
16_31;466; 0,5266 ; 396 ; 0,3736 ;-70;246;107;101;3;9;Les Républicains
16_32;405; 0,4407 ; 403 ; 0,3608 ;-2;179;118;97;3;8;Les Républicains
16_33;465; 0,4789 ; 419 ; 0,3615 ;-46;241;85;122;2;15;Les Républicains
16_34;478; 0,5037 ; 437 ; 0,3874 ;-41;235;97;126;1;19;Les Républicains
16_35;421; 0,5349 ; 352 ; 0,3789 ;-69;229;80;103;0;9;Les Républicains
16_36;392; 0,4470 ; 369 ; 0,3569 ;-23;153;131;99;3;6;Les Républicains
16_37;468; 0,5253 ; 400 ; 0,3788 ;-68;257;82;118;3;8;Les Républicains
16_38;470; 0,4621 ; 411 ; 0,3414 ;-59;262;103;94;2;9;Les Républicains
16_39;430; 0,4639 ; 362 ; 0,3312 ;-68;201;101;108;6;14;Les Républicains
16_40;328; 0,4493 ; 326 ; 0,3472 ;-2;104;125;79;5;15;Rassemblement National
16_41;411; 0,4487 ; 380 ; 0,3525 ;-31;158;134;94;4;21;Les Républicains
16_42;329; 0,4720 ; 331 ; 0,3871 ;2;175;64;76;2;12;Les Républicains
16_43;417; 0,5142 ; 362 ; 0,3740 ;-55;188;112;101;5;11;Les Républicains
16_44;296; 0,4625 ; 286 ; 0,3514 ;-10;78;129;70;4;15;Rassemblement National
16_45;337; 0,4405 ; 307 ; 0,3298 ;-30;132;103;83;1;18;Les Républicains
16_46;237; 0,3983 ; 241 ; 0,3043 ;4;61;90;66;6;14;Rassemblement National
16_47;388; 0,4455 ; 361 ; 0,3217 ;-27;155;125;88;2;18;Les Républicains
16_48;399; 0,4576 ; 405 ; 0,3909 ;6;190;108;85;5;11;Les Républicains
16_49;504; 0,4936 ; 457 ; 0,3755 ;-47;261;121;101;2;19;Les Républicains
16_50;511; 0,4830 ; 500 ; 0,4026 ;-11;218;150;122;5;16;Les Républicains
16_51;557; 0,5450 ; 502 ; 0,3882 ;-55;251;123;171;4;8;Les Républicains
16_52;527; 0,5542 ; 473 ; 0,4153 ;-54;229;123;161;1;13;Les Républicains
16_53;519; 0,6077 ; 512 ; 0,4985 ;-7;212;123;174;1;9;Les Républicains
16_54;447; 0,5458 ; 457 ; 0,4649 ;10;201;100;133;2;11;Les Républicains
16_55;668; 0,6326 ; 596 ; 0,4877 ;-72;310;130;206;3;19;Les Républicains
16_56;537; 0,6325 ; 514 ; 0,4895 ;-23;264;89;176;1;7;Les Républicains
16_57;549; 0,6033 ; 564 ; 0,5179 ;15;248;120;166;2;13;Les Républicains
16_58;590; 0,6556 ; 563 ; 0,5081 ;-27;287;124;164;2;13;Les Républicains
16_59;575; 0,5965 ; 552 ; 0,4933 ;-23;266;114;188;4;3;Les Républicains
16_60;555; 0,6180 ; 569 ; 0,5182 ;14;251;115;180;4;5;Les Républicains
16_61;478; 0,5650 ; 475 ; 0,4657 ;-3;219;108;135;0;16;Les Républicains
16_62;452; 0,5213 ; 440 ; 0,4116 ;-12;205;93;142;2;10;Les Républicains
16_63;467; 0,5212 ; 484 ; 0,4601 ;17;199;121;125;3;19;Les Républicains
16_64;381; 0,5522 ; 408 ; 0,4700 ;27;180;92;92;4;13;Les Républicains
16_65;402; 0,5221 ; 424 ; 0,4394 ;22;175;97;113;2;15;Les Républicains
16_66;369; 0,5227 ; 386 ; 0,4679 ;17;170;98;92;4;5;Les Républicains
16_67;406; 0,5464 ; 415 ; 0,4540 ;9;187;92;117;4;6;Les Républicains
16_68;407; 0,5398 ; 427 ; 0,4586 ;20;195;81;121;3;7;Les Républicains
17_01;246; 0,2614 ; 216 ; 0,1900 ;-30;115;75;36;2;18;Les Républicains
17_02;241; 0,2583 ; 206 ; 0,1801 ;-35;121;56;53;4;7;Les Républicains
17_03;244; 0,2497 ; 214 ; 0,1834 ;-30;121;63;44;5;11;Les Républicains
17_04;196; 0,2090 ; 190 ; 0,1598 ;-6;100;46;32;8;10;Les Républicains
17_05;267; 0,2750 ; 246 ; 0,2081 ;-21;151;69;41;2;4;Les Républicains
17_06;256; 0,2854 ; 220 ; 0,2002 ;-36;131;59;54;2;10;Les Républicains
17_07;244; 0,2523 ; 215 ; 0,1898 ;-29;126;60;49;1;8;Les Républicains
17_08;256; 0,2505 ; 244 ; 0,1981 ;-12;136;60;51;2;7;Les Républicains
17_09;250; 0,2372 ; 240 ; 0,1822 ;-10;135;57;51;3;4;Les Républicains
17_10;254; 0,2873 ; 225 ; 0,2014 ;-29;119;76;48;4;7;Les Républicains
17_11;290; 0,3066 ; 278 ; 0,2417 ;-12;137;73;59;7;14;Les Républicains
17_12;270; 0,2878 ; 273 ; 0,2329 ;3;138;69;52;4;7;Les Républicains
17_13;288; 0,2966 ; 269 ; 0,2210 ;-19;138;68;61;8;13;Les Républicains
17_14;334; 0,3307 ; 294 ; 0,2414 ;-40;154;79;82;4;15;Les Républicains
17_15;322; 0,3701 ; 283 ; 0,2640 ;-39;144;100;69;2;7;Les Républicains
17_16;229; 0,3267 ; 220 ; 0,2331 ;-9;69;99;40;4;17;Rassemblement National
17_17;267; 0,3304 ; 252 ; 0,2407 ;-15;98;81;60;6;22;Les Républicains
17_18;204; 0,2528 ; 214 ; 0,2027 ;10;55;94;35;3;17;Rassemblement National
17_19;100; 0,1953 ; 119 ; 0,1641 ;19;23;56;17;0;4;Rassemblement National
17_20;184; 0,3051 ; 201 ; 0,2457 ;17;27;107;32;2;16;Rassemblement National
17_21;227; 0,2500 ; 227 ; 0,2020 ;0;77;95;33;7;15;Rassemblement National
17_22;161; 0,2337 ; 152 ; 0,1847 ;-9;53;68;31;3;6;Rassemblement National
17_23;135; 0,2340 ; 150 ; 0,1736 ;15;18;87;19;2;9;Rassemblement National
17_24;153; 0,2122 ; 153 ; 0,1715 ;0;55;48;28;5;17;Les Républicains
17_25;141; 0,2224 ; 150 ; 0,1859 ;9;29;72;29;3;8;Rassemblement National
17_26;193; 0,2091 ; 188 ; 0,1610 ;-5;72;55;41;7;18;Les Républicains
17_27;178; 0,2633 ; 177 ; 0,1926 ;-1;44;82;29;3;20;Rassemblement National
17_28;246; 0,2581 ; 213 ; 0,1788 ;-33;99;96;33;5;13;Les Républicains
17_29;179; 0,1748 ; 180 ; 0,1454 ;1;59;81;23;4;12;Rassemblement National
17_30;170; 0,2120 ; 150 ; 0,1537 ;-20;79;51;31;2;7;Les Républicains
17_31;198; 0,2067 ; 202 ; 0,1746 ;4;61;75;43;6;13;Rassemblement National
17_32;151; 0,1914 ; 154 ; 0,1591 ;3;69;47;28;2;5;Les Républicains
17_33;230; 0,2205 ; 211 ; 0,1675 ;-19;100;76;42;6;6;Les Républicains
17_34;174; 0,1859 ; 176 ; 0,1574 ;2;76;61;28;1;8;Les Républicains
17_35;220; 0,2176 ; 220 ; 0,1754 ;0;107;58;39;3;13;Les Républicains
17_36;241; 0,3306 ; 317 ; 0,3105 ;76;74;101;39;7;20;Rassemblement National
17_37;490; 0,5274 ; 572 ; 0,5158 ;82;256;84;137;7;6;Les Républicains
17_38;322; 0,3985 ; 429 ; 0,4312 ;107;111;120;68;3;20;Rassemblement National
17_39;253; 0,3851 ; 357 ; 0,3949 ;104;45;138;42;11;17;Rassemblement National
17_40;479; 0,4868 ; 552 ; 0,4868 ;73;171;157;132;4;15;Les Républicains
17_41;555; 0,5561 ; 594 ; 0,4893 ;39;280;94;164;7;10;Les Républicains
17_42;498; 0,5046 ; 511 ; 0,4338 ;13;244;92;149;6;7;Les Républicains
17_43;478; 0,4814 ; 494 ; 0,4204 ;16;232;89;150;0;7;Les Républicains
17_44;486; 0,4826 ; 490 ; 0,4010 ;4;243;100;124;3;16;Les Républicains
17_45;408; 0,4028 ; 452 ; 0,3501 ;44;217;77;100;5;9;Les Républicains
17_46;364; 0,3586 ; 427 ; 0,3544 ;63;170;95;85;1;13;Les Républicains
17_47;478; 0,4794 ; 499 ; 0,4328 ;21;256;80;126;8;8;Les Républicains
17_48;430; 0,4614 ; 430 ; 0,3843 ;0;234;65;121;2;8;Les Républicains
17_49;424; 0,4421 ; 482 ; 0,4152 ;58;230;93;94;1;6;Les Républicains
17_50;520; 0,4943 ; 535 ; 0,4304 ;15;271;93;144;1;11;Les Républicains
17_51;497; 0,4897 ; 535 ; 0,4519 ;38;257;83;143;1;13;Les Républicains
17_52;469; 0,4657 ; 509 ; 0,4277 ;40;237;84;132;4;12;Les Républicains
17_53;533; 0,5081 ; 608 ; 0,4876 ;75;247;139;125;8;14;Les Républicains
17_54;504; 0,4809 ; 591 ; 0,4713 ;87;241;101;143;8;11;Les Républicains
17_55;472; 0,4530 ; 495 ; 0,3966 ;23;236;106;119;3;8;Les Républicains
17_56;349; 0,3725 ; 461 ; 0,4005 ;112;171;82;78;3;15;Les Républicains
17_57;362; 0,4442 ; 460 ; 0,4466 ;98;124;146;70;6;16;Rassemblement National
17_58;360; 0,4472 ; 442 ; 0,4510 ;82;117;125;91;9;18;Rassemblement National
17_59;417; 0,4947 ; 500 ; 0,4831 ;83;185;92;129;0;11;Les Républicains
17_60;397; 0,4704 ; 463 ; 0,4360 ;66;208;82;96;1;10;Les Républicains
17_61;457; 0,4697 ; 537 ; 0,4633 ;80;242;76;127;6;6;Les Républicains
17_62;420; 0,4247 ; 482 ; 0,4273 ;62;219;88;99;5;9;Les Républicains
17_63;405; 0,4556 ; 452 ; 0,4244 ;47;177;97;112;6;13;Les Républicains
17_64;410; 0,4428 ; 451 ; 0,4085 ;41;191;105;97;2;15;Les Républicains
17_65;410; 0,4437 ; 457 ; 0,4121 ;47;226;83;92;1;8;Les Républicains
17_66;459; 0,4342 ; 523 ; 0,4138 ;64;212;94;133;5;15;Les Républicains
17_67;466; 0,4731 ; 516 ; 0,4195 ;50;227;94;136;2;7;Les Républicains
17_68;242; 0,2285 ; 238 ; 0,1874 ;-4;94;87;41;5;15;Les Républicains
17_69;107; 0,2004 ; 121 ; 0,1683 ;14;28;45;22;4;8;Rassemblement National
18_01;192; 0,1945 ; 125 ; 0,1039 ;-67;80;55;44;3;10;Les Républicains
18_02;148; 0,1468 ; 128 ; 0,1039 ;-20;52;54;30;4;8;Rassemblement National
18_03;268; 0,2726 ; 193 ; 0,1678 ;-75;121;71;63;2;11;Les Républicains
18_04;215; 0,1813 ; 181 ; 0,1260 ;-34;75;76;51;0;13;Rassemblement National
18_05;166; 0,1993 ; 138 ; 0,1356 ;-28;58;68;30;4;6;Rassemblement National
18_06;144; 0,1613 ; 128 ; 0,1193 ;-16;45;66;22;3;8;Rassemblement National
18_07;137; 0,1504 ; 107 ; 0,1008 ;-30;44;53;27;4;9;Rassemblement National
18_08;127; 0,1320 ; 112 ; 0,1004 ;-15;38;53;24;4;8;Rassemblement National
18_09;153; 0,1512 ; 137 ; 0,1103 ;-16;48;54;31;9;11;Rassemblement National
18_10;130; 0,1305 ; 107 ; 0,0853 ;-23;38;50;25;3;14;Rassemblement National
18_11;155; 0,1578 ; 130 ; 0,1093 ;-25;50;58;33;1;13;Rassemblement National
18_12;150; 0,2024 ; 169 ; 0,1597 ;19;16;90;24;7;13;Rassemblement National
18_13;94; 0,1706 ; 84 ; 0,1055 ;-10;15;45;16;1;17;Rassemblement National
18_14;132; 0,1331 ; 116 ; 0,0921 ;-16;32;57;23;3;17;Rassemblement National
18_15;121; 0,1492 ; 113 ; 0,1093 ;-8;33;59;15;1;13;Rassemblement National
18_16;135; 0,1484 ; 129 ; 0,1080 ;-6;25;72;19;6;13;Rassemblement National
18_17;122; 0,1134 ; 126 ; 0,0960 ;4;25;58;21;6;12;Rassemblement National
18_18;134; 0,1104 ; 107 ; 0,0722 ;-27;46;48;22;5;13;Rassemblement National
18_19;149; 0,1297 ; 164 ; 0,1157 ;15;30;62;35;4;18;Rassemblement National
18_20;155; 0,1421 ; 141 ; 0,1036 ;-14;50;59;23;9;14;Rassemblement National
18_21;160; 0,1537 ; 155 ; 0,1219 ;-5;54;59;19;12;16;Rassemblement National
18_22;137; 0,1553 ; 131 ; 0,1222 ;-6;54;46;28;1;8;Les Républicains
18_23;169; 0,1759 ; 136 ; 0,1160 ;-33;67;63;31;0;8;Les Républicains
18_24;180; 0,1732 ; 151 ; 0,1194 ;-29;68;59;45;1;7;Les Républicains
18_25;239; 0,2236 ; 153 ; 0,1260 ;-86;110;64;55;2;8;Les Républicains
18_26;128; 0,1437 ; 114 ; 0,1035 ;-14;40;47;25;5;11;Rassemblement National
18_27;146; 0,1652 ; 122 ; 0,1112 ;-24;50;51;18;1;26;Rassemblement National
18_28;212; 0,1806 ; 174 ; 0,1238 ;-38;69;64;57;3;19;Les Républicains
18_29;219; 0,2056 ; 148 ; 0,1165 ;-71;106;58;37;3;15;Les Républicains
18_30;203; 0,1861 ; 193 ; 0,1425 ;-10;96;59;36;0;12;Les Républicains
18_31;232; 0,2017 ; 209 ; 0,1454 ;-23;84;80;44;4;20;Les Républicains
18_32;239; 0,2157 ; 203 ; 0,1501 ;-36;81;87;54;1;16;Rassemblement National
18_33;204; 0,2077 ; 151 ; 0,1263 ;-53;65;91;32;5;11;Rassemblement National
18_34;204; 0,2069 ; 192 ; 0,1556 ;-12;66;89;35;5;9;Rassemblement National
18_35;220; 0,2126 ; 163 ; 0,1343 ;-57;94;73;42;2;9;Les Républicains
18_36;166; 0,1699 ; 135 ; 0,1143 ;-31;58;55;38;1;14;Les Républicains
18_37;185; 0,1903 ; 165 ; 0,1363 ;-20;71;61;38;4;11;Les Républicains
18_38;200; 0,1905 ; 167 ; 0,1284 ;-33;72;83;28;2;15;Rassemblement National
18_39;215; 0,2042 ; 171 ; 0,1323 ;-44;65;71;54;8;17;Rassemblement National
18_40;210; 0,2035 ; 169 ; 0,1408 ;-41;78;72;50;0;10;Les Républicains
18_41;219; 0,2277 ; 179 ; 0,1595 ;-40;60;95;41;2;21;Rassemblement National
18_42;172; 0,2040 ; 154 ; 0,1384 ;-18;41;92;23;5;11;Rassemblement National
18_43;204; 0,2272 ; 191 ; 0,1624 ;-13;47;109;33;0;15;Rassemblement National
18_44;130; 0,2935 ; 134 ; 0,1985 ;4;14;89;15;0;12;Rassemblement National
18_45;128; 0,1725 ; 121 ; 0,1211 ;-7;31;68;17;3;9;Rassemblement National
18_46;163; 0,1869 ; 127 ; 0,1198 ;-36;48;71;23;4;17;Rassemblement National
18_47;128; 0,1515 ; 93 ; 0,0898 ;-35;56;46;18;1;7;Les Républicains
18_48;115; 0,1430 ; 100 ; 0,1003 ;-15;38;46;15;3;13;Rassemblement National
18_49;114; 0,2664 ; 88 ; 0,1288 ;-26;8;80;13;2;11;Rassemblement National
18_50;104; 0,2562 ; 98 ; 0,1591 ;-6;9;71;8;1;15;Rassemblement National
18_51;140; 0,1685 ; 176 ; 0,1417 ;36;23;78;26;1;12;Rassemblement National
18_52;169; 0,1539 ; 144 ; 0,1101 ;-25;37;83;27;5;17;Rassemblement National
18_53;107; 0,1334 ; 115 ; 0,1133 ;8;30;45;19;3;10;Rassemblement National
18_54;99; 0,1385 ; 120 ; 0,1277 ;21;20;59;15;0;5;Rassemblement National
18_55;91; 0,0964 ; 102 ; 0,0884 ;11;21;35;19;5;11;Rassemblement National
18_56;72; 0,0936 ; 93 ; 0,0815 ;21;15;31;15;0;11;Rassemblement National
18_57;89; 0,0905 ; 88 ; 0,0702 ;-1;28;38;9;6;8;Rassemblement National
18_58;99; 0,1082 ; 111 ; 0,0927 ;12;16;46;18;4;15;Rassemblement National
18_59;107; 0,1262 ; 125 ; 0,1115 ;18;15;59;16;5;12;Rassemblement National
18_60;130; 0,1207 ; 132 ; 0,1048 ;2;27;68;20;3;12;Rassemblement National
18_61;129; 0,1266 ; 150 ; 0,1187 ;21;19;78;18;1;13;Rassemblement National
18_62;131; 0,1480 ; 144 ; 0,1304 ;13;25;72;20;3;11;Rassemblement National
18_63;176; 0,1958 ; 195 ; 0,1650 ;19;41;80;28;1;26;Rassemblement National
18_64;136; 0,1741 ; 161 ; 0,1533 ;25;18;74;29;2;13;Rassemblement National
18_65;165; 0,2880 ; 182 ; 0,2016 ;17;21;104;22;4;14;Rassemblement National
18_66;150; 0,1550 ; 121 ; 0,1035 ;-29;54;57;25;5;9;Rassemblement National
18_67;162; 0,1759 ; 106 ; 0,0959 ;-56;45;75;30;4;8;Rassemblement National
18_68;77; 0,1036 ; 98 ; 0,0999 ;21;13;35;21;1;7;Rassemblement National
19_01;202; 0,2208 ; 150 ; 0,1390 ;-52;78;56;57;8;3;Les Républicains
19_02;150; 0,1656 ; 126 ; 0,1140 ;-24;47;56;30;2;15;Rassemblement National
19_03;146; 0,2321 ; 123 ; 0,1631 ;-23;47;63;29;2;5;Rassemblement National
19_04;151; 0,1885 ; 138 ; 0,1465 ;-13;45;55;39;5;7;Rassemblement National
19_05;194; 0,2238 ; 175 ; 0,1728 ;-19;81;46;58;0;9;Les Républicains
19_06;166; 0,1981 ; 143 ; 0,1409 ;-23;65;52;36;1;12;Les Républicains
19_07;257; 0,3049 ; 191 ; 0,1933 ;-66;125;62;67;0;3;Les Républicains
19_08;152; 0,2375 ; 142 ; 0,1632 ;-10;51;57;34;3;7;Rassemblement National
19_09;200; 0,1953 ; 144 ; 0,1170 ;-56;74;59;45;4;18;Les Républicains
19_10;155; 0,1419 ; 130 ; 0,1037 ;-25;52;54;36;3;10;Rassemblement National
19_11;151; 0,1448 ; 131 ; 0,1080 ;-20;63;37;41;2;8;Les Républicains
19_12;142; 0,1267 ; 120 ; 0,0908 ;-22;53;43;33;2;11;Les Républicains
19_13;192; 0,1698 ; 164 ; 0,1267 ;-28;76;52;52;1;11;Les Républicains
19_14;143; 0,1430 ; 147 ; 0,1211 ;4;42;54;25;5;17;Rassemblement National
19_15;131; 0,1342 ; 129 ; 0,1105 ;-2;42;44;32;5;8;Rassemblement National
19_16;220; 0,1852 ; 177 ; 0,1312 ;-43;73;69;65;3;10;Les Républicains
19_17;219; 0,2332 ; 204 ; 0,1801 ;-15;77;77;46;1;18;Les Républicains
19_18;69; 0,1949 ; 79 ; 0,1606 ;10;10;32;19;2;6;Rassemblement National
19_19;124; 0,2510 ; 137 ; 0,1859 ;13;19;71;17;4;13;Rassemblement National
19_20;166; 0,2677 ; 168 ; 0,1913 ;2;18;93;47;3;5;Rassemblement National
19_21;225; 0,2127 ; 190 ; 0,1446 ;-35;70;74;70;0;11;Rassemblement National
19_22;159; 0,2402 ; 149 ; 0,1620 ;-10;35;67;41;5;11;Rassemblement National
19_23;175; 0,2174 ; 180 ; 0,1705 ;5;52;62;49;1;11;Rassemblement National
19_24;279; 0,3382 ; 246 ; 0,2370 ;-33;100;91;81;1;6;Les Républicains
19_25;263; 0,2654 ; 193 ; 0,1645 ;-70;102;64;76;5;16;Les Républicains
19_26;208; 0,2372 ; 167 ; 0,1640 ;-41;52;66;75;1;14;Reconquête
19_27;206; 0,1856 ; 179 ; 0,1325 ;-27;69;62;53;5;17;Les Républicains
19_28;161; 0,1476 ; 171 ; 0,1343 ;10;51;60;36;2;12;Rassemblement National
19_29;161; 0,1811 ; 172 ; 0,1540 ;11;39;64;43;3;12;Rassemblement National
19_30;179; 0,1638 ; 144 ; 0,1167 ;-35;86;46;33;4;10;Les Républicains
19_31;132; 0,1352 ; 135 ; 0,1187 ;3;36;54;30;1;11;Rassemblement National
19_32;132; 0,1199 ; 145 ; 0,1157 ;13;36;54;20;6;16;Rassemblement National
19_33;170; 0,2273 ; 176 ; 0,1841 ;6;36;74;46;1;13;Rassemblement National
19_34;166; 0,2202 ; 167 ; 0,1754 ;1;47;63;42;6;8;Rassemblement National
19_35;106; 0,1996 ; 112 ; 0,1499 ;6;21;51;17;3;14;Rassemblement National
19_36;201; 0,2600 ; 188 ; 0,2004 ;-13;46;81;54;5;15;Rassemblement National
19_37;161; 0,2421 ; 200 ; 0,2225 ;39;33;77;43;2;6;Rassemblement National
19_38;124; 0,1596 ; 135 ; 0,1380 ;11;33;51;23;4;13;Rassemblement National
19_39;157; 0,1876 ; 166 ; 0,1592 ;9;37;77;37;4;2;Rassemblement National
19_40;165; 0,2239 ; 177 ; 0,1855 ;12;38;80;30;6;11;Rassemblement National
19_41;192; 0,2526 ; 195 ; 0,2012 ;3;28;103;39;5;17;Rassemblement National
19_42;104; 0,2114 ; 139 ; 0,1944 ;35;11;62;19;0;12;Rassemblement National
19_43;144; 0,2558 ; 157 ; 0,1982 ;13;19;81;28;4;12;Rassemblement National
19_44;207; 0,3190 ; 199 ; 0,2199 ;-8;45;92;56;1;13;Rassemblement National
19_45;142; 0,1760 ; 159 ; 0,1482 ;17;24;76;27;5;10;Rassemblement National
19_46;281; 0,2538 ; 243 ; 0,1731 ;-38;95;82;86;3;15;Les Républicains
19_47;240; 0,2346 ; 245 ; 0,1946 ;5;60;98;66;3;13;Rassemblement National
19_48;173; 0,1618 ; 181 ; 0,1327 ;8;46;76;34;4;13;Rassemblement National
19_49;172; 0,1970 ; 170 ; 0,1525 ;-2;39;81;40;4;8;Rassemblement National
19_50;101; 0,1348 ; 112 ; 0,1145 ;11;17;53;21;4;6;Rassemblement National
19_51;231; 0,2954 ; 224 ; 0,2267 ;-7;56;93;68;5;9;Rassemblement National
19_52;157; 0,1903 ; 166 ; 0,1519 ;9;34;66;37;2;18;Rassemblement National
19_53;203; 0,2855 ; 175 ; 0,1917 ;-28;44;89;60;3;7;Rassemblement National
19_54;161; 0,1811 ; 188 ; 0,1643 ;27;39;71;34;4;13;Rassemblement National
19_55;169; 0,2541 ; 172 ; 0,1842 ;3;30;81;46;2;10;Rassemblement National
19_56;154; 0,2366 ; 165 ; 0,1848 ;11;21;70;48;1;14;Rassemblement National
19_57;126; 0,2681 ; 134 ; 0,1749 ;8;21;63;26;4;12;Rassemblement National
19_58;142; 0,1406 ; 127 ; 0,1058 ;-15;35;56;30;5;16;Rassemblement National
19_59;164; 0,1806 ; 156 ; 0,1357 ;-8;45;62;43;1;13;Rassemblement National
19_60;161; 0,1716 ; 162 ; 0,1431 ;1;48;71;34;3;5;Rassemblement National
19_61;143; 0,1582 ; 144 ; 0,1282 ;1;34;52;32;2;23;Rassemblement National
19_62;168; 0,1958 ; 167 ; 0,1545 ;-1;51;58;43;1;15;Rassemblement National
19_63;197; 0,2429 ; 211 ; 0,2110 ;14;52;84;47;4;10;Rassemblement National
19_64;171; 0,1894 ; 189 ; 0,1717 ;18;56;54;45;0;16;Les Républicains
19_65;236; 0,2596 ; 231 ; 0,2098 ;-5;73;84;65;2;12;Rassemblement National
19_66;222; 0,2442 ; 219 ; 0,1975 ;-3;63;91;41;3;24;Rassemblement National
19_67;113; 0,1311 ; 119 ; 0,1012 ;6;27;45;21;5;15;Rassemblement National
19_68;207; 0,2485 ; 204 ; 0,1885 ;-3;43;76;70;4;14;Rassemblement National
19_69;130; 0,1680 ; 135 ; 0,1334 ;5;34;38;46;1;11;Reconquête
19_70;136; 0,1935 ; 123 ; 0,1399 ;-13;24;76;21;4;11;Rassemblement National
19_71;106; 0,2437 ; 136 ; 0,1735 ;30;20;54;24;1;7;Rassemblement National
20_01;153; 0,1723 ; 166 ; 0,1589 ;13;58;52;27;3;13;Les Républicains
20_02;150; 0,2003 ; 165 ; 0,1827 ;15;56;53;28;3;10;Les Républicains
20_03;143; 0,1642 ; 159 ; 0,1532 ;16;50;60;24;0;9;Rassemblement National
20_04;135; 0,1471 ; 143 ; 0,1341 ;8;39;46;24;8;18;Rassemblement National
20_05;131; 0,1403 ; 165 ; 0,1477 ;34;47;50;27;2;5;Rassemblement National
20_06;157; 0,1790 ; 151 ; 0,1430 ;-6;52;57;34;7;7;Rassemblement National
20_07;128; 0,1689 ; 143 ; 0,1580 ;15;43;49;24;7;5;Rassemblement National
20_08;63; 0,0680 ; 106 ; 0,0984 ;43;0;38;16;0;9;Rassemblement National
20_09;141; 0,1582 ; 155 ; 0,1408 ;14;45;62;22;3;9;Rassemblement National
20_10;152; 0,2074 ; 151 ; 0,1682 ;-1;23;76;28;3;22;Rassemblement National
20_11;120; 0,1350 ; 131 ; 0,1175 ;11;26;62;18;2;12;Rassemblement National
20_12;104; 0,1170 ; 126 ; 0,1244 ;22;29;45;24;2;4;Rassemblement National
20_13;100; 0,0978 ; 110 ; 0,0928 ;10;18;49;20;2;11;Rassemblement National
20_14;125; 0,1188 ; 122 ; 0,1022 ;-3;37;46;20;3;19;Rassemblement National
20_15;166; 0,1793 ; 182 ; 0,1704 ;16;46;75;37;0;8;Rassemblement National
20_16;214; 0,2056 ; 228 ; 0,1827 ;14;77;80;42;2;13;Rassemblement National
20_17;167; 0,1990 ; 196 ; 0,1815 ;29;33;88;33;2;11;Rassemblement National
20_18;178; 0,2576 ; 193 ; 0,2206 ;15;35;98;30;4;11;Rassemblement National
20_19;179; 0,1952 ; 208 ; 0,1922 ;29;42;75;44;6;12;Rassemblement National
20_20;159; 0,1795 ; 174 ; 0,1586 ;15;37;75;32;1;14;Rassemblement National
20_21;203; 0,2699 ; 238 ; 0,2404 ;35;52;107;29;4;11;Rassemblement National
20_22;203; 0,2251 ; 222 ; 0,2027 ;19;61;80;45;4;13;Rassemblement National
20_23;272; 0,2704 ; 258 ; 0,2155 ;-14;88;89;63;8;24;Rassemblement National
20_24;202; 0,2098 ; 223 ; 0,1988 ;21;63;73;51;7;8;Rassemblement National
20_25;131; 0,1298 ; 154 ; 0,1313 ;23;23;56;31;2;19;Rassemblement National
20_26;129; 0,1671 ; 154 ; 0,1611 ;25;20;61;26;6;16;Rassemblement National
20_27;167; 0,1917 ; 177 ; 0,1761 ;10;63;54;36;2;12;Les Républicains
20_28;199; 0,2398 ; 235 ; 0,2379 ;36;37;109;40;4;9;Rassemblement National
20_29;209; 0,2198 ; 252 ; 0,2230 ;43;67;94;29;3;16;Rassemblement National
20_30;137; 0,1988 ; 157 ; 0,1473 ;20;21;77;24;5;10;Rassemblement National
20_31;155; 0,1950 ; 182 ; 0,1743 ;27;39;71;25;2;18;Rassemblement National
20_32;173; 0,2125 ; 203 ; 0,1954 ;30;51;69;40;1;12;Rassemblement National
20_33;130; 0,2838 ; 156 ; 0,2191 ;26;18;89;13;2;8;Rassemblement National
20_34;191; 0,2725 ; 185 ; 0,1987 ;-6;28;85;38;1;39;Rassemblement National
20_35;152; 0,2769 ; 193 ; 0,2446 ;41;23;95;13;6;15;Rassemblement National
20_36;141; 0,2362 ; 156 ; 0,1902 ;15;24;68;24;8;17;Rassemblement National
20_37;145; 0,1833 ; 165 ; 0,1602 ;20;33;77;28;0;7;Rassemblement National
20_38;152; 0,1934 ; 152 ; 0,1554 ;0;31;81;20;3;17;Rassemblement National
20_39;156; 0,2545 ; 171 ; 0,2045 ;15;28;83;29;1;15;Rassemblement National
20_40;183; 0,2325 ; 192 ; 0,1957 ;9;29;91;37;4;22;Rassemblement National
20_41;147; 0,2039 ; 164 ; 0,1721 ;17;31;78;25;2;11;Rassemblement National
20_42;155; 0,1701 ; 188 ; 0,1718 ;33;29;78;33;4;11;Rassemblement National
20_43;156; 0,1301 ; 182 ; 0,1284 ;26;51;60;33;2;10;Rassemblement National
20_44;157; 0,1325 ; 185 ; 0,1283 ;28;37;61;27;3;29;Rassemblement National
20_45;189; 0,1652 ; 190 ; 0,1394 ;1;56;72;35;3;23;Rassemblement National
20_46;157; 0,1541 ; 173 ; 0,1430 ;16;47;75;20;4;11;Rassemblement National
20_47;154; 0,1614 ; 183 ; 0,1572 ;29;36;62;39;7;10;Rassemblement National
20_48;186; 0,1555 ; 211 ; 0,1508 ;25;52;86;35;2;11;Rassemblement National
20_49;152; 0,1245 ; 175 ; 0,1215 ;23;36;59;35;4;18;Rassemblement National
20_50;193; 0,1720 ; 210 ; 0,1612 ;17;76;54;42;11;10;Les Républicains
20_51;256; 0,2190 ; 270 ; 0,2006 ;14;84;92;60;4;16;Rassemblement National
20_52;164; 0,1995 ; 154 ; 0,1560 ;-10;47;67;36;6;8;Rassemblement National
20_53;191; 0,1935 ; 163 ; 0,1425 ;-28;59;75;44;2;11;Rassemblement National
20_54;135; 0,1834 ; 123 ; 0,1217 ;-12;16;71;23;4;21;Rassemblement National
20_55;150; 0,2555 ; 176 ; 0,2093 ;26;20;86;29;4;11;Rassemblement National
20_56;145; 0,2273 ; 144 ; 0,1733 ;-1;33;71;28;3;10;Rassemblement National
20_57;202; 0,2405 ; 164 ; 0,1687 ;-38;65;83;34;3;17;Rassemblement National
20_58;143; 0,1304 ; 144 ; 0,1130 ;1;34;73;20;4;12;Rassemblement National
20_59;181; 0,1552 ; 173 ; 0,1281 ;-8;60;69;36;3;13;Rassemblement National
20_60;162; 0,1824 ; 147 ; 0,1412 ;-15;52;64;28;5;13;Rassemblement National
20_61;123; 0,1382 ; 104 ; 0,0982 ;-19;38;51;20;1;13;Rassemblement National
20_62;134; 0,1665 ; 139 ; 0,1379 ;5;28;60;32;5;9;Rassemblement National
20_63;128; 0,1899 ; 117 ; 0,1277 ;-11;21;64;21;3;19;Rassemblement National
20_64;122; 0,1669 ; 117 ; 0,1315 ;-5;30;56;20;4;12;Rassemblement National
20_65;136; 0,1583 ; 113 ; 0,1144 ;-23;25;52;37;2;20;Rassemblement National
20_66;110; 0,1486 ; 124 ; 0,1372 ;14;29;47;22;6;6;Rassemblement National
20_67;119; 0,1417 ; 109 ; 0,1085 ;-10;26;52;30;2;9;Rassemblement National
20_68;109; 0,1219 ; 101 ; 0,0911 ;-8;33;36;20;5;15;Rassemblement National
20_69;105; 0,1163 ; 100 ; 0,0871 ;-5;16;55;19;4;11;Rassemblement National
20_70;161; 0,1502 ; 140 ; 0,1128 ;-21;45;68;27;4;17;Rassemblement National
20_71;125; 0,1173 ; 118 ; 0,0925 ;-7;20;55;27;3;20;Rassemblement National
20_72;133; 0,1377 ; 119 ; 0,0984 ;-14;32;58;23;6;14;Rassemblement National
20_73;119; 0,1096 ; 104 ; 0,0807 ;-15;30;46;21;1;21;Rassemblement National
20_74;106; 0,0936 ; 98 ; 0,0742 ;-8;31;35;17;2;21;Rassemblement National
20_75;125; 0,1422 ; 115 ; 0,0978 ;-10;30;52;24;3;16;Rassemblement National
20_76;124; 0,1109 ; 115 ; 0,0813 ;-9;28;43;32;5;16;Rassemblement National
