id_bv;total_G_EUR;total_G_LEG;ecart_voix_G;p_G_EUR;p_G_LEG;nb_PS;nb_EELV;nb_PCF;nb_LFI;autresGauche;ExtGauche;partie_dominant
01_01;295;282;-13;0,4617;0,3648;136;66;4;84;3;2;Partie Socialiste
01_02;329;312;-17;0,4796;0,3486;171;72;5;71;9;1;Partie Socialiste
01_03;369;323;-46;0,4933;0,3730;178;86;11;86;5;3;Partie Socialiste
01_04;390;434;44;0,5328;0,4822;175;66;15;125;5;4;Partie Socialiste
01_05;338;321;-17;0,5248;0,3924;173;79;5;75;5;1;Partie Socialiste
01_06;379;339;-40;0,4834;0,3742;189;88;8;87;3;4;Partie Socialiste
01_07;303;259;-44;0,4202;0,3213;156;60;8;70;4;5;Partie Socialiste
01_08;181;173;-8;0,3261;0,2574;96;47;3;34;1;0;Partie Socialiste
01_09;166;148;-18;0,2862;0,2229;91;28;2;43;2;0;Partie Socialiste
01_10;178;143;-35;0,3352;0,2197;93;44;3;37;1;0;Partie Socialiste
02_11;267;251;-16;0,4205;0,3193;151;45;5;61;4;1;Partie Socialiste
02_12;306;298;-8;0,4554;0,3639;148;65;3;81;6;3;Partie Socialiste
02_13;214;189;-25;0,4068;0,3039;103;53;4;53;1;0;Partie Socialiste
02_14;456;486;30;0,5112;0,4274;208;111;6;125;5;1;Partie Socialiste
02_15;454;427;-27;0,509;0,3935;216;115;6;112;3;2;Partie Socialiste
02_16;431;393;-38;0,4615;0,3496;214;105;16;88;7;1;Partie Socialiste
02_17;487;467;-20;0,5288;0,4115;258;113;8;99;6;3;Partie Socialiste
02_18;615;589;-26;0,6107;0,4645;306;143;14;141;9;2;Partie Socialiste
02_19;626;611;-15;0,6119;0,4796;286;163;10;149;16;2;Partie Socialiste
02_20;537;521;-16;0,6061;0,4915;283;118;17;111;7;1;Partie Socialiste
03_21;464;462;-2;0,5364;0,4274;235;113;12;94;6;4;Partie Socialiste
03_22;593;602;9;0,6063;0,4959;275;139;14;155;3;7;Partie Socialiste
03_23;463;447;-16;0,5709;0,4506;255;103;15;84;3;3;Partie Socialiste
03_24;511;455;-56;0,5678;0,4151;281;115;7;98;6;4;Partie Socialiste
03_25;414;486;72;0,5105;0,4193;256;81;0;65;4;8;Partie Socialiste
03_26;533;416;-117;0,5634;0,4135;291;128;10;94;6;4;Partie Socialiste
03_27;496;479;-17;0,5056;0,4098;277;98;2;112;4;3;Partie Socialiste
03_28;442;401;-41;0,4922;0,3801;269;96;9;68;0;0;Partie Socialiste
03_29;521;516;-5;0,5377;0,4444;260;101;17;124;11;8;Partie Socialiste
03_30;590;605;15;0,5954;0,4828;298;133;14;132;10;3;Partie Socialiste
03_31;534;524;-10;0,5427;0,4400;309;97;9;112;6;1;Partie Socialiste
03_32;502;507;5;0,599;0,4756;241;100;16;135;7;3;Partie Socialiste
03_33;568;551;-17;0,6297;0,4915;262;133;10;144;11;8;Partie Socialiste
03_34;650;633;-17;0,6007;0,4953;340;177;9;113;8;3;Partie Socialiste
03_35;477;477;0;0,523;0,4317;230;107;11;122;4;3;Partie Socialiste
04_36;345;379;34;0,472;0,4297;161;52;6;112;9;5;Partie Socialiste
04_37;384;367;-17;0,5079;0,4272;202;74;1;96;9;2;Partie Socialiste
04_38;495;485;-10;0,5549;0,4580;262;106;13;105;8;1;Partie Socialiste
04_39;497;488;-9;0,5732;0,4939;213;82;18;168;9;7;Partie Socialiste
04_40;475;431;-44;0,4857;0,3787;272;102;8;81;10;2;Partie Socialiste
04_41;537;518;-19;0,5005;0,4069;276;126;13;114;4;4;Partie Socialiste
04_42;383;346;-37;0,4592;0,3389;215;83;7;70;5;3;Partie Socialiste
04_43;538;550;12;0,508;0,4338;252;117;16;142;10;1;Partie Socialiste
04_44;303;281;-22;0,4162;0,3306;161;63;14;59;5;1;Partie Socialiste
04_45;252;224;-28;0,4228;0,3052;151;54;0;43;3;1;Partie Socialiste
04_46;353;351;-2;0,5308;0,4377;188;76;8;74;5;2;Partie Socialiste
04_47;432;397;-35;0,5192;0,4161;228;84;13;103;1;3;Partie Socialiste
04_48;565;582;17;0,5719;0,4834;271;112;19;157;4;2;Partie Socialiste
04_49;413;388;-25;0,5275;0,4208;229;87;15;78;2;2;Partie Socialiste
05_01;469;507;38;0,4891;0,4386;221;93;15;135;2;3;Partie Socialiste
05_02;483;483;0;0,4631;0,4012;244;97;17;117;7;1;Partie Socialiste
05_03;505;531;26;0,501;0,4310;250;105;7;130;9;4;Partie Socialiste
05_04;434;431;-3;0,4677;0,3904;228;93;11;94;6;2;Partie Socialiste
05_05;452;473;21;0,5426;0,4754;200;87;17;140;7;1;Partie Socialiste
05_06;484;505;21;0,529;0,4715;230;114;0;127;5;8;Partie Socialiste
05_07;479;494;15;0,4766;0,4204;253;103;11;106;4;2;Partie Socialiste
05_08;504;471;-33;0,4688;0,3783;293;95;12;92;12;0;Partie Socialiste
05_09;651;621;-30;0,528;0,4439;345;151;20;125;8;2;Partie Socialiste
05_10;522;505;-17;0,5019;0,4187;277;97;15;112;16;5;Partie Socialiste
05_11;574;575;1;0,5488;0,4671;283;131;26;124;7;3;Partie Socialiste
05_12;596;612;16;0,572;0,5104;305;119;21;136;10;5;Partie Socialiste
05_13;522;550;28;0,5283;0,4493;252;127;15;116;9;3;Partie Socialiste
05_14;483;486;3;0,5716;0,4860;270;98;12;94;7;2;Partie Socialiste
05_15;608;635;27;0,5763;0,5100;321;142;15;120;9;1;Partie Socialiste
05_16;602;639;37;0,5839;0,5383;301;117;13;161;8;2;Partie Socialiste
05_17;537;556;19;0,5623;0,5153;274;116;9;124;10;4;Partie Socialiste
05_18;470;497;27;0,5589;0,5199;208;113;11;133;4;1;Partie Socialiste
05_19;484;503;19;0,5278;0,4719;240;101;14;119;7;3;Partie Socialiste
05_20;506;557;51;0,5326;0,4916;229;110;9;141;15;2;Partie Socialiste
05_21;591;617;26;0,5683;0,5057;306;136;15;117;12;5;Partie Socialiste
05_22;447;450;3;0,476;0,4229;231;106;13;92;5;0;Partie Socialiste
05_23;450;468;18;0,4722;0,4209;223;82;16;117;8;4;Partie Socialiste
05_24;561;605;44;0,5724;0,5050;290;130;17;114;6;4;Partie Socialiste
05_25;590;598;8;0,5673;0,4811;300;137;5;140;7;1;Partie Socialiste
06_01;316;315;-1;0,3901;0,3261;173;72;7;60;3;1;Partie Socialiste
06_02;292;257;-35;0,3468;0,2599;178;60;1;52;1;0;Partie Socialiste
06_03;368;341;-27;0,4407;0,3386;203;81;11;66;3;4;Partie Socialiste
06_04;291;252;-39;0,4292;0,3154;173;57;5;49;6;1;Partie Socialiste
06_05;344;329;-15;0,4416;0,3635;194;73;8;66;1;2;Partie Socialiste
06_06;330;319;-11;0,4539;0,3600;194;60;8;61;4;3;Partie Socialiste
06_07;231;197;-34;0,3604;0,2562;130;52;4;44;1;0;Partie Socialiste
06_08;227;217;-10;0,3626;0,2782;136;43;6;40;2;0;Partie Socialiste
06_09;194;194;0;0,3553;0,2975;117;30;3;42;1;1;Partie Socialiste
06_10;287;257;-30;0,3737;0,2891;168;62;11;31;10;5;Partie Socialiste
06_11;310;297;-13;0,3735;0,3062;176;53;9;65;7;0;Partie Socialiste
06_12;251;229;-22;0,3161;0,2503;149;51;8;37;5;1;Partie Socialiste
06_13;281;264;-17;0,3098;0,2498;171;54;5;45;5;1;Partie Socialiste
06_14;304;294;-10;0,3897;0,3066;160;60;6;72;5;1;Partie Socialiste
06_15;290;265;-25;0,3545;0,2766;172;57;6;53;1;1;Partie Socialiste
06_16;358;338;-20;0,3664;0,2931;186;93;11;65;3;0;Partie Socialiste
06_17;402;384;-18;0,4012;0,3216;243;78;10;63;6;2;Partie Socialiste
06_18;244;234;-10;0,3403;0,2819;139;50;6;45;3;1;Partie Socialiste
06_19;241;223;-18;0,3347;0,2693;140;60;1;37;2;1;Partie Socialiste
06_20;279;253;-26;0,3436;0,2771;159;56;7;54;2;1;Partie Socialiste
06_21;320;281;-39;0,4082;0,3119;192;59;11;53;4;1;Partie Socialiste
06_22;329;305;-24;0,3672;0,2880;210;54;6;55;4;0;Partie Socialiste
07_01;153;125;-28;0,246;0,1682;88;34;4;21;5;1;Partie Socialiste
07_02;229;177;-52;0,2678;0,1729;139;48;1;39;0;2;Partie Socialiste
07_03;211;177;-34;0,2624;0,1838;137;32;5;32;5;0;Partie Socialiste
07_04;205;216;11;0,2645;0,2298;100;46;4;54;1;0;Partie Socialiste
07_05;224;173;-51;0,2602;0,1693;134;40;7;42;1;0;Partie Socialiste
07_06;257;221;-36;0,28;0,2062;140;54;6;55;2;0;Partie Socialiste
07_07;256;230;-26;0,287;0,2178;148;54;4;47;2;1;Partie Socialiste
07_08;282;227;-55;0,2706;0,1908;166;52;5;51;4;4;Partie Socialiste
07_09;242;219;-23;0,2973;0,2281;131;58;2;45;5;1;Partie Socialiste
07_10;315;267;-48;0,3195;0,2334;167;63;11;71;3;0;Partie Socialiste
07_11;173;121;-52;0,2031;0,1286;109;38;1;23;1;1;Partie Socialiste
07_12;193;153;-40;0,2377;0,1599;113;35;7;31;6;1;Partie Socialiste
07_13;205;141;-64;0,2491;0,1445;114;44;6;38;3;0;Partie Socialiste
07_14;249;219;-30;0,2795;0,2102;122;65;5;53;4;0;Partie Socialiste
07_15;269;204;-65;0,2832;0,1868;160;53;5;44;5;2;Partie Socialiste
07_16;276;235;-41;0,2924;0,2081;146;65;10;48;3;4;Partie Socialiste
07_17;255;238;-17;0,3184;0,2419;134;48;1;68;2;2;Partie Socialiste
07_18;262;256;-6;0,3043;0,2459;132;56;7;62;2;3;Partie Socialiste
07_19;208;195;-13;0,2656;0,2145;114;43;6;43;2;0;Partie Socialiste
07_20;186;175;-11;0,2441;0,1852;97;39;3;45;2;0;Partie Socialiste
07_21;225;198;-27;0,2291;0,1757;126;33;11;53;1;1;Partie Socialiste
07_22;210;171;-39;0,2658;0,1767;129;34;5;40;2;0;Partie Socialiste
07_23;145;117;-28;0,1921;0,1337;77;26;5;34;3;0;Partie Socialiste
07_24;99;83;-16;0,1473;0,1011;53;20;1;23;2;0;Partie Socialiste
07_25;148;120;-28;0,196;0,1292;80;37;2;27;2;0;Partie Socialiste
08_01;228;182;-46;0,2336;0,1533;110;54;3;54;6;1;Partie Socialiste
08_02;193;162;-31;0,2323;0,1591;103;39;1;45;5;0;Partie Socialiste
08_03;237;185;-52;0,2368;0,1636;125;57;2;49;4;0;Partie Socialiste
08_04;178;120;-58;0,203;0,1126;99;33;6;37;2;1;Partie Socialiste
08_05;314;227;-87;0,2836;0,1787;163;71;9;63;6;2;Partie Socialiste
08_06;350;308;-42;0,3539;0,2709;176;83;11;72;7;1;Partie Socialiste
08_07;374;329;-45;0,3681;0,2739;186;100;7;73;6;2;Partie Socialiste
08_08;394;368;-26;0,4108;0,3151;176;81;4;120;4;9;Partie Socialiste
08_09;333;258;-75;0,2968;0,2011;159;68;15;85;5;1;Partie Socialiste
08_10;172;133;-39;0,294;0,1764;104;32;4;29;2;1;Partie Socialiste
08_11;221;200;-21;0,3166;0,2395;103;58;7;48;2;3;Partie Socialiste
08_12;194;158;-36;0,2611;0,1761;92;36;2;60;3;1;Partie Socialiste
08_13;232;175;-57;0,2782;0,1707;112;39;3;71;7;0;Partie Socialiste
08_14;207;208;1;0,245;0,1953;86;43;3;72;3;0;Partie Socialiste
08_15;201;155;-46;0,2199;0,1367;102;49;3;43;4;0;Partie Socialiste
08_16;211;172;-39;0,2057;0,1469;99;37;4;68;2;1;Partie Socialiste
08_17;108;95;-13;0,2517;0,1759;59;16;0;33;0;0;Partie Socialiste
08_18;97;90;-7;0,2086;0,1531;44;15;3;34;1;0;Partie Socialiste
09_01;403;367;-36;0,5056;0,3843;215;89;15;70;9;5;Partie Socialiste
09_02;546;532;-14;0,5784;0,4687;266;122;9;143;4;2;Partie Socialiste
09_03;474;446;-28;0,5075;0,3989;249;114;8;99;3;1;Partie Socialiste
09_04;521;460;-61;0,5513;0,4060;300;99;9;109;4;0;Partie Socialiste
09_05;492;447;-45;0,5184;0,3857;261;107;7;105;8;4;Partie Socialiste
09_06;416;361;-55;0,4765;0,3346;215;88;10;91;5;7;Partie Socialiste
09_07;334;311;-23;0,4149;0,3040;173;65;6;82;7;1;Partie Socialiste
09_08;491;375;-116;0,4703;0,3051;271;122;5;83;8;2;Partie Socialiste
09_09;400;335;-65;0,4415;0,3178;213;78;3;101;2;3;Partie Socialiste
09_10;479;405;-74;0,4632;0,3350;268;113;8;83;4;3;Partie Socialiste
09_11;532;472;-60;0,5336;0,4055;298;100;12;110;4;8;Partie Socialiste
09_12;507;474;-33;0,5259;0,4221;252;108;7;136;2;2;Partie Socialiste
09_13;563;538;-25;0,5852;0,4552;295;117;5;141;5;0;Partie Socialiste
09_14;541;457;-84;0,4963;0,3627;310;119;15;88;7;2;Partie Socialiste
09_15;466;422;-44;0,4814;0,3702;254;116;8;80;4;4;Partie Socialiste
09_16;469;398;-71;0,5011;0,3592;263;106;7;83;7;3;Partie Socialiste
09_17;410;373;-37;0,4461;0,3388;213;108;11;73;4;1;Partie Socialiste
09_18;564;486;-78;0,5601;0,4122;284;133;20;115;6;6;Partie Socialiste
09_19;526;454;-72;0,5566;0,4072;291;112;6;104;8;5;Partie Socialiste
09_20;484;444;-40;0,485;0,3769;259;114;10;92;6;3;Partie Socialiste
09_21;487;476;-11;0,4919;0,3908;260;104;10;105;5;3;Partie Socialiste
09_22;463;434;-29;0,5066;0,3910;243;114;13;84;5;4;Partie Socialiste
09_23;456;411;-45;0,5272;0,3914;257;97;5;89;8;0;Partie Socialiste
09_24;517;435;-82;0,5313;0,3829;302;107;10;87;8;3;Partie Socialiste
09_25;605;553;-52;0,599;0,4503;319;127;10;144;2;3;Partie Socialiste
09_26;547;498;-49;0,5389;0,4164;295;126;11;105;8;2;Partie Socialiste
09_27;656;651;-5;0,6218;0,5267;301;158;13;162;17;5;Partie Socialiste
10_01;701;745;44;0,6588;0,6037;318;175;18;177;8;5;Partie Socialiste
10_02;711;725;14;0,6837;0,5982;306;194;15;181;12;3;Partie Socialiste
10_03;714;727;13;0,7021;0,5974;340;169;16;184;3;2;Partie Socialiste
10_04;587;613;26;0,6939;0,5946;275;138;11;160;2;1;Partie Socialiste
10_05;556;572;16;0,6435;0,5442;272;126;19;133;4;2;Partie Socialiste
10_06;609;642;33;0,6438;0,5753;272;138;11;174;9;5;Partie Socialiste
10_07;547;620;73;0,7004;0,6339;244;143;10;144;4;2;Partie Socialiste
10_08;709;722;13;0,6971;0,5923;335;166;15;179;7;7;Partie Socialiste
10_09;603;617;14;0,603;0,5008;290;153;12;136;10;2;Partie Socialiste
10_10;723;720;-3;0,7102;0,6102;352;161;18;174;8;10;Partie Socialiste
10_11;683;749;66;0,702;0,6407;271;160;19;217;9;7;Partie Socialiste
10_12;767;849;82;0,7859;0,7189;300;197;15;243;6;6;Partie Socialiste
10_13;691;841;150;0,761;0,7207;215;141;20;298;9;8;La France Insoumise
10_14;803;874;71;0,7943;0,7117;262;222;20;284;8;7;La France Insoumise
10_15;625;668;43;0,703;0,6290;239;168;16;191;5;6;Partie Socialiste
10_16;640;706;66;0,7232;0,6598;255;164;16;196;5;4;Partie Socialiste
10_17;352;440;88;0,5043;0,5000;102;63;20;154;8;5;La France Insoumise
10_18;467;564;97;0,6294;0,5956;175;95;15;172;4;6;Partie Socialiste
10_19;471;510;39;0,6382;0,5769;176;93;23;166;4;9;Partie Socialiste
10_20;555;632;77;0,6964;0,6590;225;138;20;165;4;3;Partie Socialiste
10_21;526;638;112;0,6885;0,6386;195;116;14;191;7;3;Partie Socialiste
10_22;679;743;64;0,6978;0,6281;288;177;11;199;3;1;Partie Socialiste
10_23;606;637;31;0,724;0,6480;275;146;21;152;7;5;Partie Socialiste
10_24;541;604;63;0,6865;0,6138;230;136;8;158;3;6;Partie Socialiste
10_25;574;654;80;0,6958;0,6606;241;133;17;177;4;2;Partie Socialiste
10_26;570;615;45;0,6968;0,6321;228;153;13;166;6;4;Partie Socialiste
10_27;624;708;84;0,7256;0,6711;231;126;17;237;6;7;La France Insoumise
10_28;573;604;31;0,6388;0,5774;267;108;21;163;10;4;Partie Socialiste
10_29;593;575;-18;0,5978;0,5000;275;132;9;161;12;4;Partie Socialiste
10_30;599;623;24;0,6462;0,5613;273;136;16;164;8;2;Partie Socialiste
10_31;430;430;0;0,5749;0,4614;242;94;2;83;4;5;Partie Socialiste
10_32;556;645;89;0,6924;0,6555;214;125;16;193;6;2;Partie Socialiste
10_33;639;641;2;0,6946;0,5963;304;143;7;175;5;5;Partie Socialiste
10_34;514;538;24;0,5762;0,4778;244;125;9;129;7;0;Partie Socialiste
10_35;515;543;28;0,5961;0,5211;257;104;6;142;4;2;Partie Socialiste
10_36;619;674;55;0,6692;0,5876;301;147;15;148;5;3;Partie Socialiste
10_37;497;523;26;0,6166;0,5225;225;111;13;143;4;1;Partie Socialiste
10_38;707;688;-19;0,6766;0,5396;371;153;7;169;7;0;Partie Socialiste
10_39;705;724;19;0,6987;0,5901;304;137;19;228;9;8;Partie Socialiste
11_01;746;840;94;0,6631;0,6048;317;196;15;204;8;6;Partie Socialiste
11_02;641;645;4;0,607;0,5164;331;146;10;138;9;7;Partie Socialiste
11_03;645;756;111;0,6775;0,6407;253;147;28;209;5;3;Partie Socialiste
11_04;665;710;45;0,6192;0,5457;326;145;19;162;11;2;Partie Socialiste
11_05;746;817;71;0,6655;0,5964;357;157;24;197;3;8;Partie Socialiste
11_06;755;791;36;0,6729;0,6066;345;154;24;207;11;14;Partie Socialiste
11_07;629;645;16;0,6418;0,5317;316;123;11;167;8;4;Partie Socialiste
11_08;663;749;86;0,6752;0,6226;301;141;14;194;5;8;Partie Socialiste
11_09;744;773;29;0,6685;0,5812;340;188;12;193;6;5;Partie Socialiste
11_10;677;741;64;0,6637;0,5990;303;138;17;207;6;6;Partie Socialiste
11_11;795;853;58;0,6675;0,5764;384;188;27;186;6;4;Partie Socialiste
11_12;771;764;-7;0,6965;0,5797;344;179;12;223;11;2;Partie Socialiste
11_13;792;829;37;0,7174;0,6114;365;207;18;192;6;4;Partie Socialiste
11_14;799;793;-6;0,6598;0,5507;372;164;15;217;17;14;Partie Socialiste
11_15;633;648;15;0,5528;0,4847;349;144;9;119;7;5;Partie Socialiste
11_16;593;543;-50;0,5542;0,4407;324;141;12;104;12;0;Partie Socialiste
11_17;578;601;23;0,5579;0,4793;325;100;14;132;4;3;Partie Socialiste
11_18;619;667;48;0,6057;0,5349;297;139;15;157;5;6;Partie Socialiste
11_19;592;621;29;0,6278;0,5447;295;125;15;152;4;1;Partie Socialiste
11_20;720;737;17;0,6481;0,5516;373;152;17;168;9;1;Partie Socialiste
11_21;671;653;-18;0,6534;0,5442;327;148;13;169;9;5;Partie Socialiste
11_22;717;721;4;0,6351;0,5381;348;176;15;168;7;3;Partie Socialiste
11_23;726;776;50;0,6888;0,6025;356;162;17;175;10;6;Partie Socialiste
11_24;740;760;20;0,648;0,5499;331;194;13;187;11;4;Partie Socialiste
11_25;725;763;38;0,6277;0,5521;337;169;13;192;11;3;Partie Socialiste
11_26;723;724;1;0,6138;0,5205;380;151;19;155;9;9;Partie Socialiste
11_27;847;847;0;0,7029;0,6020;372;215;18;224;13;5;Partie Socialiste
11_28;758;811;53;0,7064;0,6376;323;178;20;227;6;4;Partie Socialiste
11_29;822;928;106;0,7359;0,6540;327;173;17;293;8;4;Partie Socialiste
11_30;820;881;61;0,7414;0,6609;335;196;18;257;12;2;Partie Socialiste
11_31;743;943;200;0,7613;0,7287;213;161;17;341;5;6;La France Insoumise
11_32;867;962;95;0,7652;0,7136;284;189;23;358;7;6;La France Insoumise
11_33;848;868;20;0,7061;0,6028;360;199;19;254;8;8;Partie Socialiste
11_34;684;809;125;0,6944;0,6462;255;170;14;226;8;11;Partie Socialiste
11_35;679;693;14;0,6328;0,5414;327;137;18;188;6;3;Partie Socialiste
11_36;745;761;16;0,6924;0,5822;308;183;18;215;17;4;Partie Socialiste
11_37;670;648;-22;0,6518;0,5400;331;161;16;147;11;4;Partie Socialiste
11_38;762;731;-31;0,6804;0,5316;387;152;13;196;8;6;Partie Socialiste
11_39;640;681;41;0,6882;0,6311;267;151;27;185;9;1;Partie Socialiste
11_40;564;575;11;0,6395;0,5471;267;92;21;168;13;3;Partie Socialiste
11_41;652;765;113;0,6573;0,6105;253;133;18;235;8;5;Partie Socialiste
11_42;555;610;55;0,6469;0,5815;223;116;17;183;8;8;Partie Socialiste
11_43;701;785;84;0,6721;0,6066;295;173;17;200;8;8;Partie Socialiste
11_44;692;679;-13;0,6217;0,5171;300;170;16;190;10;6;Partie Socialiste
11_45;580;553;-27;0,5566;0,4518;291;140;8;133;6;2;Partie Socialiste
11_46;642;742;100;0,6344;0,6018;201;119;19;284;11;8;La France Insoumise
11_47;677;712;35;0,6478;0,5642;254;169;23;219;7;5;Partie Socialiste
11_48;681;630;-51;0,5742;0,4615;311;158;21;177;10;4;Partie Socialiste
11_49;706;733;27;0,6177;0,5491;265;170;10;243;11;7;Partie Socialiste
11_50;802;765;-37;0,6678;0,5654;371;202;25;192;10;2;Partie Socialiste
11_51;701;685;-16;0,6117;0,5205;319;176;20;179;4;3;Partie Socialiste
11_52;780;782;2;0,6621;0,5570;354;204;13;193;11;5;Partie Socialiste
11_53;745;711;-34;0,6052;0,5032;366;188;14;165;7;5;Partie Socialiste
11_54;604;651;47;0,6095;0,5475;270;134;10;176;8;6;Partie Socialiste
11_55;739;724;-15;0,678;0,5485;326;180;24;197;9;3;Partie Socialiste
12_01;412;450;38;0,5827;0,5468;202;81;17;102;8;2;Partie Socialiste
12_02;470;512;42;0,5839;0,5333;213;110;16;120;8;3;Partie Socialiste
12_03;525;555;30;0,5346;0,4684;247;100;26;144;6;2;Partie Socialiste
12_04;450;484;34;0,5226;0,4627;201;87;14;125;12;11;Partie Socialiste
12_05;475;460;-15;0,4867;0,4159;221;103;13;126;6;6;Partie Socialiste
12_06;454;531;77;0,5457;0,5180;185;78;14;170;6;1;Partie Socialiste
12_07;501;498;-3;0,4917;0,4246;253;110;11;121;5;1;Partie Socialiste
12_08;503;580;77;0,5829;0,5604;222;97;15;155;7;7;Partie Socialiste
12_09;520;639;119;0,6025;0,5830;159;94;24;228;6;9;La France Insoumise
12_10;573;610;37;0,6188;0,5491;228;130;21;183;5;6;Partie Socialiste
12_11;458;475;17;0,5545;0,5075;213;100;18;116;6;5;Partie Socialiste
12_12;777;839;62;0,6201;0,5516;325;159;13;262;12;6;Partie Socialiste
12_13;601;629;28;0,6065;0,5427;290;129;11;156;9;6;Partie Socialiste
12_14;408;448;40;0,4684;0,4401;197;82;13;110;3;3;Partie Socialiste
12_15;565;637;72;0,5954;0,5468;217;134;25;182;3;4;Partie Socialiste
12_16;483;475;-8;0,5433;0,4550;272;102;12;88;6;3;Partie Socialiste
12_17;428;444;16;0,4925;0,4400;211;106;7;91;10;3;Partie Socialiste
12_18;596;609;13;0,5984;0,5375;286;145;16;139;7;3;Partie Socialiste
12_19;534;570;36;0,6034;0,5455;243;114;8;154;11;4;Partie Socialiste
12_20;506;519;13;0,5628;0,5024;234;106;13;141;9;3;Partie Socialiste
12_21;516;581;65;0,5089;0,4716;240;113;20;137;5;1;Partie Socialiste
12_22;494;640;146;0,6047;0,5850;183;82;14;208;4;3;La France Insoumise
12_23;387;457;70;0,5237;0,5005;157;76;18;129;4;3;Partie Socialiste
12_24;513;578;65;0,6248;0,5579;212;133;21;137;7;3;Partie Socialiste
12_25;524;583;59;0,5475;0,5043;213;103;15;182;9;2;Partie Socialiste
12_26;467;488;21;0,5313;0,4683;212;97;21;124;9;4;Partie Socialiste
12_27;521;570;49;0,6037;0,5408;228;115;10;150;13;5;Partie Socialiste
12_28;463;518;55;0,5279;0,5049;185;77;15;174;7;5;Partie Socialiste
12_29;376;389;13;0,5489;0,4785;149;81;16;121;6;3;Partie Socialiste
12_30;504;472;-32;0,5379;0,4358;261;99;10;126;5;3;Partie Socialiste
12_31;486;530;44;0,5376;0,5014;216;112;16;134;7;1;Partie Socialiste
12_32;494;500;6;0,5255;0,4579;246;100;14;122;10;2;Partie Socialiste
12_33;506;553;47;0,5338;0,5005;221;99;13;159;10;4;Partie Socialiste
12_34;510;523;13;0,5065;0,4436;216;135;22;131;4;2;Partie Socialiste
12_35;469;463;-6;0,4776;0,4047;248;88;16;105;9;3;Partie Socialiste
12_36;434;479;45;0,5515;0,4908;154;82;14;172;8;4;La France Insoumise
12_37;435;525;90;0,5769;0,5463;144;57;10;215;7;2;La France Insoumise
12_38;509;583;74;0,5324;0,5030;232;112;16;144;3;2;Partie Socialiste
12_39;389;425;36;0,5132;0,4691;186;82;22;90;6;3;Partie Socialiste
12_40;516;517;1;0,5804;0,5044;248;110;11;139;4;4;Partie Socialiste
12_41;445;464;19;0,5017;0,4514;185;107;16;125;10;2;Partie Socialiste
12_42;571;604;33;0,5744;0,5033;233;134;15;175;12;2;Partie Socialiste
12_43;228;280;52;0,475;0,4553;88;34;12;89;1;4;La France Insoumise
12_44;483;517;34;0,5771;0,5385;191;78;14;194;4;2;La France Insoumise
12_45;389;533;144;0,5994;0,6098;94;35;21;228;7;4;La France Insoumise
12_46;485;552;67;0,5607;0,5144;200;81;10;177;7;10;Partie Socialiste
12_47;396;549;153;0,507;0,5404;159;64;8;161;1;3;La France Insoumise
12_48;493;578;85;0,5848;0,5521;166;105;16;199;4;3;La France Insoumise
12_49;631;647;16;0,612;0,5352;283;149;21;159;13;6;Partie Socialiste
12_50;558;647;89;0,6193;0,5731;217;104;18;203;8;8;Partie Socialiste
12_51;490;588;98;0,5671;0,5288;209;70;13;192;3;3;Partie Socialiste
12_52;481;498;17;0,5809;0,4940;224;115;8;125;4;5;Partie Socialiste
12_53;613;600;-13;0,5686;0,4847;313;140;11;141;6;2;Partie Socialiste
12_54;397;418;21;0,519;0,4519;192;76;13;105;5;6;Partie Socialiste
12_55;722;752;30;0,6197;0,5360;351;153;26;179;9;4;Partie Socialiste
12_56;500;536;36;0,6435;0,5696;251;114;10;114;8;3;Partie Socialiste
12_57;674;714;40;0,7058;0,6134;297;176;22;165;10;4;Partie Socialiste
12_58;605;631;26;0,6526;0,5763;283;133;18;161;1;9;Partie Socialiste
12_59;464;517;53;0,5707;0,5335;215;97;7;136;5;4;Partie Socialiste
12_60;552;613;61;0,6595;0,6087;250;117;13;160;5;7;Partie Socialiste
12_61;455;521;66;0,5159;0,4749;199;89;18;142;5;2;Partie Socialiste
12_62;674;663;-11;0,6582;0,5628;340;167;18;142;5;2;Partie Socialiste
12_63;457;558;101;0,5756;0,5580;169;97;10;162;13;6;Partie Socialiste
12_64;457;480;23;0,5253;0,4743;221;106;9;115;5;1;Partie Socialiste
13_01;677;697;20;0,5986;0,5308;316;152;14;178;12;5;Partie Socialiste
13_02;518;573;55;0,5927;0,5563;202;120;11;172;9;4;Partie Socialiste
13_03;556;619;63;0,5884;0,5255;226;111;28;174;13;4;Partie Socialiste
13_04;421;505;84;0,5839;0,5549;146;68;20;172;5;10;La France Insoumise
13_05;573;610;37;0,5883;0,5304;278;91;24;170;7;3;Partie Socialiste
13_06;471;469;-2;0,6038;0,5258;232;89;13;127;8;2;Partie Socialiste
13_07;585;664;79;0,6158;0,5666;239;110;14;203;14;5;Partie Socialiste
13_08;567;641;74;0,6136;0,5968;211;81;27;232;7;9;La France Insoumise
13_09;418;483;65;0,6093;0,5791;160;62;11;175;2;8;La France Insoumise
13_10;419;476;57;0,586;0,5271;168;48;27;163;6;7;Partie Socialiste
13_11;436;504;68;0,5633;0,5196;145;56;25;197;7;6;La France Insoumise
13_12;440;549;109;0,5789;0,5545;182;50;20;180;4;4;Partie Socialiste
13_13;684;703;19;0,6269;0,5522;287;147;27;198;20;5;Partie Socialiste
13_14;410;501;91;0,527;0,5213;135;43;18;204;5;5;La France Insoumise
13_15;453;558;105;0,5655;0,5023;127;79;16;223;4;4;La France Insoumise
13_16;630;779;149;0,596;0,5766;205;108;25;266;11;15;La France Insoumise
13_17;523;596;73;0,5534;0,5174;218;88;17;184;12;4;Partie Socialiste
13_18;465;598;133;0,5813;0,5962;142;68;27;216;3;9;La France Insoumise
13_19;482;592;110;0,5496;0,5038;125;72;27;248;6;4;La France Insoumise
13_20;417;537;120;0,5444;0,4744;119;40;18;232;5;3;La France Insoumise
13_21;295;427;132;0,4449;0,4207;91;47;8;140;6;3;La France Insoumise
13_22;378;503;125;0,5235;0,5295;95;32;12;225;8;6;La France Insoumise
13_23;521;634;113;0,627;0,6004;181;98;18;209;9;6;La France Insoumise
13_24;485;568;83;0,6266;0,5856;159;104;10;204;3;5;La France Insoumise
13_25;473;629;156;0,6248;0,6077;145;64;20;232;5;7;La France Insoumise
13_26;619;726;107;0,6075;0,5780;225;129;24;224;12;5;Partie Socialiste
13_27;683;799;116;0,6383;0,5945;307;118;26;219;8;5;Partie Socialiste
13_28;654;708;54;0,5913;0,5531;299;102;27;204;13;9;Partie Socialiste
13_29;335;428;93;0,5492;0,5343;130;39;17;138;3;8;La France Insoumise
13_30;632;719;87;0,6148;0,5761;242;124;24;218;11;13;Partie Socialiste
13_31;514;526;12;0,6054;0,5340;247;92;20;141;6;8;Partie Socialiste
13_32;584;715;131;0,6226;0,6111;222;93;25;220;10;14;Partie Socialiste
13_33;192;287;95;0,5714;0,6068;52;25;10;98;1;6;La France Insoumise
13_34;599;622;23;0,589;0,5078;265;108;12;186;18;10;Partie Socialiste
13_35;439;512;73;0,6055;0,5565;152;97;15;168;6;1;La France Insoumise
13_36;537;521;-16;0,5707;0,4847;228;130;8;155;13;3;Partie Socialiste
13_37;552;710;158;0,6154;0,5853;170;56;31;278;10;7;La France Insoumise
13_38;367;443;76;0,5126;0,4591;144;74;9;131;6;3;Partie Socialiste
13_39;585;728;143;0,6139;0,5792;196;85;13;270;11;10;La France Insoumise
13_40;672;652;-20;0,6257;0,5237;333;142;21;161;10;5;Partie Socialiste
13_41;651;768;117;0,6327;0,6042;236;109;20;263;20;3;La France Insoumise
13_42;457;596;139;0,6192;0,5948;114;56;17;256;8;6;La France Insoumise
13_43;669;786;117;0,647;0,6141;271;111;23;248;13;3;Partie Socialiste
13_44;481;598;117;0,6127;0,6034;149;74;17;230;5;6;La France Insoumise
13_45;483;595;112;0,6145;0,5754;137;63;25;249;4;5;La France Insoumise
13_46;337;444;107;0,4244;0,4237;118;50;18;143;7;1;La France Insoumise
13_47;765;782;17;0,6359;0,5598;342;147;29;228;14;5;Partie Socialiste
13_48;663;709;46;0,6225;0,5631;299;113;21;216;10;4;Partie Socialiste
13_49;751;766;15;0,6311;0,5612;317;177;19;218;10;10;Partie Socialiste
13_50;746;770;24;0,6382;0,5649;348;166;16;198;11;7;Partie Socialiste
13_51;669;692;23;0,62;0,5567;296;109;33;216;10;5;Partie Socialiste
13_52;544;554;10;0,5862;0,5163;286;84;14;151;6;3;Partie Socialiste
13_53;445;553;108;0,5809;0,5978;160;72;15;189;8;1;La France Insoumise
13_54;720;759;39;0,6344;0,5785;339;141;27;194;12;7;Partie Socialiste
13_55;422;494;72;0,5619;0,5375;162;76;20;149;9;6;Partie Socialiste
13_56;658;700;42;0,6059;0,5516;287;136;18;202;8;7;Partie Socialiste
13_57;664;685;21;0,6497;0,5855;307;134;20;191;7;5;Partie Socialiste
13_58;694;684;-10;0,6667;0,5625;306;158;25;189;10;6;Partie Socialiste
13_59;682;702;20;0,6139;0,5254;302;123;26;214;13;4;Partie Socialiste
13_60;624;607;-17;0,6387;0,5179;252;139;17;201;9;6;Partie Socialiste
13_61;675;670;-5;0,621;0,5322;298;154;17;188;7;11;Partie Socialiste
13_62;647;626;-21;0,5721;0,4976;334;148;13;133;7;12;Partie Socialiste
13_63;550;492;-58;0,5777;0,4695;288;121;12;123;3;3;Partie Socialiste
13_64;522;495;-27;0,6163;0,5000;264;91;15;138;11;3;Partie Socialiste
13_65;733;704;-29;0,6048;0,5061;343;172;24;179;12;3;Partie Socialiste
13_66;701;704;3;0,5951;0,5101;316;166;21;183;10;5;Partie Socialiste
13_67;632;618;-14;0,616;0,5296;281;132;20;183;8;8;Partie Socialiste
13_68;640;713;73;0,6605;0,6147;246;128;19;237;7;3;Partie Socialiste
13_69;566;607;41;0,6345;0,5543;247;111;15;184;4;5;Partie Socialiste
13_70;422;437;15;0,6029;0,5129;177;80;12;142;5;6;Partie Socialiste
13_71;455;565;110;0,6761;0,6406;119;61;14;251;5;5;La France Insoumise
13_72;524;589;65;0,6641;0,6066;182;90;17;224;6;5;La France Insoumise
14_01;506;521;15;0,5604;0,4842;248;129;11;110;3;5;Partie Socialiste
14_02;536;566;30;0,5549;0,5058;250;124;16;136;5;5;Partie Socialiste
14_03;577;564;-13;0,5613;0,4650;317;125;14;110;9;2;Partie Socialiste
14_04;538;597;59;0,5663;0,5042;265;130;13;122;4;4;Partie Socialiste
14_05;535;532;-3;0,5626;0,4890;272;121;18;110;13;1;Partie Socialiste
14_06;527;560;33;0,5455;0,4861;265;131;7;116;6;2;Partie Socialiste
14_07;544;573;29;0,5256;0,4872;279;110;17;133;4;1;Partie Socialiste
14_08;522;530;8;0,5199;0,4553;248;120;21;116;13;4;Partie Socialiste
14_09;593;625;32;0,5579;0,5073;313;134;21;117;7;1;Partie Socialiste
14_10;462;515;53;0,552;0,5135;182;85;24;152;11;8;Partie Socialiste
14_11;495;480;-15;0,5036;0,4344;235;106;9;129;14;2;Partie Socialiste
14_12;512;520;8;0,5059;0,4429;263;92;16;129;7;5;Partie Socialiste
14_13;536;561;25;0,5333;0,4774;261;130;15;120;6;4;Partie Socialiste
14_14;539;558;19;0,5042;0,4475;282;103;27;119;6;2;Partie Socialiste
14_15;586;669;83;0,5913;0,5622;237;117;12;203;9;8;Partie Socialiste
14_16;492;560;68;0,5479;0,5147;208;95;11;165;12;1;Partie Socialiste
14_17;531;587;56;0,5572;0,5136;273;117;17;108;9;7;Partie Socialiste
14_18;595;663;68;0,5998;0,5562;260;116;27;169;14;9;Partie Socialiste
14_19;652;742;90;0,6481;0,6062;275;141;19;203;6;8;Partie Socialiste
14_20;463;555;92;0,5883;0,5757;162;78;17;194;4;8;La France Insoumise
14_21;413;546;133;0,5689;0,5821;114;48;16;220;5;10;La France Insoumise
14_22;528;650;122;0,6014;0,5974;209;103;12;195;7;2;Partie Socialiste
14_23;592;652;60;0,616;0,5869;279;113;16;177;4;3;Partie Socialiste
14_24;620;658;38;0,5962;0,5474;290;157;17;144;9;3;Partie Socialiste
14_25;593;648;55;0,586;0,5405;304;143;14;121;8;3;Partie Socialiste
14_26;426;436;10;0,5053;0,4499;224;86;14;94;5;3;Partie Socialiste
14_27;301;314;13;0,4216;0,3694;144;74;3;73;6;1;Partie Socialiste
14_28;521;490;-31;0,5019;0,4125;277;110;21;104;8;1;Partie Socialiste
14_29;649;728;79;0,5949;0,5536;316;142;8;163;14;6;Partie Socialiste
14_30;417;400;-17;0,4728;0,3788;247;83;10;71;4;2;Partie Socialiste
14_31;506;483;-23;0,5015;0,4118;281;116;8;88;6;7;Partie Socialiste
14_32;462;483;21;0,5022;0,4493;252;86;12;105;4;3;Partie Socialiste
14_33;511;497;-14;0,5044;0,4266;280;110;10;103;7;1;Partie Socialiste
14_34;523;534;11;0,5546;0,4926;243;110;16;129;18;7;Partie Socialiste
14_35;518;540;22;0,5307;0,4671;243;109;14;140;7;5;Partie Socialiste
14_36;414;491;77;0,555;0,5413;178;63;14;149;5;5;Partie Socialiste
14_37;569;628;59;0,5568;0,5286;250;105;17;183;11;3;Partie Socialiste
14_38;461;516;55;0,5858;0,5392;212;96;13;125;7;8;Partie Socialiste
14_39;538;594;56;0,5729;0,5395;233;85;20;180;10;10;Partie Socialiste
14_40;586;603;17;0,5842;0,5225;268;124;17;166;9;2;Partie Socialiste
14_41;634;642;8;0,5758;0,4886;284;117;11;212;5;5;Partie Socialiste
14_42;417;447;30;0,6;0,5144;184;77;14;132;8;2;Partie Socialiste
14_43;546;538;-8;0,5652;0,4786;291;88;14;142;7;4;Partie Socialiste
14_44;441;545;104;0,5968;0,5937;138;52;14;228;5;4;La France Insoumise
14_45;362;520;158;0,6084;0,6476;101;52;8;199;1;1;La France Insoumise
14_46;532;525;-7;0,5588;0,4866;255;140;13;113;8;3;Partie Socialiste
14_47;465;486;21;0,563;0,4959;189;80;7;173;8;8;Partie Socialiste
14_48;482;561;79;0,5724;0,5384;192;79;6;196;7;2;La France Insoumise
14_49;588;629;41;0,5584;0,5020;275;94;16;190;9;4;Partie Socialiste
14_50;524;516;-8;0,5298;0,4444;259;104;8;134;14;5;Partie Socialiste
14_51;419;487;68;0,5231;0,4974;185;46;16;159;2;11;Partie Socialiste
14_52;392;535;143;0,5312;0,5377;122;52;10;192;4;12;La France Insoumise
14_53;384;455;71;0,5246;0,4995;108;53;15;197;6;5;La France Insoumise
14_54;476;517;41;0,5478;0,4914;202;76;13;170;2;13;Partie Socialiste
14_55;536;595;59;0,5398;0,4917;227;67;18;194;15;15;Partie Socialiste
14_56;316;448;132;0,4752;0,4961;114;36;15;139;6;6;La France Insoumise
14_57;321;491;170;0,5525;0,5783;80;17;13;202;2;7;La France Insoumise
14_58;445;508;63;0,5669;0,5416;153;86;11;190;4;1;La France Insoumise
15_01;298;286;-12;0,3911;0,3136;155;60;5;68;9;1;Partie Socialiste
15_02;320;317;-3;0,3699;0,2999;150;86;0;76;4;4;Partie Socialiste
15_03;362;375;13;0,4497;0,3842;186;67;11;91;4;3;Partie Socialiste
15_04;426;393;-33;0,4092;0,3154;214;92;10;100;9;1;Partie Socialiste
15_05;430;446;16;0,4296;0,3588;179;93;10;142;4;2;Partie Socialiste
15_06;429;420;-9;0,4055;0,3209;232;94;8;85;8;2;Partie Socialiste
15_07;388;371;-17;0,4;0,3226;204;73;4;95;9;3;Partie Socialiste
15_08;418;356;-62;0,4461;0,3333;243;84;7;78;5;1;Partie Socialiste
15_09;384;370;-14;0,3988;0,3165;206;76;9;82;8;3;Partie Socialiste
15_10;352;364;12;0,3847;0,3221;163;44;14;121;5;5;Partie Socialiste
15_11;348;323;-25;0,3644;0,2754;180;64;10;83;5;6;Partie Socialiste
15_12;434;370;-64;0,3827;0,2795;230;97;13;91;3;0;Partie Socialiste
15_13;432;420;-12;0,4239;0,3371;225;96;10;92;8;1;Partie Socialiste
15_14;386;395;9;0,3635;0,3115;172;70;4;132;7;1;Partie Socialiste
15_15;274;268;-6;0,3093;0,2615;129;52;6;82;3;2;Partie Socialiste
15_16;386;368;-18;0,345;0,2714;182;71;8;119;4;2;Partie Socialiste
15_17;308;319;11;0,3192;0,2734;144;63;8;85;7;1;Partie Socialiste
15_18;309;291;-18;0,3225;0,2605;147;57;7;87;10;1;Partie Socialiste
15_19;266;234;-32;0,338;0,2513;134;53;13;64;2;0;Partie Socialiste
15_20;264;238;-26;0,3052;0,2265;137;46;10;66;4;1;Partie Socialiste
15_21;270;219;-51;0,2854;0,1924;149;59;4;56;2;0;Partie Socialiste
15_22;340;304;-36;0,3644;0,2681;183;71;4;73;9;0;Partie Socialiste
15_23;326;260;-66;0,3215;0,2226;208;43;9;65;1;0;Partie Socialiste
15_24;320;258;-62;0,3048;0,2155;181;67;7;60;3;2;Partie Socialiste
15_25;399;362;-37;0,3705;0,2967;229;75;7;79;5;4;Partie Socialiste
15_26;411;404;-7;0,4326;0,3513;181;83;9;130;7;1;Partie Socialiste
15_27;411;468;57;0,4982;0,4588;164;76;12;146;11;2;Partie Socialiste
15_28;376;343;-33;0,3992;0,3054;188;79;8;82;13;6;Partie Socialiste
15_29;398;350;-48;0,3898;0,2991;222;86;8;70;9;3;Partie Socialiste
15_30;381;359;-22;0,3754;0,3122;203;91;8;72;3;4;Partie Socialiste
15_31;371;333;-38;0,3578;0,2757;210;72;6;74;8;1;Partie Socialiste
15_32;396;357;-39;0,3736;0,2872;201;96;14;74;8;3;Partie Socialiste
15_33;433;403;-30;0,4124;0,3274;225;93;9;91;13;2;Partie Socialiste
15_34;439;435;-4;0,4225;0,3571;227;78;11;115;5;3;Partie Socialiste
15_35;453;438;-15;0,458;0,3544;235;84;15;113;6;0;Partie Socialiste
15_36;448;453;5;0,4207;0,3534;225;73;7;131;9;3;Partie Socialiste
15_37;445;408;-37;0,4402;0,3344;242;78;7;108;5;5;Partie Socialiste
15_38;450;527;77;0,4929;0,4684;171;71;16;186;4;2;La France Insoumise
15_39;383;518;135;0,5305;0,5546;101;43;11;215;8;5;La France Insoumise
15_40;393;463;70;0,4634;0,4331;151;55;18;162;3;4;La France Insoumise
15_41;475;457;-18;0,4877;0,3913;260;82;15;109;5;4;Partie Socialiste
15_42;280;273;-7;0,4389;0,3730;146;46;6;80;1;1;Partie Socialiste
15_43;380;366;-14;0,4158;0,3499;207;77;8;84;3;1;Partie Socialiste
15_44;499;517;18;0,5071;0,4503;218;101;18;152;8;2;Partie Socialiste
15_45;516;534;18;0,5212;0,4522;225;98;10;164;17;2;Partie Socialiste
15_46;386;400;14;0,4168;0,3663;211;92;6;70;5;2;Partie Socialiste
15_47;515;578;63;0,5304;0,5048;208;127;20;149;6;5;Partie Socialiste
15_48;372;535;163;0,5203;0,5459;90;34;9;226;2;11;La France Insoumise
15_49;379;540;161;0,4961;0,5133;114;38;11;200;9;7;La France Insoumise
15_50;376;425;49;0,4724;0,4409;158;65;8;135;8;2;Partie Socialiste
15_51;454;501;47;0,4531;0,4107;216;86;12;128;7;5;Partie Socialiste
15_52;410;490;80;0,5037;0,4823;144;65;17;178;1;5;La France Insoumise
15_53;442;487;45;0,4955;0,4468;218;85;10;119;6;4;Partie Socialiste
15_54;434;452;18;0,4583;0,4036;191;94;9;131;8;1;Partie Socialiste
15_55;444;481;37;0,4601;0,4063;219;89;8;120;5;3;Partie Socialiste
15_56;487;522;35;0,4534;0,4006;220;108;13;130;11;5;Partie Socialiste
15_57;418;417;-1;0,4118;0,3492;215;88;8;92;12;3;Partie Socialiste
15_58;457;451;-6;0,4678;0,3861;227;98;6;118;6;2;Partie Socialiste
15_59;332;329;-3;0,3722;0,3207;181;56;8;82;2;3;Partie Socialiste
15_60;459;457;-2;0,4211;0,3618;228;96;16;103;14;2;Partie Socialiste
15_61;421;445;24;0,4385;0,3883;218;81;7;101;8;6;Partie Socialiste
15_62;435;421;-14;0,4303;0,3651;212;102;13;99;9;0;Partie Socialiste
15_63;377;335;-42;0,4147;0,3163;205;97;8;59;5;3;Partie Socialiste
15_64;348;334;-14;0,4104;0,3249;172;84;7;79;5;1;Partie Socialiste
15_65;352;378;26;0,4069;0,3631;178;63;9;94;4;4;Partie Socialiste
15_66;383;405;22;0,4101;0,3500;167;76;7;129;3;1;Partie Socialiste
15_67;427;470;43;0,4552;0,4126;212;76;13;120;6;0;Partie Socialiste
15_68;505;467;-38;0,4558;0,3643;236;115;11;121;17;5;Partie Socialiste
15_69;490;601;111;0,5046;0,4835;184;82;13;201;7;3;La France Insoumise
15_70;437;466;29;0,4392;0,4003;243;97;10;83;3;1;Partie Socialiste
15_71;428;450;22;0,4188;0,3586;207;89;15;105;8;4;Partie Socialiste
15_72;337;393;56;0,4012;0,3797;159;59;13;93;8;5;Partie Socialiste
15_73;318;310;-8;0,3808;0,3150;157;70;6;80;3;2;Partie Socialiste
15_74;370;395;25;0,385;0,3402;169;80;4;111;5;1;Partie Socialiste
15_75;338;338;0;0,3867;0,3256;146;56;10;120;5;1;Partie Socialiste
15_76;312;421;109;0,5581;0,5791;80;33;11;176;9;3;La France Insoumise
15_77;423;457;34;0,479;0,4336;206;60;12;139;5;1;Partie Socialiste
15_78;317;371;54;0,5154;0,4720;116;46;2;145;6;2;La France Insoumise
15_79;344;371;27;0,4485;0,3926;155;60;7;109;7;6;Partie Socialiste
15_80;431;480;49;0,4654;0,4305;170;69;11;165;11;5;Partie Socialiste
15_81;392;373;-19;0,4135;0,3397;200;66;10;109;5;2;Partie Socialiste
15_82;365;437;72;0,454;0,4284;154;39;11;146;6;9;Partie Socialiste
15_83;365;331;-34;0,3759;0,2873;188;61;9;98;9;0;Partie Socialiste
15_84;354;369;15;0,4179;0,3429;188;57;4;97;6;2;Partie Socialiste
15_85;526;561;35;0,4953;0,4253;227;96;9;178;6;10;Partie Socialiste
15_86;331;354;23;0,4117;0,3672;148;69;9;96;6;3;Partie Socialiste
15_87;385;399;14;0,4226;0,3677;173;79;8;112;6;7;Partie Socialiste
15_88;360;354;-6;0,3793;0,3201;185;61;7;100;5;2;Partie Socialiste
15_89;356;318;-38;0,3763;0,2896;188;82;12;63;6;5;Partie Socialiste
15_90;334;336;2;0,3774;0,3194;178;70;14;60;10;2;Partie Socialiste
15_91;359;350;-9;0,3604;0,3057;188;60;12;91;5;3;Partie Socialiste
15_92;387;411;24;0,4193;0,3713;177;78;9;110;8;5;Partie Socialiste
15_93;419;434;15;0,4535;0,3851;188;81;11;133;4;2;Partie Socialiste
15_94;392;446;54;0,4968;0,4407;146;53;10;164;14;5;La France Insoumise
15_95;328;379;51;0,4194;0,3891;154;44;10;106;9;5;Partie Socialiste
16_01;128;100;-28;0,1329;0,0867;67;38;0;21;2;0;Partie Socialiste
16_02;150;110;-40;0,1471;0,0922;79;23;3;45;0;0;Partie Socialiste
16_03;135;87;-48;0,159;0,0836;57;31;4;37;4;2;Partie Socialiste
16_04;138;82;-56;0,1329;0,0637;70;25;3;34;6;0;Partie Socialiste
16_05;120;90;-30;0,1813;0,1082;63;26;2;27;2;0;Partie Socialiste
16_06;136;86;-50;0,1563;0,0869;79;21;7;26;3;0;Partie Socialiste
16_07;140;110;-30;0,1589;0,1015;65;25;1;47;2;0;Partie Socialiste
16_08;127;79;-48;0,1539;0,0823;65;33;0;27;1;1;Partie Socialiste
16_09;139;98;-41;0,174;0,1046;78;25;2;33;1;0;Partie Socialiste
16_10;164;122;-42;0,182;0,1172;75;28;7;51;2;1;Partie Socialiste
16_11;149;85;-64;0,1776;0,0857;74;31;2;37;4;1;Partie Socialiste
16_12;168;106;-62;0,1922;0,1036;92;41;6;29;0;0;Partie Socialiste
16_13;206;144;-62;0,2203;0,1321;123;37;2;40;3;1;Partie Socialiste
16_14;158;96;-62;0,1997;0,1012;95;28;3;29;3;0;Partie Socialiste
16_15;172;97;-75;0,1797;0,0892;84;43;2;41;2;0;Partie Socialiste
16_16;199;120;-79;0,2182;0,1133;123;32;5;33;5;1;Partie Socialiste
16_17;130;90;-40;0,1416;0,0840;63;33;2;29;2;1;Partie Socialiste
16_18;163;92;-71;0,1719;0,0846;92;33;1;33;3;1;Partie Socialiste
16_19;170;127;-43;0,1984;0,1269;96;29;2;41;0;2;Partie Socialiste
16_20;171;103;-68;0,1759;0,0904;107;23;3;34;2;2;Partie Socialiste
16_21;254;216;-38;0,2579;0,1859;126;50;3;68;6;1;Partie Socialiste
16_22;210;155;-55;0,2023;0,1253;102;47;3;52;4;2;Partie Socialiste
16_23;178;118;-60;0,1839;0,1081;87;32;2;51;5;1;Partie Socialiste
16_24;209;172;-37;0,213;0,1436;97;40;6;62;3;1;Partie Socialiste
16_25;212;166;-46;0,2314;0,1547;123;24;9;51;3;2;Partie Socialiste
16_26;171;118;-53;0,1779;0,1009;82;37;4;44;2;2;Partie Socialiste
16_27;167;97;-70;0,1782;0,0902;97;33;1;33;3;0;Partie Socialiste
16_28;177;118;-59;0,2087;0,1200;92;42;2;39;2;0;Partie Socialiste
16_29;182;103;-79;0,2111;0,1037;112;35;4;26;4;1;Partie Socialiste
16_30;226;186;-40;0,2684;0,1813;113;37;4;70;2;0;Partie Socialiste
16_31;177;114;-63;0,2;0,1075;98;35;6;37;1;0;Partie Socialiste
16_32;269;228;-41;0,2927;0,2041;132;46;5;80;4;2;Partie Socialiste
16_33;241;190;-51;0,2482;0,1639;122;53;4;56;6;0;Partie Socialiste
16_34;185;114;-71;0,1949;0,1011;115;20;3;41;6;0;Partie Socialiste
16_35;142;89;-53;0,1804;0,0958;87;28;0;21;5;1;Partie Socialiste
16_36;264;213;-51;0,301;0,2060;115;46;6;89;3;5;Partie Socialiste
16_37;184;118;-66;0,2065;0,1117;115;35;3;28;3;0;Partie Socialiste
16_38;251;194;-57;0,2468;0,1611;148;53;7;41;2;0;Partie Socialiste
16_39;261;193;-68;0,2816;0,1766;133;45;5;72;5;1;Partie Socialiste
16_40;251;262;11;0,3438;0,2790;111;35;4;100;0;1;Partie Socialiste
16_41;304;236;-68;0,3319;0,2189;158;54;6;80;6;0;Partie Socialiste
16_42;165;133;-32;0,2367;0,1556;87;38;4;29;5;2;Partie Socialiste
16_43;226;192;-34;0,2787;0,1983;96;39;13;67;8;3;Partie Socialiste
16_44;237;299;62;0,3703;0,3673;85;18;9;120;2;3;La France Insoumise
16_45;225;239;14;0,2941;0,2567;95;33;6;82;8;1;Partie Socialiste
16_46;248;312;64;0,4168;0,3939;86;27;5;128;1;1;La France Insoumise
16_47;295;297;2;0,3387;0,2647;139;45;10;94;4;3;Partie Socialiste
16_48;216;162;-54;0,2477;0,1564;111;37;4;57;6;1;Partie Socialiste
16_49;254;223;-31;0,2488;0,1832;126;39;4;78;4;3;Partie Socialiste
16_50;269;169;-100;0,2543;0,1361;151;42;5;65;4;2;Partie Socialiste
16_51;197;198;1;0,1928;0,1531;74;52;4;66;1;0;Partie Socialiste
16_52;214;168;-46;0,225;0,1475;96;31;5;81;1;0;Partie Socialiste
16_53;146;128;-18;0,171;0,1246;64;34;2;41;5;0;Partie Socialiste
16_54;149;94;-55;0,1819;0,0956;82;23;2;40;2;0;Partie Socialiste
16_55;175;153;-22;0,1657;0,1252;77;38;3;55;2;0;Partie Socialiste
16_56;104;81;-23;0,1225;0,0771;54;19;0;29;1;1;Partie Socialiste
16_57;170;154;-16;0,1868;0,1414;70;22;3;66;5;4;Partie Socialiste
16_58;124;103;-21;0,1378;0,0930;55;18;4;44;3;0;Partie Socialiste
16_59;133;70;-63;0,138;0,0626;79;19;1;29;4;1;Partie Socialiste
16_60;130;104;-26;0,1448;0,0947;70;21;2;37;0;0;Partie Socialiste
16_61;146;136;-10;0,1726;0,1333;67;32;4;41;1;1;Partie Socialiste
16_62;185;146;-39;0,2134;0,1366;88;28;2;61;3;3;Partie Socialiste
16_63;171;131;-40;0,1908;0,1245;95;29;1;39;6;1;Partie Socialiste
16_64;146;128;-18;0,2116;0,1475;60;26;3;52;5;0;Partie Socialiste
16_65;166;128;-38;0,2156;0,1326;89;28;1;46;1;1;Partie Socialiste
16_66;152;117;-35;0,2153;0,1418;82;17;4;46;3;0;Partie Socialiste
16_67;134;93;-41;0,1803;0,1018;73;25;3;32;1;0;Partie Socialiste
16_68;162;160;-2;0,2149;0,1719;72;32;4;52;0;2;Partie Socialiste
17_01;413;412;-1;0,4389;0,3624;224;92;10;75;7;5;Partie Socialiste
17_02;417;392;-25;0,4469;0,3427;230;107;7;67;4;2;Partie Socialiste
17_03;503;470;-33;0,5148;0,4027;254;127;10;103;6;3;Partie Socialiste
17_04;507;545;38;0,5405;0,4584;271;97;12;120;7;0;Partie Socialiste
17_05;454;405;-49;0,4676;0,3426;249;100;7;88;6;4;Partie Socialiste
17_06;353;349;-4;0,3935;0,3176;190;90;3;66;4;0;Partie Socialiste
17_07;457;426;-31;0,4726;0,3760;253;99;8;89;7;1;Partie Socialiste
17_08;477;407;-70;0,4667;0,3304;267;129;7;71;2;1;Partie Socialiste
17_09;516;492;-24;0,4896;0,3736;282;115;10;101;3;5;Partie Socialiste
17_10;377;367;-10;0,4265;0,3286;212;76;9;72;7;1;Partie Socialiste
17_11;389;364;-25;0,4112;0,3165;200;99;3;80;6;1;Partie Socialiste
17_12;380;339;-41;0,4051;0,2892;219;78;6;74;1;2;Partie Socialiste
17_13;428;409;-19;0,4408;0,3361;222;89;9;96;8;4;Partie Socialiste
17_14;386;362;-24;0,3822;0,2972;193;85;8;93;5;2;Partie Socialiste
17_15;308;320;12;0,354;0,2985;138;45;7;114;1;3;Partie Socialiste
17_16;358;516;158;0,5107;0,5466;80;32;22;217;2;5;La France Insoumise
17_17;429;501;72;0,5309;0,4785;129;38;15;240;2;5;La France Insoumise
17_18;449;572;123;0,5564;0,5417;134;93;13;194;11;4;La France Insoumise
17_19;330;456;126;0,6445;0,6290;79;36;5;201;6;3;La France Insoumise
17_20;335;468;133;0,5556;0,5721;76;32;9;205;2;11;La France Insoumise
17_21;502;545;43;0,5529;0,4849;240;93;10;146;4;9;Partie Socialiste
17_22;404;445;41;0,5864;0,5407;188;80;11;120;2;3;Partie Socialiste
17_23;365;566;201;0,6326;0,6551;65;32;9;249;6;4;La France Insoumise
17_24;426;465;39;0,5908;0,5213;192;75;12;141;3;3;Partie Socialiste
17_25;406;477;71;0,6404;0,5911;115;60;6;213;7;5;La France Insoumise
17_26;561;614;53;0,6078;0,5257;257;122;7;163;9;3;Partie Socialiste
17_27;385;523;138;0,5695;0,5691;130;51;13;181;2;8;La France Insoumise
17_28;476;505;29;0,4995;0,4240;231;119;13;103;7;3;Partie Socialiste
17_29;615;637;22;0,6006;0,5145;305;127;13;160;7;3;Partie Socialiste
17_30;470;488;18;0,586;0,5000;218;107;11;119;12;3;Partie Socialiste
17_31;556;563;7;0,5804;0,4866;252;125;18;157;4;0;Partie Socialiste
17_32;460;445;-15;0,583;0,4597;229;99;11;115;1;5;Partie Socialiste
17_33;608;627;19;0,5829;0,4976;305;123;20;149;9;2;Partie Socialiste
17_34;565;556;-9;0,6036;0,4973;264;147;12;128;10;4;Partie Socialiste
17_35;523;541;18;0,5173;0,4314;265;132;8;108;5;5;Partie Socialiste
17_36;389;571;182;0,5336;0,5593;106;28;13;233;3;6;La France Insoumise
17_37;205;161;-44;0,2207;0,1452;122;44;1;36;1;1;Partie Socialiste
17_38;334;374;40;0,4134;0,3759;123;33;14;153;6;5;La France Insoumise
17_39;318;458;140;0,484;0,5066;85;13;15;196;3;6;La France Insoumise
17_40;270;274;4;0,2744;0,2416;117;34;10;97;7;5;Partie Socialiste
17_41;185;157;-28;0,1854;0,1293;94;46;5;36;3;1;Partie Socialiste
17_42;200;167;-33;0,2026;0,1418;123;32;3;38;3;1;Partie Socialiste
17_43;202;151;-51;0,2034;0,1285;117;46;2;34;3;0;Partie Socialiste
17_44;243;204;-39;0,2413;0,1669;138;54;5;44;2;0;Partie Socialiste
17_45;313;257;-56;0,309;0,1991;168;76;4;57;6;2;Partie Socialiste
17_46;361;324;-37;0,3557;0,2689;189;69;6;93;3;1;Partie Socialiste
17_47;220;178;-42;0,2207;0,1544;121;49;3;38;7;2;Partie Socialiste
17_48;236;173;-63;0,2532;0,1546;134;55;6;39;2;0;Partie Socialiste
17_49;242;194;-48;0,2523;0,1671;137;51;7;45;2;0;Partie Socialiste
17_50;219;159;-60;0,2082;0,1279;115;61;5;36;2;0;Partie Socialiste
17_51;209;189;-20;0,2059;0,1596;119;40;4;43;3;0;Partie Socialiste
17_52;250;224;-26;0,2483;0,1882;118;53;3;68;6;2;Partie Socialiste
17_53;229;185;-44;0,2183;0,1484;112;60;2;54;0;1;Partie Socialiste
17_54;253;214;-39;0,2414;0,1707;142;49;4;49;8;1;Partie Socialiste
17_55;271;230;-41;0,2601;0,1843;154;60;3;51;3;0;Partie Socialiste
17_56;310;259;-51;0,3308;0,2250;168;71;4;62;4;1;Partie Socialiste
17_57;327;376;49;0,4012;0,3650;119;41;7;157;2;1;La France Insoumise
17_58;290;332;42;0,3602;0,3388;118;42;4;118;3;5;La France Insoumise
17_59;225;235;10;0,2669;0,2271;103;38;2;74;4;4;Partie Socialiste
17_60;238;192;-46;0,282;0,1808;115;49;7;63;4;0;Partie Socialiste
17_61;240;185;-55;0,2467;0,1596;116;52;6;60;5;1;Partie Socialiste
17_62;267;230;-37;0,27;0,2039;143;52;9;60;3;0;Partie Socialiste
17_63;244;205;-39;0,2745;0,1925;128;40;5;65;5;1;Partie Socialiste
17_64;256;210;-46;0,2765;0,1902;127;62;1;61;4;1;Partie Socialiste
17_65;207;181;-26;0,224;0,1632;102;51;1;49;4;0;Partie Socialiste
17_66;325;282;-43;0,3075;0,2231;155;68;6;89;5;2;Partie Socialiste
17_67;229;206;-23;0,2325;0,1675;124;48;9;44;3;1;Partie Socialiste
17_68;596;623;27;0,5628;0,4906;227;94;12;251;9;3;La France Insoumise
17_69;320;390;70;0,5993;0,5424;106;47;11;149;3;4;La France Insoumise
18_01;604;605;1;0,612;0,5029;314;127;14;141;4;4;Partie Socialiste
18_02;643;591;-52;0,6379;0,4797;319;143;10;158;7;6;Partie Socialiste
18_03;512;474;-38;0,5209;0,4122;297;95;10;106;4;0;Partie Socialiste
18_04;758;752;-6;0,6391;0,5237;358;171;18;184;16;11;Partie Socialiste
18_05;499;483;-16;0,599;0,4745;246;122;17;104;5;5;Partie Socialiste
18_06;584;577;-7;0,654;0,5377;264;132;14;162;5;7;Partie Socialiste
18_07;633;641;8;0,6948;0,6036;257;131;17;214;8;6;Partie Socialiste
18_08;685;660;-25;0,7121;0,5919;266;171;15;215;13;5;Partie Socialiste
18_09;675;685;10;0,667;0,5515;289;162;15;200;5;4;Partie Socialiste
18_10;732;821;89;0,7349;0,6547;264;191;32;234;4;7;Partie Socialiste
18_11;677;723;46;0,6894;0,6081;261;154;16;234;8;4;Partie Socialiste
18_12;485;654;169;0,6545;0,6181;137;73;18;245;7;5;La France Insoumise
18_13;399;584;185;0,7241;0,7337;87;43;18;238;5;8;La France Insoumise
18_14;736;879;143;0,7419;0,6982;213;153;20;323;10;17;La France Insoumise
18_15;592;697;105;0,73;0,6741;204;123;20;234;4;7;La France Insoumise
18_16;640;772;132;0,7033;0,6466;209;114;18;287;8;4;La France Insoumise
18_17;832;933;101;0,7732;0,7106;313;160;29;315;9;6;La France Insoumise
18_18;925;983;58;0,7619;0,6633;372;218;13;302;7;13;Partie Socialiste
18_19;810;837;27;0,705;0,5903;362;186;16;232;8;6;Partie Socialiste
18_20;783;847;64;0,7177;0,6223;349;158;26;235;6;9;Partie Socialiste
18_21;708;734;26;0,6801;0,5770;321;160;18;195;10;4;Partie Socialiste
18_22;590;541;-49;0,6689;0,5047;281;116;13;172;4;4;Partie Socialiste
18_23;589;581;-8;0,6129;0,4957;268;137;15;150;12;7;Partie Socialiste
18_24;674;634;-40;0,6487;0,5012;355;115;17;173;8;6;Partie Socialiste
18_25;576;443;-133;0,5388;0,3649;335;131;12;93;2;3;Partie Socialiste
18_26;579;598;19;0,6498;0,5431;264;143;16;152;2;2;Partie Socialiste
18_27;571;575;4;0,6459;0,5242;261;120;14;165;8;3;Partie Socialiste
18_28;722;652;-70;0,615;0,4641;370;177;16;151;5;3;Partie Socialiste
18_29;607;573;-34;0,57;0,4512;320;132;7;140;5;3;Partie Socialiste
18_30;666;660;-6;0,6104;0,4874;313;161;14;163;10;5;Partie Socialiste
18_31;706;728;22;0,6139;0,5066;338;167;5;181;8;7;Partie Socialiste
18_32;653;660;7;0,5894;0,4882;288;131;19;200;7;8;Partie Socialiste
18_33;562;578;16;0,5723;0,4833;263;129;13;149;5;3;Partie Socialiste
18_34;580;567;-13;0,5882;0,4595;291;115;13;145;12;4;Partie Socialiste
18_35;571;484;-87;0,5517;0,3987;310;117;16;113;7;8;Partie Socialiste
18_36;644;601;-43;0,6592;0,5089;313;158;20;140;10;3;Partie Socialiste
18_37;594;581;-13;0,6111;0,4798;304;135;14;128;10;3;Partie Socialiste
18_38;632;722;90;0,6019;0,5550;283;166;7;165;6;5;Partie Socialiste
18_39;660;739;79;0,6268;0,5715;293;126;19;211;9;2;Partie Socialiste
18_40;591;619;28;0,5727;0,5158;286;125;15;153;5;7;Partie Socialiste
18_41;581;618;37;0,604;0,5508;232;107;22;201;10;9;Partie Socialiste
18_42;514;695;181;0,6097;0,6244;196;97;10;195;10;6;Partie Socialiste
18_43;524;666;142;0,5835;0,5663;203;64;15;227;10;5;La France Insoumise
18_44;261;434;173;0,5892;0,6430;50;16;12;177;2;4;La France Insoumise
18_45;501;674;173;0,6752;0,6747;153;78;19;242;3;6;La France Insoumise
18_46;528;594;66;0,6055;0,5604;246;90;16;170;4;2;Partie Socialiste
18_47;557;588;31;0,6592;0,5676;277;130;11;130;5;4;Partie Socialiste
18_48;593;710;117;0,7376;0,7121;235;145;14;183;9;7;Partie Socialiste
18_49;282;495;213;0,6589;0,7247;45;19;10;204;2;2;La France Insoumise
18_50;259;418;159;0,6379;0,6786;45;13;5;185;0;11;La France Insoumise
18_51;612;913;301;0,7365;0,7351;106;43;7;446;2;8;La France Insoumise
18_52;817;905;88;0,7441;0,6919;247;195;16;340;12;7;La France Insoumise
18_53;611;715;104;0,7618;0,7044;190;125;21;261;4;10;La France Insoumise
18_54;534;673;139;0,7469;0,7160;177;104;20;215;5;13;La France Insoumise
18_55;772;904;132;0,8178;0,7834;224;181;30;320;4;13;La France Insoumise
18_56;634;896;262;0,8244;0,7853;161;74;11;376;4;8;La France Insoumise
18_57;793;985;192;0,8067;0,7861;235;160;12;366;14;6;La France Insoumise
18_58;726;910;184;0,7934;0,7596;194;139;13;363;10;7;La France Insoumise
18_59;651;816;165;0,7677;0,7279;158;114;15;353;4;7;La France Insoumise
18_60;820;890;70;0,7614;0,7063;267;158;20;354;7;14;La France Insoumise
18_61;753;855;102;0,739;0,6764;225;183;19;312;7;7;La France Insoumise
18_62;663;777;114;0,7492;0,7038;176;117;25;331;8;6;La France Insoumise
18_63;632;788;156;0,703;0,6667;142;103;23;357;3;4;La France Insoumise
18_64;588;754;166;0,7529;0,7181;110;69;15;389;4;1;La France Insoumise
18_65;329;556;227;0,5742;0,6157;61;21;7;236;2;2;La France Insoumise
18_66;625;636;11;0,6457;0,5441;313;124;13;164;5;6;Partie Socialiste
18_67;613;708;95;0,6656;0,6407;265;123;13;195;11;6;Partie Socialiste
18_68;592;719;127;0,7968;0,7329;190;116;14;259;9;4;La France Insoumise
19_01;591;641;50;0,6459;0,5941;233;131;9;210;4;4;Partie Socialiste
19_02;656;737;81;0,7241;0,6670;234;157;15;243;4;3;La France Insoumise
19_03;389;434;45;0,6184;0,5756;130;76;20;154;5;4;La France Insoumise
19_04;552;584;32;0,6891;0,6200;184;122;21;209;9;7;La France Insoumise
19_05;528;531;3;0,609;0,5242;243;114;0;162;2;7;Partie Socialiste
19_06;526;580;54;0,6277;0,5714;217;113;7;181;5;3;Partie Socialiste
19_07;468;476;8;0,5552;0,4818;182;107;23;145;9;2;Partie Socialiste
19_08;420;558;138;0,6563;0,6414;132;79;16;186;2;5;La France Insoumise
19_09;674;802;128;0,6582;0,6515;219;149;18;272;7;9;La France Insoumise
19_10;771;788;17;0,706;0,6284;299;204;13;238;6;11;Partie Socialiste
19_11;763;804;41;0,7315;0,6628;326;173;21;231;6;6;Partie Socialiste
19_12;846;913;67;0,7547;0,6911;329;209;22;272;8;6;Partie Socialiste
19_13;806;820;14;0,7126;0,6337;328;212;24;233;8;1;Partie Socialiste
19_14;756;834;78;0,756;0,6870;258;178;17;297;2;4;La France Insoumise
19_15;702;756;54;0,7193;0,6478;303;164;17;202;8;8;Partie Socialiste
19_16;807;812;5;0,6793;0,6019;322;183;32;248;14;8;Partie Socialiste
19_17;576;630;54;0,6134;0,5560;225;129;15;195;2;10;Partie Socialiste
19_18;251;330;79;0,709;0,6707;62;24;9;152;2;2;La France Insoumise
19_19;336;504;168;0,6802;0,6839;57;19;11;238;7;4;La France Insoumise
19_20;394;572;178;0,6355;0,6515;90;32;23;238;4;7;La France Insoumise
19_21;731;866;135;0,6909;0,6591;233;167;17;307;5;2;La France Insoumise
19_22;434;608;174;0,6556;0,6609;76;35;13;297;9;4;La France Insoumise
19_23;505;649;144;0,6273;0,6146;160;89;16;224;8;8;La France Insoumise
19_24;461;569;108;0,5588;0,5482;146;68;17;224;2;4;La France Insoumise
19_25;613;651;38;0,6186;0,5550;282;129;7;177;10;8;Partie Socialiste
19_26;555;593;38;0,6328;0,5825;223;123;14;182;8;5;Partie Socialiste
19_27;760;913;153;0,6847;0,6758;234;141;24;349;8;4;La France Insoumise
19_28;800;783;-17;0,7333;0,6151;289;147;19;261;78;6;Partie Socialiste
19_29;571;702;131;0,6423;0,6285;175;120;14;241;9;12;La France Insoumise
19_30;742;725;-17;0,6789;0,5875;301;174;18;240;6;3;Partie Socialiste
19_31;728;766;38;0,7459;0,6737;280;167;20;240;11;10;Partie Socialiste
19_32;825;842;17;0,7493;0,6720;350;207;21;233;6;8;Partie Socialiste
19_33;483;592;109;0,6457;0,6192;142;59;20;249;5;8;La France Insoumise
19_34;490;571;81;0,6499;0,5998;194;98;14;173;5;6;Partie Socialiste
19_35;360;517;157;0,678;0,6921;81;63;7;202;4;3;La France Insoumise
19_36;480;570;90;0,621;0,6077;139;88;12;231;4;6;La France Insoumise
19_37;423;550;127;0,6361;0,6118;132;61;13;208;3;6;La France Insoumise
19_38;565;680;115;0,7272;0,6953;152;103;17;285;4;4;La France Insoumise
19_39;569;655;86;0,6798;0,6280;200;102;21;233;4;9;La France Insoumise
19_40;477;623;146;0,6472;0,6530;149;81;7;226;6;8;La France Insoumise
19_41;471;607;136;0,6197;0,6264;128;49;10;280;1;3;La France Insoumise
19_42;344;491;147;0,6992;0,6867;64;32;8;235;1;4;La France Insoumise
19_43;358;506;148;0,6359;0,6389;62;30;8;244;6;8;La France Insoumise
19_44;354;509;155;0,5455;0,5624;83;54;12;193;5;7;La France Insoumise
19_45;581;721;140;0,72;0,6719;155;91;13;304;7;11;La France Insoumise
19_46;692;819;127;0,6251;0,5833;225;142;18;294;8;5;La France Insoumise
19_47;631;722;91;0,6168;0,5735;248;106;11;254;7;5;La France Insoumise
19_48;783;916;133;0,7325;0,6716;244;174;12;332;15;6;La France Insoumise
19_49;595;747;152;0,6816;0,6700;135;111;15;315;10;9;La France Insoumise
19_50;579;741;162;0,773;0,7577;104;98;13;339;14;11;La France Insoumise
19_51;456;572;116;0,5831;0,5789;127;67;12;235;9;6;La France Insoumise
19_52;545;673;128;0,6606;0,6157;166;72;13;279;6;9;La France Insoumise
19_53;418;517;99;0,5879;0,5663;115;63;14;212;7;7;La France Insoumise
19_54;614;688;74;0,6907;0,6014;196;143;16;246;7;6;La France Insoumise
19_55;439;621;182;0,6602;0,6649;94;37;9;291;2;6;La France Insoumise
19_56;420;560;140;0,6452;0,6271;93;71;12;233;5;6;La France Insoumise
19_57;290;516;226;0,617;0,6736;50;29;4;203;1;3;La France Insoumise
19_58;740;802;62;0,7327;0,6683;254;192;14;257;14;9;La France Insoumise
19_59;612;685;73;0,674;0,5957;225;156;25;193;4;9;Partie Socialiste
19_60;663;732;69;0,7068;0,6466;265;114;21;253;5;5;Partie Socialiste
19_61;655;746;91;0,7246;0,6643;198;136;18;292;6;5;La France Insoumise
19_62;604;716;112;0,704;0,6623;203;109;11;270;7;4;La France Insoumise
19_63;491;529;38;0,6054;0,5290;179;116;21;161;5;9;Partie Socialiste
19_64;619;672;53;0,6855;0,6104;184;120;9;292;5;9;La France Insoumise
19_65;559;616;57;0,615;0,5595;215;112;13;210;6;3;Partie Socialiste
19_66;583;639;56;0,6414;0,5762;216;148;11;201;4;3;Partie Socialiste
19_67;686;893;207;0,7958;0,7594;135;121;8;410;7;5;La France Insoumise
19_68;539;652;113;0,6471;0,6026;158;78;22;266;9;6;La France Insoumise
19_69;579;708;129;0,7481;0,6996;148;112;9;298;7;5;La France Insoumise
19_70;493;588;95;0,7013;0,6689;129;72;8;271;8;5;La France Insoumise
19_71;293;553;260;0,6736;0,7054;36;17;3;234;1;2;La France Insoumise
20_01;607;654;47;0,6836;0,6258;283;128;16;169;6;5;Partie Socialiste
20_02;478;501;23;0,6382;0,5548;226;90;16;142;2;2;Partie Socialiste
20_03;605;680;75;0,6946;0,6551;248;146;0;198;5;8;Partie Socialiste
20_04;637;705;68;0,6939;0,6614;254;135;20;211;7;10;Partie Socialiste
20_05;664;708;44;0,7109;0,6338;283;162;31;179;5;4;Partie Socialiste
20_06;586;664;78;0,6682;0,6288;210;114;22;224;7;9;La France Insoumise
20_07;530;563;33;0,6992;0,6221;249;105;19;146;7;4;Partie Socialiste
20_08;721;744;23;0,7786;0,6908;289;163;8;219;13;29;Partie Socialiste
20_09;629;768;139;0,7059;0,6975;181;133;23;274;5;13;La France Insoumise
20_10;502;641;139;0,6849;0,7138;115;64;16;296;5;6;La France Insoumise
20_11;695;847;152;0,7818;0,7596;162;123;24;380;5;1;La France Insoumise
20_12;693;724;31;0,7795;0,7147;306;160;23;193;6;5;Partie Socialiste
20_13;824;881;57;0,8063;0,7435;320;197;30;261;7;9;Partie Socialiste
20_14;799;878;79;0,7595;0,7353;343;165;28;245;6;12;Partie Socialiste
20_15;660;697;37;0,7127;0,6526;240;145;34;221;13;7;Partie Socialiste
20_16;668;766;98;0,6417;0,6138;275;151;12;219;5;6;Partie Socialiste
20_17;556;701;145;0,6627;0,6491;204;68;27;242;10;5;La France Insoumise
20_18;442;555;113;0,6397;0,6343;114;55;22;239;8;4;La France Insoumise
20_19;574;643;69;0,626;0,5943;225;118;22;193;8;8;Partie Socialiste
20_20;638;775;137;0,7201;0,7065;178;129;16;301;2;12;La France Insoumise
20_21;443;592;149;0,5891;0,5980;147;52;11;225;3;5;La France Insoumise
20_22;591;675;84;0,6552;0,6164;227;109;11;235;6;3;La France Insoumise
20_23;562;635;73;0,5586;0,5305;232;113;18;186;5;8;Partie Socialiste
20_24;603;620;17;0,6262;0,5526;274;135;24;159;9;2;Partie Socialiste
20_25;759;822;63;0,7522;0,7008;306;168;27;240;10;8;Partie Socialiste
20_26;553;659;106;0,7163;0,6893;191;90;18;234;8;12;La France Insoumise
20_27;550;600;50;0,6315;0,5970;238;99;16;179;15;3;Partie Socialiste
20_28;511;563;52;0,6157;0,5698;201;80;21;199;2;8;Partie Socialiste
20_29;591;655;64;0,6215;0,5796;230;99;14;234;7;7;La France Insoumise
20_30;483;803;320;0,701;0,7533;90;27;14;339;4;9;La France Insoumise
20_31;549;699;150;0,6906;0,6695;175;104;8;247;8;7;La France Insoumise
20_32;524;646;122;0,6437;0,6218;190;92;12;221;4;5;La France Insoumise
20_33;285;461;176;0,6223;0,6475;56;20;10;191;4;4;La France Insoumise
20_34;434;622;188;0,6191;0,6681;102;48;8;264;6;6;La France Insoumise
20_35;331;498;167;0,6029;0,6312;72;22;23;205;1;8;La France Insoumise
20_36;397;562;165;0,665;0,6854;84;40;10;250;11;2;La France Insoumise
20_37;566;712;146;0,7155;0,6913;151;81;15;304;5;10;La France Insoumise
20_38;558;713;155;0,7099;0,7290;160;99;13;271;8;7;La France Insoumise
20_39;377;558;181;0,615;0,6675;58;44;17;249;5;4;La France Insoumise
20_40;490;634;144;0,6226;0,6463;141;87;21;225;6;10;La France Insoumise
20_41;479;642;163;0,6644;0,6737;153;48;18;253;5;2;La France Insoumise
20_42;641;735;94;0,7036;0,6718;217;135;18;256;9;6;La France Insoumise
20_43;888;966;78;0,7406;0,6817;324;196;21;323;12;12;Partie Socialiste
20_44;886;1013;127;0,7477;0,7025;295;184;22;369;9;7;La France Insoumise
20_45;790;925;135;0,6906;0,6787;295;162;23;301;3;6;La France Insoumise
20_46;722;803;81;0,7085;0,6636;273;148;16;272;7;6;Partie Socialiste
20_47;682;815;133;0,7149;0,7002;241;137;17;274;7;6;La France Insoumise
20_48;863;916;53;0,7216;0,6548;362;217;20;254;5;5;Partie Socialiste
20_49;895;982;87;0,733;0,6819;347;221;12;300;8;7;Partie Socialiste
20_50;743;763;20;0,6622;0,5856;318;207;14;189;5;10;Partie Socialiste
20_51;709;740;31;0,6065;0,5498;298;148;22;225;13;3;Partie Socialiste
20_52;533;593;60;0,6484;0,6008;194;96;15;213;8;7;La France Insoumise
20_53;618;668;50;0,6261;0,5839;217;142;28;216;9;6;Partie Socialiste
20_54;510;721;211;0,6929;0,7132;76;62;19;340;5;8;La France Insoumise
20_55;376;516;140;0,6405;0,6136;93;34;9;220;10;10;La France Insoumise
20_56;380;484;104;0,5956;0,5824;107;54;10;199;6;4;La France Insoumise
20_57;521;561;40;0,6202;0,5772;200;101;9;199;4;8;Partie Socialiste
20_58;814;850;36;0,742;0,6672;343;179;15;259;10;8;Partie Socialiste
20_59;819;888;69;0,7024;0,6578;301;194;30;272;9;13;Partie Socialiste
20_60;604;630;26;0,6802;0,6052;256;135;21;182;8;2;Partie Socialiste
20_61;644;712;68;0,7236;0,6723;248;121;17;250;3;5;La France Insoumise
20_62;575;691;116;0,7143;0,6855;158;91;16;293;5;12;La France Insoumise
20_63;499;675;176;0,7404;0,7369;106;58;16;308;3;8;La France Insoumise
20_64;534;605;71;0,7305;0,6798;234;93;7;185;9;6;Partie Socialiste
20_65;582;610;28;0,6775;0,6174;246;141;19;165;10;1;Partie Socialiste
20_66;513;543;30;0,6932;0,6007;223;112;15;158;2;3;Partie Socialiste
20_67;623;689;66;0,7417;0,6856;204;135;23;252;4;5;La France Insoumise
20_68;703;857;154;0,7864;0,7728;218;135;17;314;9;10;La France Insoumise
20_69;707;851;144;0,7829;0,7413;222;165;24;284;7;5;La France Insoumise
20_70;811;886;75;0,7565;0,7139;302;159;29;308;7;6;La France Insoumise
20_71;848;958;110;0,7955;0,7508;253;210;30;329;11;15;La France Insoumise
20_72;745;916;171;0,7712;0,7577;196;133;21;378;7;10;La France Insoumise
20_73;859;935;76;0,791;0,7254;307;195;18;323;5;11;La France Insoumise
20_74;916;993;77;0,8092;0,7523;317;197;28;364;7;3;La France Insoumise
20_75;686;898;212;0,7804;0,7636;142;117;21;386;7;13;La France Insoumise
20_76;892;1094;202;0,7979;0,7737;245;193;23;417;7;7;La France Insoumise
